track_id,artists,album_name,track_name,popularity,duration_ms,explicit,danceability,energy,key,loudness,mode,speechiness,acousticness,instrumentalness,liveness,valence,tempo,time_signature,track_genre,customer_id,session_date,region_code
5SuOikwiRyPMVoIQDJUgSV,Gen Hoshino,Comedy,Comedy,73,230666,False,0.676,0.461,1,-6.746,0,0.143,0.0322,1.01e-06,0.358,0.715,87.917,4,acoustic,381418,2020-01-01 00:00,EU
4qPNDBW1i3p13qLCt0Ki3A,Ben Woodward,Ghost (Acoustic),Ghost - Acoustic,55,149610,False,0.42,0.166,1,-17.235,1,0.0763,0.924,5.56e-06,0.101,0.267,77.489,4,acoustic,788322,2020-01-01 00:01,EU
1iJBSr7s7jYXzM8EGcbK5b,Ingrid Michaelson;ZAYN,To Begin Again,To Begin Again,57,210826,False,0.438,0.359,0,-9.734,1,0.0557,0.21,0.0,0.117,0.12,76.332,4,acoustic,371463,2020-01-01 00:02,APAC
6lfxq3CG4xtTiEg7opyCyx,Kina Grannis,Crazy Rich Asians (Original Motion Picture Soundtrack),Can't Help Falling In Love,71,201933,False,0.266,0.0596,0,-18.515,1,0.0363,0.905,7.07e-05,0.132,0.143,181.74,3,acoustic,889038,2020-01-01 00:03,US
5vjLSffimiIP26QG5WcN2K,Chord Overstreet,Hold On,Hold On,82,198853,False,0.618,0.443,2,-9.681,1,0.0526,0.469,0.0,0.0829,0.167,119.949,4,acoustic,795405,2020-01-01 00:04,LATAM
01MVOl9KtVTNfFiBU9I7dc,Tyrone Wells,Days I Will Remember,Days I Will Remember,58,214240,False,0.688,0.481,6,-8.807,1,0.105,0.289,0.0,0.189,0.666,98.017,4,acoustic,911476,2020-01-01 00:05,LATAM
6Vc5wAMmXdKIAM7WUoEb7N,A Great Big World;Christina Aguilera,Is There Anybody Out There?,Say Something,74,229400,False,0.407,0.147,2,-8.822,1,0.0355,0.857,2.89e-06,0.0913,0.0765,141.284,3,acoustic,194702,2020-01-01 00:06,APAC
1EzrEOXmMH3G43AXT1y7pA,Jason Mraz,We Sing. We Dance. We Steal Things.,I'm Yours,80,242946,False,0.703,0.444,11,-9.331,1,0.0417,0.559,0.0,0.0973,0.712,150.96,4,acoustic,986110,2020-01-01 00:07,US
0IktbUcnAGrvD03AWnz3Q8,Jason Mraz;Colbie Caillat,We Sing. We Dance. We Steal Things.,Lucky,74,189613,False,0.625,0.414,0,-8.7,1,0.0369,0.294,0.0,0.151,0.669,130.088,4,acoustic,652565,2020-01-01 00:08,EU
7k9GuJYLp2AzqokyEdwEw2,Ross Copperman,Hunger,Hunger,56,205594,False,0.442,0.632,1,-6.77,1,0.0295,0.426,0.00419,0.0735,0.196,78.899,4,acoustic,984129,2020-01-01 00:09,US
4mzP5mHkRvGxdhdGdAH7EJ,Zack Tabudlo,Episode,Give Me Your Forever,74,244800,False,0.627,0.363,8,-8.127,1,0.0291,0.279,0.0,0.0928,0.301,99.905,4,acoustic,419357,2020-01-01 00:10,US
5ivF4eQBqJiVL5IAE9jRyl,Jason Mraz,Love Is a Four Letter Word,I Won't Give Up,69,240165,False,0.483,0.303,4,-10.058,1,0.0429,0.694,0.0,0.115,0.139,133.406,3,acoustic,957698,2020-01-01 00:11,APAC
4ptDJbJl35d7gQfeNteBwp,Dan Berk,Solo,Solo,52,198712,False,0.489,0.314,7,-9.245,0,0.0331,0.749,0.0,0.113,0.607,124.234,4,acoustic,629744,2020-01-01 00:12,APAC
0X9MxHR1rTkEHDjp95F2OO,Anna Hamilton,Bad Liar,Bad Liar,62,248448,False,0.691,0.234,3,-6.441,1,0.0285,0.777,0.0,0.12,0.209,87.103,4,acoustic,164639,2020-01-01 00:13,EU
4LbWtBkN82ZRhz9jqzgrb3,Chord Overstreet;Deepend,Hold On (Remix),Hold On - Remix,56,188133,False,0.755,0.78,2,-6.084,1,0.0327,0.124,2.83e-05,0.121,0.387,120.004,4,acoustic,469111,2020-01-01 00:14,APAC
1KHdq8NK9QxnGjdXb55NiG,Landon Pigg,The Boy Who Never,Falling in Love at a Coffee Shop,58,244986,False,0.489,0.561,4,-7.933,1,0.0274,0.2,4.56e-05,0.179,0.238,83.457,3,acoustic,224014,2020-01-01 00:15,EU
6xKeQgzfjixSUld14qUezm,Andrew Foy;Renee Foy,ily (i love you baby),ily (i love you baby),56,129750,False,0.706,0.112,2,-18.098,1,0.0391,0.827,4.03e-06,0.125,0.414,110.154,4,acoustic,947150,2020-01-01 00:16,APAC
4Yo0igmcoNyat1secaH0OD,Andrew Foy;Renee Foy,At My Worst,At My Worst,54,169728,False,0.795,0.0841,10,-18.09,0,0.0461,0.742,1.17e-05,0.0853,0.609,91.803,4,acoustic,374019,2020-01-01 00:17,US
2qLMf6TuEC3ruGJg4SMMN6,Jason Mraz;Colbie Caillat,We Sing. We Dance. We Steal Things.,Lucky,68,189613,False,0.625,0.414,0,-8.7,1,0.0369,0.294,0.0,0.151,0.669,130.088,4,acoustic,300124,2020-01-01 00:18,US
3S0OXQeoh0w6AY8WQVckRW,Jason Mraz,We Sing. We Dance. We Steal Things.,I'm Yours,75,242946,False,0.703,0.444,11,-9.331,1,0.0417,0.559,0.0,0.0973,0.712,150.96,4,acoustic,597607,2020-01-01 00:19,LATAM
5TvE3pk05pyFIGdSY9j4DJ,A Great Big World;Christina Aguilera,Is There Anybody Out There? - Track by Track Commentary,Say Something,70,229400,False,0.407,0.147,2,-8.822,1,0.0355,0.857,2.89e-06,0.0913,0.0765,141.284,3,acoustic,482644,2020-01-01 00:20,US
0BUuuEvNa5T4lMaewyiudB,Jason Mraz,Coffee Moment,93 Million Miles,0,216386,False,0.572,0.454,3,-10.286,1,0.0258,0.477,1.37e-05,0.0974,0.515,140.182,4,acoustic,187280,2020-01-01 00:21,APAC
3Hn3LfhrQOaKihdCibJsTs,Jason Mraz,Human - Best Adult Pop Tunes,Unlonely,0,231266,False,0.796,0.667,5,-4.831,0,0.0392,0.381,0.0,0.221,0.754,97.988,4,acoustic,834843,2020-01-01 00:22,MENA
6D33wCKzWtNEgOovgeVJ7r,Jason Mraz,Mellow Adult Pop,Bella Luna,1,302346,False,0.755,0.454,9,-9.609,0,0.0352,0.757,0.0,0.236,,120.06,4,acoustic,861216,2020-01-01 00:23,MENA
5IfCZDRXZrqZSm8AwE44PG,Jason Mraz,Holly Jolly Christmas,Winter Wonderland,0,131760,False,0.62,,5,25.07,1,0.0495,0.788,0.0,0.146,0.664,318.466,4,acoustic,768665,2020-01-01 00:24,LATAM
0dzKBptH2P5j5a0MifBMwM,Jason Mraz,Feeling Good - Adult Pop Favorites,If It Kills Me,0,273653,False,0.633,0.429,4,-6.784,0,0.0381,0.0444,0.0,0.132,0.52,143.793,4,acoustic,655079,2020-01-01 00:25,LATAM
5QAMZTM5cmLg3fHX9ZbTZi,Jason Mraz,Christmas Time,Winter Wonderland,0,131760,False,0.62,0.309,5,-9.209,1,0.0495,0.788,0.0,0.146,0.664,145.363,4,acoustic,462301,2020-01-01 00:26,LATAM
2qESE1ZeWly7I3YjyTXmXh,Jason Mraz,Perfect Christmas Hits,Winter Wonderland,0,131760,False,0.62,0.309,5,-9.209,1,0.0495,0.788,0.0,0.146,0.664,145.363,4,acoustic,588127,2020-01-01 00:27,APAC
3EQV1ZHtHvq9OnVRYIdbg3,Jason Mraz,Merry Christmas,Winter Wonderland,0,131760,False,0.62,0.309,5,-9.209,1,0.0495,0.788,0.0,0.146,0.664,145.363,4,acoustic,568896,2020-01-01 00:28,LATAM
3ax0rfGb7exLtl02LL08U9,Jason Mraz,Christmas Music - Holiday Hits,Winter Wonderland,0,131760,False,0.62,0.309,5,-9.209,1,0.0495,0.788,0.0,0.146,0.664,145.363,4,acoustic,248780,2020-01-01 00:29,LATAM
1m5LC29RE52Bxy7hxvpOlL,Chord Overstreet,Christmas Country Songs 2022,All I Want For Christmas Is A Real Good Tan,0,234186,False,0.593,0.455,6,-8.192,1,0.0388,0.366,0.0,0.0914,0.564,202.019,4,acoustic,173631,2020-01-01 00:30,LATAM
3H36x7buZdQD4687VmFrwY,Brandi Carlile;Sam Smith,Human - Best Adult Pop Tunes,Party of One,0,259558,False,0.296,0.206,0,-11.799,1,0.0412,0.782,0.000225,0.0959,0.202,165.4,4,acoustic,327929,2020-01-01 00:31,US
0xbMRcMFqxJq1Wa7tvWPtn,Brandi Carlile;Sam Smith,Feeling Good - Adult Pop Favorites,Party of One,0,259558,False,0.296,0.206,0,-11.799,1,0.0412,0.782,0.000225,0.0959,0.202,165.4,4,acoustic,508899,2020-01-01 00:32,LATAM
6h061f44HZPj1OXO2nA45d,Brandi Carlile;Sam Smith,Mellow Bars R'n'B,Party of One,0,259558,False,0.296,0.206,0,-11.799,1,0.0412,0.782,0.000225,0.0959,0.202,165.4,4,acoustic,244280,2020-01-01 00:33,APAC
62EwQLDw0dprDzuLwQ0sH1,KT Tunstall,Chill Christmas Dinner,Lonely This Christmas,0,257493,False,0.409,0.153,6,-10.74,0,0.0306,0.939,2.56e-05,0.108,0.18,85.262,4,acoustic,196000,2020-01-01 00:34,LATAM
3lvo0I8c2qBJDLZWqExDgC,Brandi Carlile,rainy day indie,Throwing Good After Bad,0,247791,False,0.501,0.0952,2,-12.931,1,0.054,0.963,1.58e-05,0.0915,0.316,138.016,4,acoustic,866738,2020-01-01 00:35,MENA
1ae8XfBQ3fDEvmBjFaemGV,Brandi Carlile,Coffee Moment,This Time Tomorrow,0,206267,False,,0.326,10,-10.031,1,0.0294,0.841,0.0,0.139,,91.626,4,acoustic,437496,2020-01-01 00:36,MENA
0adVktNVJXPZfhQe6B1NO5,KT Tunstall,sadsadchristmas,Lonely This Christmas,0,257493,False,0.409,0.153,6,-10.74,0,0.0306,0.939,2.56e-05,0.108,0.18,85.262,4,acoustic,625804,2020-01-01 00:37,LATAM
6sp6Vx3sv2l5qxPfbQkcyt,Eddie Vedder,Mega Hits Autumn/Fall 2022,The Haves,0,306794,False,0.474,0.519,7,-5.291,1,0.0253,0.281,0.0,0.107,0.326,151.832,4,acoustic,571624,2020-01-01 00:38,MENA
1WFVfVjCtbmdIv7j3Fa9iy,Brandi Carlile,Mellow Adult Pop,When You're Wrong,0,266960,False,0.568,,10,-10.163,0,0.0373,0.796,3.37e-06,0.118,0.142,88.029,4,acoustic,761615,2020-01-01 00:39,EU
0e5PAxSyZ5DWWVqKANHETz,Brandi Carlile;Lucius,Country Car Hits,You and Me on the Rock,0,230098,False,0.568,0.686,1,-6.635,1,0.033,0.15,1.81e-06,0.0881,0.725,172.075,4,acoustic,765830,2020-01-01 00:40,MENA
1MLr9b1fOybO3MGiLy47Ys,Brandi Carlile;Lucius,Country Road Songs,You and Me on the Rock,0,230098,False,0.568,0.686,1,-6.635,1,0.033,0.15,1.81e-06,0.0881,0.725,172.075,4,acoustic,366429,2020-01-01 00:41,US
7Af2YlwMZryKOQiRfwMsD2,Brandi Carlile;Lucius,Easy Country,You and Me on the Rock,0,230098,False,0.568,0.686,1,-6.635,1,0.033,0.15,1.81e-06,0.0881,,172.075,4,acoustic,863115,2020-01-01 00:42,LATAM
3RE5nHIVkC4KcA7snFaTKd,Brandi Carlile;Lucius,Cozy Country,You and Me on the Rock,0,230098,False,0.568,0.686,1,-6.635,1,0.033,0.15,1.81e-06,0.0881,0.725,172.075,4,acoustic,434127,2020-01-01 00:43,US
0JvkNRyq8Tmot9khpdtN0I,Brandi Carlile;Lucius,Good Times Country,You and Me on the Rock,0,230098,False,0.568,0.686,1,-6.635,1,0.033,0.15,1.81e-06,0.0881,0.725,172.075,4,acoustic,851684,2020-01-01 00:44,LATAM
27gHtbsHClwimHFtKgFop4,Brandi Carlile;Lucius,Laidback Country,You and Me on the Rock,0,230098,False,0.568,0.686,1,-6.635,1,0.033,0.15,1.81e-06,0.0881,0.725,172.075,4,acoustic,464369,2020-01-01 00:45,US
1QBNBGeIRRGBnLhdlHbfI8,Brandi Carlile;Lucius,Chillin' It - Mellow Day Country,You and Me on the Rock,0,230098,False,0.568,0.686,1,23.691,1,0.033,0.15,1.81e-06,0.0881,0.725,356.312,4,acoustic,199894,2020-01-01 00:46,APAC
72xTsTouZ5nBmASX8k1XCW,Highland Peak,Trampoline (Acoustic),Trampoline - Acoustic,46,213098,False,0.596,0.2,0,-10.424,0,0.0305,0.91,0.000183,0.0884,0.308,107.893,4,acoustic,784012,2020-01-01 00:47,EU
3ILmwMefYZoQh5Cf5jeuUQ,Motohiro Hata,Documentary,透明だった世界,61,232360,False,0.373,0.914,0,-4.185,1,0.0565,0.076,0.0,0.669,0.56,168.21,4,acoustic,127145,2020-01-01 00:48,MENA
2DHDuADAHoUW6n0z80RLQF,Andrew Belle,Black Bear,Pieces,60,241119,False,0.494,0.652,6,-5.863,0,0.0314,0.0754,0.00256,0.125,0.298,137.018,4,acoustic,795116,2020-01-01 00:49,MENA
5JDcQAztvZTIkrWoZihgvC,Ron Pope,The Bedroom Demos,A Drop in the Ocean,68,220239,False,,0.393,5,-8.65,1,0.038,0.785,0.0,0.28,0.564,73.139,3,acoustic,138846,2020-01-01 00:50,LATAM
2sYFi9xVSZ56WHKSY2fN1K,Adam Christopher,So Far Away (Acoustic),So Far Away - Acoustic,52,171543,False,0.576,0.331,6,-9.389,0,0.0306,0.894,3.44e-05,0.129,0.407,149.02,4,acoustic,286131,2020-01-01 00:51,LATAM
6xJOhSm4SvZwzy3uhWz26O,Andrew Belle,Black Bear,The Enemy,62,286865,False,0.536,0.89,1,-5.222,1,0.0375,0.078,0.0202,0.131,,121.974,4,acoustic,643027,2020-01-01 00:52,APAC
7lLKxcNeJtDTWVRKHovLEC,Aron Wright,Build It Better,Build It Better,51,234473,False,0.526,0.333,4,-13.02,1,0.0314,0.91,0.168,0.111,0.159,94.951,4,acoustic,947384,2020-01-01 00:53,EU
25UzeaV47eDT44Fovve6xQ,Chord Overstreet,Sleepwalking in the Rain,Sleepwalking in the Rain,0,216000,False,0.501,0.381,0,-9.448,1,0.036,0.687,0.00133,0.119,0.502,80.075,4,acoustic,467629,2020-01-01 00:54,APAC
4oa14QBfWRDfJy2agySy0L,Sara Bareilles,Little Voice,Gravity,67,232760,False,0.27,0.275,0,-10.357,1,0.0356,0.834,0.0,0.146,0.231,168.964,4,acoustic,208589,2020-01-01 00:55,US
2gRKq9rIC5i1zuxp06zJWH,Chord Overstreet,What's Left of You,What's Left of You,57,178600,True,0.731,0.507,0,-6.477,1,0.046,0.572,0.0,0.0912,0.265,117.969,4,acoustic,309617,2020-01-01 00:56,APAC
08MFgEQeVLF37EyZ7jcwLc,Zack Tabudlo,Pano,Pano,75,254400,False,0.375,0.457,3,-7.018,1,0.0315,0.868,0.0145,0.191,0.415,174.839,3,acoustic,906508,2020-01-01 00:57,US
6nXIYClvJAfi6ujLiKqEq8,Andrew Belle,The Daylight EP,Sky's Still Blue,62,244320,False,0.43,0.791,6,-5.419,0,0.0302,0.0726,0.0193,0.11,0.217,171.864,4,acoustic,754061,2020-01-01 00:58,APAC
7x4b0UccXSKBWxWmjcrG2T,Kurt Cobain,Montage Of Heck: The Home Recordings,And I Love Her,66,124933,False,0.616,0.282,1,-15.317,1,0.0331,0.983,0.833,0.13,0.435,96.638,4,acoustic,190355,2020-01-01 00:59,APAC
0wbmIfvndFV9VDvuUY1pYN,Tim Halperin,Covers,Always Be My Baby,62,181852,False,0.582,0.255,4,-10.254,1,0.0306,0.772,0.0,0.0889,0.285,139.884,4,acoustic,446407,2020-01-01 01:00,US
3e5yu9MkIvQx17mm7LF6KY,Canyon City,Midnight Waves,Alone with You,58,186584,False,0.549,,1,-12.565,1,0.0379,0.798,6.63e-06,0.103,0.207,86.664,4,acoustic,338085,2020-01-01 01:01,APAC
6VwAh8Z1d5YKoSWoEaV4db,Aaron Espe,Making All Things New,Making All Things New,65,159600,False,0.787,,0,-11.429,1,0.0288,0.896,0.0201,0.111,0.48,99.978,4,acoustic,260048,2020-01-01 01:02,LATAM
2D4BSm5Z8Hq5zYbSgJwEOh,Sara Bareilles,What's Inside: Songs from Waitress,She Used To Be Mine,67,250266,False,0.397,0.303,5,-7.508,1,0.0435,0.381,0.0,0.101,0.172,81.05,4,acoustic,861829,2020-01-01 01:03,US
7LwGBxB0h0CVmkOZxYKn0g,Andrew Belle,In My Veins (Feat. Erin Mccarley),In My Veins - Feat. Erin Mccarley,65,318908,False,0.548,0.42,0,-7.842,1,0.0277,0.198,4.46e-06,0.0899,0.196,128.012,4,acoustic,655939,2020-01-01 01:04,LATAM
0ZwdH0m32I8odedwvspYTh,Tyler Ward,Under Covers,I Don't Wanna Live Forever (Fifty Shades Darker),44,222351,False,0.787,0.403,0,-11.989,1,0.033,0.603,0.00857,0.131,0.264,118.042,4,acoustic,261542,2020-01-01 01:05,MENA
16dkWKIlBsfYTISCVuDs0w,Ron Pope,Whatever It Takes,A Drop In the Ocean,55,219480,False,0.484,0.573,5,-6.183,1,0.0298,0.0882,1.14e-06,0.15,0.346,139.966,3,acoustic,685624,2020-01-01 01:06,EU
3TwtrR1yNLY1PMPsrGQpOp,Five For Fighting,America Town,Superman (It's Not Easy),70,221693,False,0.382,0.416,0,-9.303,1,0.0302,0.0733,0.0,0.0719,0.125,102.089,4,acoustic,472210,2020-01-01 01:07,MENA
3Et4LKZLnXygPYfNdeB3D3,Andrew Belle,Dive Deep,When the End Comes,57,354400,False,0.541,0.575,9,-9.463,1,0.0491,0.677,0.215,0.102,,91.98,4,acoustic,155328,2020-01-01 01:08,MENA
2E9viCx0hJKNKNThd2MdGQ,Bailey Jehl,You're Still The One,You're Still The One,56,177500,False,0.607,0.473,2,-8.555,1,0.034,0.712,0.0,0.66,0.54,119.698,4,acoustic,504872,2020-01-01 01:09,LATAM
0Zf1BPkkFAWGtVHeBwHHz4,Ingrid Michaelson,It Doesn't Have To Make Sense,Light Me Up,56,247840,False,0.417,0.595,6,-7.84,1,0.0396,0.158,0.000269,0.101,0.117,147.928,4,acoustic,266708,2020-01-01 01:10,APAC
38jy6kRlPt8z1GUS9WXeNh,Jason Mraz,Love Is a Four Letter Word,93 Million Miles,67,216386,False,0.572,0.454,3,-10.286,1,0.0258,0.477,1.37e-05,0.0974,,140.182,4,acoustic,320732,2020-01-01 01:11,US
2SkJKMfjpYsNv0KWOxiegX,A Great Big World,When the Morning Comes,Kaleidoscope,62,229320,False,0.709,0.913,7,-5.148,1,0.0748,0.0182,0.0,0.167,0.519,108.024,4,acoustic,891097,2020-01-01 01:12,EU
11TK5KLtLZUdKr1C549bAw,Drew Holcomb & The Neighbors,Good Light,What Would I Do Without You,64,172213,False,0.602,0.336,8,-11.106,1,0.0369,0.883,0.0017,0.143,0.335,90.894,4,acoustic,739219,2020-01-01 01:13,LATAM
7BXW1QCg56yzEBV8pW8pah,Jason Mraz,Know.,Have It All,65,226106,False,0.643,0.638,1,-4.947,0,0.0407,0.204,0.0,0.0707,0.6,82.001,4,acoustic,220682,2020-01-01 01:14,MENA
2kMrCPZ0o5gErBPLCRgoli,Gabrielle Aplin,Mellow Adult Pop,Heavy Heart,0,235173,False,0.451,0.7,10,-6.597,0,0.0431,0.455,0.00233,0.405,0.37,150.055,4,acoustic,866200,2020-01-01 01:15,US
5IjTZ1g8KrIuV97N3OQZ0V,Gabrielle Aplin,Break Up Songs,The House We Never Built,0,195213,False,0.546,0.391,2,-10.786,0,0.063,0.784,2.72e-06,0.0552,0.202,139.669,4,acoustic,616876,2020-01-01 01:16,APAC
3bHhUEOTIbezeZ856R0BX5,Eddie Vedder,Into The Wild (Music For The Motion Picture),Society,68,236306,False,0.561,0.327,11,-10.835,0,0.0327,0.902,0.000469,0.111,0.298,161.858,4,acoustic,887116,2020-01-01 01:17,APAC
0wf17wsLRwnnfh241GkeH5,Gabrielle Aplin,u don't deserve me,Please Don't Say You Love Me,0,181400,False,0.479,0.541,0,-9.862,1,0.0543,0.74,0.0,0.108,0.3,85.994,4,acoustic,772367,2020-01-01 01:18,APAC
3322ArxAq7wCSZI4fF77Q0,Gabrielle Aplin,Coffee Moment,Please Don't Say You Love Me,0,181400,False,0.479,0.541,0,-9.862,1,0.0543,0.74,0.0,0.108,0.3,85.994,4,acoustic,405389,2020-01-01 01:19,US
4LGF2tDg3878bs0mQPByZ4,Eddie Vedder,Into The Wild (Music For The Motion Picture),Guaranteed,61,164500,False,0.436,0.4,7,-11.485,1,0.0272,0.904,0.00105,0.125,0.351,100.734,4,acoustic,581381,2020-01-01 01:20,US
6Uy6K3KdmUdAfelUp0SeXn,Sara Bareilles,The Blessed Unrest,Brave,70,220573,False,0.551,0.836,10,-3.838,0,0.0524,0.00502,2.1e-05,0.0425,0.758,185.063,4,acoustic,577764,2020-01-01 01:21,LATAM
2z2JKNU24UEngb4joR9p8f,KT Tunstall,Slow Christmas Songs 2022,Lonely This Christmas,0,257493,False,0.409,0.153,6,-10.74,0,0.0306,0.939,2.56e-05,0.108,0.18,85.262,4,acoustic,747946,2020-01-01 01:22,MENA
2nef44o0sjJDKB1ta4S0ub,KT Tunstall,Lonely Christmas 2022,Lonely This Christmas,0,257493,False,0.409,0.153,6,-10.74,0,0.0306,0.939,2.56e-05,0.108,0.18,85.262,4,acoustic,323565,2020-01-01 01:23,MENA
0qJGlogD7AyMLAJfQ42aI2,Five For Fighting,Bookmarks,Heaven Knows,62,210612,False,0.6,0.845,10,-7.076,1,0.0311,0.048,0.0,0.24,0.392,97.631,4,acoustic,399779,2020-01-01 01:24,LATAM
04JS6OitE9VGsIS3S94Osg,The Civil Wars,Slow Christmas Songs 2022,I Heard The Bells On Christmas Day,0,154440,False,0.492,0.145,2,-14.504,0,0.0422,0.872,9.68e-06,0.107,0.218,90.078,4,acoustic,320316,2020-01-01 01:25,MENA
5OGpsZeJRZ3t3MZioawcZW,The Civil Wars,Alternative Christmas 2022,I Heard The Bells On Christmas Day,0,154440,False,0.492,0.145,2,-14.504,0,0.0422,0.872,9.68e-06,0.107,0.218,90.078,4,acoustic,366528,2020-01-01 01:26,LATAM
3Vnes7v746dYzBn0FJTZ1W,KT Tunstall,Alternative Christmas 2022,Fairytale Of New York,0,263866,False,0.447,0.555,2,-6.018,1,0.0349,0.218,3.46e-06,0.124,0.33,117.888,3,acoustic,245128,2020-01-01 01:27,US
30cYWLpVdBZVLb1cYdmcTT,The Civil Wars,Acoustic Christmas Campfire,I Heard The Bells On Christmas Day,0,154440,False,0.492,0.145,2,-14.504,0,0.0422,0.872,9.68e-06,0.107,0.218,90.078,4,acoustic,132891,2020-01-01 01:28,EU
7sUqJ51FGSi3n7x4pYjY3v,The Civil Wars,Lonely Christmas 2022,I Heard The Bells On Christmas Day,0,154440,False,0.492,0.145,2,-14.504,0,0.0422,0.872,9.68e-06,0.107,0.218,90.078,4,acoustic,946016,2020-01-01 01:29,APAC
15BFn2VmEtonsXfNL1lUmy,The Civil Wars,Chill Christmas Dinner,I Heard The Bells On Christmas Day,0,154440,False,0.492,0.145,2,-14.504,0,0.0422,0.872,9.68e-06,0.107,0.218,90.078,4,acoustic,166883,2020-01-01 01:30,APAC
0WOFJR54wyTwLB11jcBDb1,The Civil Wars,sadsadchristmas,I Heard The Bells On Christmas Day,0,154440,False,0.492,0.145,2,-14.504,0,0.0422,0.872,9.68e-06,0.107,0.218,90.078,4,acoustic,899189,2020-01-01 01:31,MENA
1uDCw6LVMOmbZ6zRliNcNX,The Civil Wars,Christmas Country Songs 2022,I Heard The Bells On Christmas Day,0,154440,False,0.492,0.145,2,-14.504,0,0.0422,0.872,9.68e-06,0.107,0.218,90.078,4,acoustic,102770,2020-01-01 01:32,APAC
7DYsBLdOqz0z14tYWMt2Tn,KT Tunstall,Del gusto de mamá,Hold On,0,177613,False,0.661,0.937,4,-5.157,0,0.0979,0.322,1.04e-06,0.19,0.805,105.549,4,acoustic,799622,2020-01-01 01:33,EU
7cPuE0M35EajWPRO3nRcH8,KT Tunstall,OO's Music Grandi Successi,Suddenly I See,0,199040,False,0.603,0.78,0,-5.531,1,0.0438,0.139,0.0,0.164,0.693,100.499,4,acoustic,395563,2020-01-01 01:34,LATAM
0U32q8CZRRo7xCzyiaZw5f,Motohiro Hata,言ノ葉,Rain,58,293040,False,0.626,0.655,9,-6.69,1,0.0263,0.503,0.0,0.13,0.542,92.003,4,acoustic,565894,2020-01-01 01:35,APAC
4kQXMVjoZ9yMibLZq5Aqi5,Callum J Wright,Somebody Else (Acoustic),Somebody Else - Acoustic,50,138495,False,0.794,0.38,10,-8.769,0,0.0477,0.762,0.0,0.262,0.617,114.99,4,acoustic,353998,2020-01-01 01:36,LATAM
3us8sod4dLbM9FiMiPiEY8,Andrew Belle,Black Bear (Hushed),Pieces (Hushed),59,198626,False,0.52,0.279,5,-10.739,0,0.0547,0.894,0.000105,0.103,0.0951,69.642,4,acoustic,541546,2020-01-01 01:37,LATAM
068qo0w1Ki0cjnFYOUhAm2,Boyce Avenue,Stand by Me,Stand by Me,60,199019,False,,0.266,8,-7.322,1,0.0293,0.872,1.03e-05,0.114,0.307,115.189,4,acoustic,506405,2020-01-01 01:38,MENA
2RFt6ZWQbr9mPhsft9u9eX,Gabrielle Aplin;JP Cooper,Dear Happy,Losing Me,61,181760,False,0.66,0.407,7,-8.381,1,0.0571,0.236,0.0,0.109,0.257,133.86,4,acoustic,576770,2020-01-01 01:39,APAC
59pUIlXjQupbiYwt40uUTi,Mone Kamishiraishi,chouchou,なんでもないや - movie ver.,49,349920,False,0.357,0.161,8,-10.667,1,0.0388,0.971,1.4e-05,0.358,0.325,83.449,4,acoustic,453954,2020-01-01 01:40,APAC
0VhZ5JYfqPojSYeGWnk4dL,John Adams,You’re Beautiful (Acoustic),You’re Beautiful - Acoustic,55,204973,False,0.479,0.154,2,-11.282,1,0.0352,0.915,0.0,0.0974,0.36,147.207,4,acoustic,582910,2020-01-01 01:41,LATAM
0ltIx8PLjtWoS9zn9PqsZW,Kitri,Hikare Inochi,Hikare Inochi,51,322146,False,0.592,0.769,2,-5.268,1,0.0311,0.319,4.66e-06,0.137,0.385,102.033,4,acoustic,842911,2020-01-01 01:42,US
7ACW42whcdOiUxiNVu7ltx,Tyler Ward,Songs From Nashville,How To Lose a Girl,46,210375,False,0.7,0.454,7,24.623,0,0.0388,0.55,0.0022,0.121,0.34,311.492,3,acoustic,491106,2020-01-01 01:43,LATAM
4VbDTk82rqWqVgoQC93CkC,Andrew Belle,Dive Deep (Hushed),Dive Deep (Hushed),58,218531,False,0.507,0.378,9,-9.019,1,0.0332,0.852,0.000212,0.0937,0.085,135.86,4,acoustic,425237,2020-01-01 01:44,MENA
1pG5nd6gmfbMwUfT5shDQe,Ben Woodward,When the Party's over (Acoustic Piano),When the Party's over (Acoustic Piano),51,195945,False,0.619,0.226,4,-13.453,1,0.0641,0.959,4.42e-05,0.106,0.188,124.96,3,acoustic,218579,2020-01-01 01:45,APAC
2WZyfujzMweFLnozyUJBkW,Augustana,All The Stars and Boulevards,Boston,63,245933,False,0.404,0.571,0,-5.069,1,0.0303,0.182,2.08e-05,0.129,0.29,147.01,4,acoustic,423745,2020-01-01 01:46,APAC
6gijbGNDNNJgT60Aj7UCyc,Matthew Perryman Jones,Living in the Shadows,Living in the Shadows,53,212386,False,0.418,0.79,4,-6.599,0,0.0506,0.0284,9.96e-06,0.117,0.197,175.975,4,acoustic,213097,2020-01-01 01:47,EU
08OjvLnGR3M0HUhcePeMNO,Andrew Foy;Renee Foy,death bed (coffee for your head),death bed (coffee for your head),47,112008,False,0.565,0.0392,1,-28.276,1,0.045,0.835,0.183,0.117,0.601,125.399,4,acoustic,264252,2020-01-01 01:48,MENA
65VhbQdqvozUntjnlFkFbZ,Kina Grannis,You Are My Sunshine,You Are My Sunshine,60,123609,False,0.664,0.0755,10,-19.836,1,0.0389,0.91,0.0,0.164,,80.004,1,acoustic,957023,2020-01-01 01:49,US
05pKAafT85jeeNhZ6kq7HT,Jason Mraz,I Won't Give Up,I Won't Give Up,66,240165,False,,0.303,4,-10.058,1,0.0398,0.694,0.0,0.115,0.142,136.703,3,acoustic,180472,2020-01-01 01:50,MENA
3PG6V5yuFfo4APiovOQoRv,Ray LaMontagne;Sierra Ferrell,I Was Born To Love You,I Was Born To Love You,67,265843,False,0.65,0.271,9,-11.081,1,0.0314,0.794,6.9e-05,0.196,0.21,78.036,4,acoustic,533827,2020-01-01 01:51,LATAM
5O9R57EozcpLKGQBzadPVy,Meg Birch,Life Sucks Playlist,Only Love Can Hurt Like This,43,194194,False,,0.213,1,-8.64,1,0.0283,0.884,0.0,0.107,0.0998,98.385,4,acoustic,850869,2020-01-01 01:52,MENA
6ta5yavnnEfCE4faU0jebM,Catherine Feeny,Hurricane Glass,Mr Blue,54,154600,False,0.456,0.386,10,-10.293,1,0.032,0.835,0.108,0.389,0.612,165.733,4,acoustic,957884,2020-01-01 01:53,MENA
7BRCa8MPiyuvr2VU3O9W0F,Joshua Hyslop,Where The Mountain Meets The Valley,Do Not Let Me Go,60,158960,False,0.409,0.234,3,-13.711,1,0.0323,0.338,5e-05,0.0895,0.145,139.832,4,acoustic,232042,2020-01-01 01:54,APAC
5ZhaKUsY68U0lgREFWfoxg,Ross Copperman,Holding On And Letting Go - Single,Holding On And Letting Go,49,319000,False,,0.53,2,-9.573,1,0.0266,0.805,0.000738,0.0728,0.102,78.046,4,acoustic,247219,2020-01-01 01:55,MENA
4zcMBfbQZvBSHQBGDd6gsN,JJ Heller,You Already Know,You Already Know,57,214360,False,0.496,0.117,0,-12.884,1,0.0301,0.933,0.0,0.126,0.318,78.068,4,acoustic,435336,2020-01-01 01:56,APAC
7bhHLZxkRekrNPPkEdDTbn,Ben Woodward,Believer (Remix),Believer (Remix),42,204480,False,0.585,0.724,1,-6.513,0,0.0745,0.315,0.0681,0.0448,0.333,187.484,3,acoustic,598974,2020-01-01 01:57,MENA
5rwq6R0Uq0BngM3rdmCeNg,Howie Day,Stop All the World Now (Special Edition),Collide - Acoustic Version,67,277000,False,0.582,0.253,10,-11.43,1,0.0259,0.827,2.95e-05,0.091,0.294,90.186,4,acoustic,963825,2020-01-01 01:58,EU
2lxBZVbkiCXC1soks2RXwV,Ben Rector,Magic,Love Like This,61,214240,False,0.637,0.14,2,-11.472,1,0.0407,0.903,0.0,0.107,0.392,139.78,4,acoustic,286945,2020-01-01 01:59,EU
38YgZVHPWOWsKrsCXz6JyP,Matt Nathanson,Some Mad Hope,Come On Get Higher,71,215173,False,0.672,0.623,9,-5.699,1,0.0297,0.241,0.0,0.0848,0.617,92.018,4,acoustic,247955,2020-01-01 02:00,LATAM
72R0X0h8YaxYNpegeoOl0M,Parachute,The Way It Was,Kiss Me Slowly,61,235813,False,0.47,0.801,9,-6.426,1,0.0352,0.0758,3.53e-05,0.218,0.431,173.92,4,acoustic,327865,2020-01-01 02:01,MENA
6R6ux6KaKrhAg2EIB2krdU,Parachute,Wide Awake,Without You,61,228933,False,0.564,0.864,4,-5.121,1,0.0341,0.0761,0.0,0.182,0.534,95.984,4,acoustic,886886,2020-01-01 02:02,APAC
2D9w6sabdMCLSheW5aegwO,Jason Mraz,Waiting for My Rocket to Come (Expanded Edition),Absolutely Zero,20,339196,False,0.521,0.495,5,-7.756,1,0.027,0.128,0.0,0.296,0.116,135.061,4,acoustic,127049,2020-01-01 02:03,LATAM
1Qo3taHLFSQpzLm5Sty7M4,Jason Mraz,Waiting for My Rocket to Come (Expanded Edition),Sleep All Day,22,296843,False,0.616,0.81,2,-6.51,1,0.0668,0.369,0.0,0.107,,97.994,4,acoustic,442119,2020-01-01 02:04,LATAM
71M4QMn8nrok1KFVXwEEyU,Jason Mraz,Waiting for My Rocket to Come (Expanded Edition),You and I Both,35,218240,False,0.615,0.812,7,-6.573,1,0.0458,0.184,0.0,0.328,0.74,98.954,4,acoustic,207057,2020-01-01 02:05,APAC
4lxGVzcUaSF5HW5jtWnShV,Eddie Vedder,Into The Wild (Music For The Motion Picture),Long Nights,60,151773,False,0.478,0.305,5,-13.062,1,0.0306,0.675,0.00139,0.169,0.0974,108.66,4,acoustic,241365,2020-01-01 02:06,MENA
2PIlBukQ6limukVR8Ubb5o,Gabrielle Aplin,English Rain,Please Don't Say You Love Me,59,181400,False,0.479,0.541,0,-9.862,1,0.0545,0.737,0.0,0.108,0.321,85.994,4,acoustic,925162,2020-01-01 02:07,MENA
5p9XWUdvbUzmPCukOmwoU3,KT Tunstall,Eye To The Telescope,Suddenly I See,73,201706,False,0.587,0.767,0,-5.713,1,0.0449,0.225,0.0,0.112,0.664,100.38,4,acoustic,101495,2020-01-01 02:08,EU
1uSuY2qLCbx1QB7oPUVhFG,Jason Mraz,Waiting for My Rocket to Come (Expanded Edition),Who Needs Shelter,22,192260,False,0.514,0.569,6,-7.866,0,0.03,0.601,2.21e-06,0.218,0.264,142.597,4,acoustic,389379,2020-01-01 02:09,LATAM
6twvFrIoIINH8UW8EB8OnU,Jason Mraz,Waiting for My Rocket to Come (Expanded Edition),No Stopping Us,19,198855,False,0.646,0.836,1,-6.203,1,0.0327,0.301,3.23e-05,0.29,0.727,105.991,4,acoustic,923881,2020-01-01 02:10,US
2pelUnMKr07JjJpilj9Yew,Jason Mraz,Waiting for My Rocket to Come (Expanded Edition),I'll Do Anything,24,191889,False,0.57,0.711,9,-4.155,1,0.0703,0.119,0.0,0.352,0.648,163.117,4,acoustic,647315,2020-01-01 02:11,APAC
7d0bJhpp0mCYyMXaMgWyMS,JJ Heller,I Dream of You: CALM,Make You Feel My Love,57,171293,False,0.678,0.199,9,-9.785,1,0.0307,0.957,3.23e-06,0.0968,0.262,72.006,4,acoustic,164579,2020-01-01 02:12,LATAM
73CbJykoV6WapWGfTeRzTl,Jason Mraz,Waiting for My Rocket to Come (Expanded Edition),The Remedy (I Won't Worry),35,256440,False,0.589,0.867,10,-4.523,1,0.0385,0.041,0.0,0.306,0.795,94.52,4,acoustic,518512,2020-01-01 02:13,MENA
3ixLIO5BsTmic0Pp27FaPY,Jason Mraz,Waiting for My Rocket to Come (Expanded Edition),Too Much Food,20,221425,False,0.626,0.926,2,-4.441,1,0.0477,0.0265,0.0,0.159,0.548,99.997,4,acoustic,973850,2020-01-01 02:14,LATAM
5ZetMq21bMQN5oo4TtdOxu,Jason Mraz,Waiting for My Rocket to Come (Expanded Edition),The Boy's Gone,18,255047,False,0.686,0.556,1,-8.5,0,0.0271,0.532,0.0,0.0922,0.36,112.997,4,acoustic,460405,2020-01-01 02:15,APAC
4MihgVRpD82EZoT61GW63w,Jason Mraz,Waiting for My Rocket to Come (Expanded Edition),Curbside Prophet,23,214552,False,0.619,0.793,5,-5.964,1,0.0661,0.263,0.0,0.0828,0.892,177.991,4,acoustic,575767,2020-01-01 02:16,EU
0fzCtVM9D5UEwiLqcY8Ouq,Eddie Vedder,Into The Wild (Music For The Motion Picture),Hard Sun,65,322080,False,0.438,0.827,8,-6.531,1,0.0328,0.0512,0.000402,0.319,0.645,143.377,4,acoustic,578696,2020-01-01 02:17,MENA
6IF2P93LkyW4GqDQu1yS7H,Susie Suh;Robot Koch,Here with Me,Here with Me,55,238971,False,0.582,0.375,1,-13.277,0,0.0329,0.702,0.0631,0.136,0.106,129.909,4,acoustic,694401,2020-01-01 02:18,EU
5aDpULK8MbJmHl42kR5KNI,Howie Day,Stop All The World Now,Collide,56,249120,False,0.636,0.625,11,-7.895,1,0.0277,0.222,5.35e-05,0.119,0.342,93.931,4,acoustic,268514,2020-01-01 02:19,US
1fI1TMpz7FVkpoYBhmiywp,Eden Elf;Ren Avel,get better,get better,53,111734,False,0.639,0.201,7,-16.613,0,0.0526,0.907,2.26e-05,0.124,0.4,88.107,4,acoustic,855715,2020-01-01 02:20,MENA
23Mcmg5O8rBKAOzxvrTjnD,Kitri,Hikare Inochi,Sympathy,49,210760,False,0.69,0.423,2,-9.194,0,0.0294,0.883,0.0123,0.111,0.59,130.121,4,acoustic,989742,2020-01-01 02:21,MENA
0gVbkmFqq5fIkXtJJ3UTfM,Boyce Avenue;Rachel Grae,Let It Go,Let It Go,51,255688,False,0.599,0.349,1,-9.269,1,0.0301,0.819,0.0,0.112,0.444,147.913,4,acoustic,228297,2020-01-01 02:22,LATAM
00DuOxungwHwVUX2m37P0P,Chord Overstreet,What You Need,What You Need,53,181786,False,0.519,0.264,0,-11.171,1,0.0601,0.918,0.000253,0.237,0.192,140.354,4,acoustic,836476,2020-01-01 02:23,LATAM
2lFlveK1y13WWp3vnQtrr3,Five For Fighting,The Battle for Everything,100 Years,66,244600,False,0.643,0.569,7,-7.459,1,0.0276,0.544,2.17e-05,0.178,0.275,120.507,4,acoustic,835217,2020-01-01 02:24,EU
2WD93lsfJonaKtrQtpLB2R,Andrew Belle,Nightshade,You're the Sea,56,174546,False,0.573,0.624,1,-9.076,0,0.0324,0.471,0.117,0.114,0.529,161.025,4,acoustic,767452,2020-01-01 02:25,MENA
6ivkBaxvclVhwZDE2uwldj,Cary Brothers,Under Control,Belong,51,255600,False,0.426,0.399,0,-8.447,1,0.034,0.761,0.00112,0.118,0.217,115.979,4,acoustic,433788,2020-01-01 02:26,EU
6Cvti10W0AzmzG9D1tpuKp,The Mayries,As It Was,As It Was,55,176542,False,0.505,0.21,11,-11.349,1,0.0295,0.907,0.0,0.11,0.323,80.721,4,acoustic,521882,2020-01-01 02:27,EU
03yc0G2OoH1Eeyu7Piy8fK,Jason Mraz,I'm Yours,I'm Yours,60,243494,False,0.693,0.43,11,-9.395,1,0.0442,0.565,0.0,0.0928,0.731,151.001,4,acoustic,855289,2020-01-01 02:28,LATAM
5RO0MNa5hBKIM4OcjygadU,Joseph Sullinger,Chi Mai,Chi Mai,40,188695,False,0.739,0.287,6,-14.007,0,0.059,0.969,0.961,0.111,0.557,80.64,4,acoustic,237589,2020-01-01 02:29,EU
78TKtlSLWK8pZAKKW3MyQL,A Great Big World;Christina Aguilera,Say Something,Say Something,58,229400,False,0.453,0.146,2,-8.976,1,0.0343,0.867,3.49e-06,0.0945,0.0915,137.905,3,acoustic,845869,2020-01-01 02:30,EU
1esE8j1nVyzEQ5rVhYXoJT,Parachute,Parachute,Had It All,55,216853,False,,0.54,7,-6.271,0,0.0339,0.182,0.000144,0.144,0.249,79.952,4,acoustic,928598,2020-01-01 02:31,APAC
68Yc9ylRZZPtsuVgtrxcDj,Zack Tabudlo;Yonnyboii,Take Me Back,Take Me Back ft. Yonnyboii,50,149000,False,0.595,0.646,0,-5.495,1,0.0327,0.11,0.0,0.258,0.563,120.049,4,acoustic,713681,2020-01-01 02:32,APAC
3tjjCCdXSdaVEo4q4y071G,Tobey Rosen,Whole Again (Acoustic Version),Whole Again - Acoustic Version,52,157231,False,0.736,0.145,11,-9.215,1,0.0336,0.855,0.0,0.108,0.235,129.832,4,acoustic,407248,2020-01-01 02:33,US
3tob5ofeuvFKKSbOTldenC,The Mayries,Overpass Graffiti,Overpass Graffiti,54,226603,False,0.479,0.126,1,-13.974,1,0.0303,0.966,0.0,0.113,0.279,96.327,4,acoustic,603235,2020-01-01 02:34,APAC
4E6cwWJWZw2zWf7VFbH7wf,Sara Bareilles,Little Voice,Love Song,73,258826,False,0.583,0.786,2,-3.142,0,0.0301,0.0208,0.0,0.188,0.573,123.055,4,acoustic,145095,2020-01-01 02:35,APAC
3uAdZpIbMTtVXitHVibLMV,Andrew Foy;Renee Foy,Let Her Go,Let Her Go,38,194013,False,0.549,0.291,2,-13.457,1,0.0388,0.858,0.000846,0.129,0.376,75.153,4,acoustic,938622,2020-01-01 02:36,US
2LC523tbEPFpc1pnikbt5b,Aqualung,Still Life,Brighter Than Sunshine,53,242439,False,0.418,0.489,6,-8.373,0,0.0323,0.287,0.0288,0.42,0.398,72.891,4,acoustic,408162,2020-01-01 02:37,APAC
3ISLwA96mtx13Wx7K1PPPk,Tyler Ward;Karis;Ray Lorraine,Love Story,Love Story,55,232500,False,0.498,0.12,0,23.05,1,0.0487,0.851,0.0,0.171,0.338,352.282,4,acoustic,151388,2020-01-01 02:38,LATAM
7Ca2CkwSqHyr3eCh8IRdjz,Agustín Amigó;Nylonwings,Mujer con Abanico,Mujer con Abanico,41,156787,False,0.769,0.135,5,-12.049,0,0.061,0.986,0.905,0.106,0.471,103.939,4,acoustic,815010,2020-01-01 02:39,MENA
6ql0ffq6Jvyh9OKqrJCMaP,Amy Stroup,In the Shadows,In the Shadows,46,263823,False,0.434,0.469,0,-7.849,0,0.0265,0.52,0.000328,0.108,0.0568,136.282,4,acoustic,691801,2020-01-01 02:40,EU
1EyvonxK8OGHRV4WDRdArc,Boyce Avenue;Connie Talbot,Can You Feel the Love Tonight,Can You Feel the Love Tonight,63,250916,False,0.452,0.198,10,-9.374,1,0.0335,0.931,2.24e-06,0.1,0.217,119.499,4,acoustic,660437,2020-01-01 02:41,US
0EKBV6GybPtALXUgWqWrym,Brandi Carlile,The Story,The Story,66,238493,False,0.544,0.5,11,-8.253,1,0.026,0.0325,3.78e-06,0.109,0.177,93.621,4,acoustic,148687,2020-01-01 02:42,US
41A82PidFKhGX5hm1WoaDs,JJ Heller,Better,Better,54,215906,False,0.662,0.187,2,-9.003,1,0.0268,0.969,0.000273,0.0922,0.233,104.988,4,acoustic,775753,2020-01-01 02:43,US
5oV8bZaShr2d01FFMHBUPq,Kina Grannis,Iris,Iris,62,181136,False,0.497,,6,-15.571,1,0.0436,0.841,0.0,0.111,0.179,130.769,3,acoustic,673585,2020-01-01 02:44,MENA
5nMRpGfqQ0tb1TMbqBVK2J,The Mayries,#Acoustic,Rockabye - Acoustic Version,57,157466,False,0.528,0.291,10,-9.696,1,0.0401,0.914,0.0,0.121,0.355,76.805,4,acoustic,814271,2020-01-01 02:45,APAC
04qDUASuSfVp6fktfsxVej,Caleb Santos;Viva Music Publishing Inc.,I Need You More Today,I Need You More Today,68,233728,False,0.461,0.522,11,-7.513,1,0.043,0.36,0.0,0.123,0.446,157.768,4,acoustic,844596,2020-01-01 02:46,LATAM
3dglCYsVMjPbDlU2CC9Vq7,Jason Mraz,Know.,Let's See What The Night Can Do,53,245186,False,0.392,0.423,7,-7.813,1,0.0348,0.27,0.0,0.117,0.288,113.537,4,acoustic,290758,2020-01-01 02:47,LATAM
3NCg46FWgnANZc9HQHQOQR,Parachute,The Way It Was,Forever And Always,57,248960,False,0.657,0.716,2,-5.675,1,0.0301,0.014,0.0,0.0483,0.435,93.924,4,acoustic,289575,2020-01-01 02:48,MENA
0muntSMuAZzcwYBBMZj6sf,Priscilla Ahn,When Marnie Was There Song Album - Just Know That I Love You.,Fine On The Outside,52,252466,False,0.495,0.185,9,-13.824,1,0.0288,0.692,0.00403,0.109,0.196,101.89,4,acoustic,931404,2020-01-01 02:49,LATAM
4bXoVtbp6fN8FaSQvGQB41,Chord Overstreet,Tree House Tapes,Tortured Soul,53,246613,False,0.55,0.499,4,-9.502,1,0.0338,0.472,2.26e-06,0.0798,0.144,86.966,1,acoustic,577923,2020-01-01 02:50,US
3FRARAKLpHw3er9ZaTwaHO,JJ Heller,I Believe in You,I Believe in You,53,198786,False,,0.359,0,-9.311,1,0.0296,0.449,1.2e-05,0.331,0.267,131.804,4,acoustic,494190,2020-01-01 02:51,EU
2Dzhwe90lhHXVU6lk7Nx0H,Jon Bryant,Cult Classic,At Home,55,226640,False,0.378,0.52,11,-10.965,1,0.0382,0.777,0.0888,0.0979,0.357,73.744,4,acoustic,358481,2020-01-01 02:52,US
0v0pc1lIt5p6EBX7pnfOGF,Ross Copperman,Holding On and Letting Go LP,Holding On and Letting Go,49,317441,False,0.486,,2,-9.466,1,0.0271,0.818,0.00269,0.109,0.0992,77.987,4,acoustic,675111,2020-01-01 02:53,APAC
5wQci5VCUjdbKnRD61XYwu,Joshua Hyslop,In Deepest Blue (Bonus Track Version),The Flood,60,261640,False,0.577,0.446,6,-11.343,1,0.0313,0.554,0.0782,0.116,0.262,81.005,4,acoustic,778561,2020-01-01 02:54,LATAM
0HQnJee8ShSDu2AYwibxst,Angelina Cruz,Hanggang Kailan (Umuwi Ka Na Baby),Hanggang Kailan (Umuwi Ka Na Baby),38,211933,False,0.59,0.407,4,-9.079,1,0.0361,0.861,9.95e-06,0.094,0.276,145.852,4,acoustic,102077,2020-01-01 02:55,LATAM
4VoJCUgNmnqG2qF0peDBkw,Stephen Speaks,No More Doubt,Out of My League,67,218800,False,0.538,0.315,0,-10.057,1,0.0291,0.96,0.00596,0.0979,0.4,91.921,3,acoustic,597373,2020-01-01 02:56,LATAM
7xLhousIHDxoGgeJNhO4Ye,A Great Big World,Is There Anybody Out There? - Track by Track Commentary,Say Something,57,233266,False,0.447,0.158,2,-7.571,1,0.036,0.872,1.58e-06,0.0816,0.142,140.942,3,acoustic,994030,2020-01-01 02:57,MENA
1bhpBRCLsVg3p7BWARbaDS,Eddie Vedder,Into The Wild (Music For The Motion Picture),Rise,60,156453,False,0.401,0.58,7,-6.86,1,0.0541,0.906,0.217,0.134,0.526,173.277,3,acoustic,352575,2020-01-01 02:58,MENA
6NSlOEEtWlqvEFrjQsry77,The Weepies;Deb Talan;Steve Tannen,Say I Am You,World Spins Madly On,64,165133,False,0.502,0.311,1,-13.421,1,0.0285,0.617,4.32e-05,0.129,0.4,107.612,4,acoustic,352806,2020-01-01 02:59,EU
1HqVCK9h4LiJ61aRrrKTAt,Freddie King,Thanksgiving Party,Stumble,0,216626,False,0.678,0.612,4,-9.764,1,0.0339,0.1,0.316,0.164,0.857,118.381,4,acoustic,890316,2020-01-01 03:00,EU
0wP19iM8ULJyV0r0LFDsDv,Taj Mahal,Supa Chill,Paradise,0,251426,False,0.65,0.406,7,-13.492,1,0.0761,0.568,0.0,0.484,0.862,79.642,4,acoustic,155856,2020-01-01 03:01,US
45jGOHwYKgsRYbAJ8DR61d,Motohiro Hata,青の光景,ひまわりの約束,61,308146,False,,0.445,10,-6.359,1,0.0329,0.188,0.0,0.18,0.336,78.957,4,acoustic,457768,2020-01-01 03:02,MENA
4iObEYRE4FLm0D90gmZFef,Thomas Daniel,Since U Been Gone,Since U Been Gone - Acoustic Version,50,221170,False,0.538,0.162,5,-13.31,1,0.0299,0.847,0.0,0.114,0.366,94.981,4,acoustic,512435,2020-01-01 03:03,LATAM
7BRwh1bemr9rFMDeTbcy5S,Kina Grannis,Creep,Creep,58,234135,False,0.585,0.103,7,-12.682,1,0.0309,0.801,0.0,0.126,0.179,133.057,4,acoustic,818090,2020-01-01 03:04,MENA
3rzRo91l4htQvMXhsiECAX,Todd Carey;Ariza;Chuck Leavell,Higher Love,Higher Love,30,173250,False,0.578,0.763,2,-4.824,1,0.0998,0.0916,2.8e-06,0.0743,0.394,96.808,4,acoustic,216126,2020-01-01 03:05,APAC
0v1vufjir4OE4iRckLMoLd,YUZU,Shinsekai,Hyouriittai,52,336619,False,0.223,0.891,1,-3.626,0,0.138,0.325,0.0,0.287,0.333,159.888,4,acoustic,490652,2020-01-01 03:06,LATAM
4vAnqYqm1DOo5IDVcxORX3,Canyon City,How Long Will I Love You,How Long Will I Love You,55,144830,False,0.382,0.157,1,-16.157,1,0.0361,0.878,0.000473,0.112,0.224,136.11,4,acoustic,237093,2020-01-01 03:07,US
2X5AFygz5SDYlXagyPw8kX,Zack Tabudlo,Binibini,Binibini,67,221538,False,0.642,0.374,5,-10.606,1,0.032,0.423,1.54e-06,0.435,,129.863,4,acoustic,808871,2020-01-01 03:08,US
13GvSZgg9LOs3M9uGbWsPE,Aron Wright,You Were Supposed to Be Different,You Were Supposed to Be Different,45,192972,False,0.436,0.239,7,-12.83,1,0.0282,0.861,8.48e-05,0.0902,0.137,73.761,4,acoustic,669053,2020-01-01 03:09,EU
4x7AdVDV9IFWp8pg4LMz90,Jonah Baker,Covers,Perfect / Style,37,212864,False,0.593,0.292,11,-12.755,1,0.0364,0.828,0.0,0.174,0.375,111.121,4,acoustic,547063,2020-01-01 03:10,LATAM
5eNYumDY5PCXtKKJ0SWg2r,The Civil Wars,Barton Hollow,Poison & Wine,54,219466,False,0.285,0.186,1,-12.729,1,0.0288,0.76,7.3e-05,0.104,0.203,153.848,4,acoustic,453634,2020-01-01 03:11,US
6dwkFmLUz6hx2CZG2EqLol,Howie Day,Stop All The World Now,Collide,66,249120,False,0.636,0.625,11,-7.895,1,0.0277,0.222,5.35e-05,0.119,0.342,93.931,4,acoustic,237856,2020-01-01 03:12,US
7aohwSiTDju51QmC54AUba,Ingrid Michaelson,Be OK,You And I,63,148400,False,0.698,0.285,0,-7.632,1,0.0553,0.927,0.0,0.0883,0.53,135.027,4,acoustic,929666,2020-01-01 03:13,EU
7g3ryXLtXExZ0OFCj17Ae1,Zack Tabudlo;Billkin,Give Me Your Forever,Give Me Your Forever (ft. Billkin),58,244800,False,0.601,0.439,8,-7.589,1,0.0269,0.0642,0.0,0.0942,0.275,99.976,4,acoustic,682894,2020-01-01 03:14,APAC
5MrgVJzR1du1gz8XWe4m28,Landon Pigg,Coffee Shop,Falling in Love at a Coffee Shop,55,270840,False,0.332,0.298,4,-14.174,1,0.0569,0.875,0.00784,0.114,0.243,83.555,4,acoustic,387240,2020-01-01 03:15,MENA
5auMzVHFr5Zfw6IbKarZ56,Anna Nalick,Wreck of the Day,Breathe (2 AM),65,279826,False,0.386,0.452,2,-7.715,1,0.0278,0.417,0.0,0.0881,0.287,169.837,3,acoustic,472542,2020-01-01 03:16,LATAM
63bmIgH9sS6sX5Sc7MetGq,Zack Tabudlo,Episode,Habang Buhay,69,244067,False,0.62,0.668,9,-5.719,1,0.0305,0.088,0.0,0.362,0.183,118.013,4,acoustic,753561,2020-01-01 03:17,LATAM
3ZjSJv88euP3CdvTg07dZL,Jonah Baker,Beautiful Soul,Beautiful Soul,44,214738,False,0.394,0.281,9,-11.12,1,0.0414,0.826,0.0,0.0854,0.485,90.044,4,acoustic,747607,2020-01-01 03:18,MENA
14BMBNRzv24eG6OKoIgPfP,Ben Woodward,Bulletproof,Bulletproof,39,207677,False,0.59,0.552,7,-10.496,1,0.0407,0.654,0.000359,0.128,0.635,155.101,5,acoustic,514989,2020-01-01 03:19,LATAM
5pEmeoMUW38w1oU3kPelvR,Andrew Belle,Nightshade,Spectrum,54,265506,False,0.539,0.717,3,-7.385,1,0.031,0.000298,0.111,0.125,0.212,117.973,4,acoustic,372610,2020-01-01 03:20,APAC
2h3VsZVKQeT0yLNQtCIRjn,Jonah Baker,Girls Like You (Acoustic Version),Girls Like You - Acoustic Version,44,188494,False,0.543,0.138,0,-14.331,1,0.0531,0.791,0.0,0.185,,115.65,4,acoustic,693955,2020-01-01 03:21,LATAM
1dcNEEtODRVZEevQ20Cgmy,Zack Tabudlo,Nangangamba,Nangangamba,70,210354,False,0.62,0.547,1,-6.772,1,0.0248,0.112,0.0,0.19,0.208,98.032,4,acoustic,692408,2020-01-01 03:22,LATAM
6huS9u0BDfeQHq0lObNLPl,Us The Duo,Better Together,Better Together,64,200706,False,0.761,0.311,5,-10.597,1,0.0692,0.647,0.0,0.15,,109.891,4,acoustic,639725,2020-01-01 03:23,LATAM
14NiShC5b46yQxBN1mu9VJ,Andrew Foy;Renee Foy,Heartbreak Anniversary,Heartbreak Anniversary,40,199256,False,0.674,0.122,1,-17.963,1,0.0427,0.882,0.0,0.139,0.339,130.014,4,acoustic,165566,2020-01-01 03:24,APAC
3DyhwZyBFedvnt68fMi6vf,Tyler Ward;Karis;Ray Lorraine,One More Time Around,One More Time Around,47,205666,False,0.429,0.358,0,-9.076,1,0.0346,0.614,0.0,0.0875,0.187,134.279,4,acoustic,525505,2020-01-01 03:25,APAC
6kRZfOZSuoi0Htg6gROKDz,A Great Big World,流星花園音樂專輯,Say Something,40,229573,False,0.456,0.101,2,-11.75,1,0.038,0.876,1.74e-06,0.0776,0.155,139.896,3,acoustic,652526,2020-01-01 03:26,LATAM
5e9DrLUUZraUE7mmniufjn,Zack Tabudlo,Episode,Heart Can’t Lose,55,240952,False,0.647,0.567,1,-8.971,1,0.0328,0.0318,0.0,0.133,,125.871,4,acoustic,955054,2020-01-01 03:27,EU
2z3HKlpENvfz1Am2MNF2pL,Donovan Woods;Tenille Townes,The Other Way,I Ain't Ever Loved No One - Acoustic,57,199594,False,0.322,0.213,10,-14.915,0,0.0318,0.611,0.0,0.113,0.16,160.389,4,acoustic,573006,2020-01-01 03:28,MENA
33JX2be3eKVhl5xk8YQhVc,Ray LaMontagne,Till The Sun Turns Black,Empty,48,317280,False,,0.381,2,-13.93,1,0.0311,0.455,0.00295,0.114,0.42,81.712,4,acoustic,408441,2020-01-01 03:29,MENA
2XDxQ3VzovLzh60zgOaNEi,Tim Halperin,Covers,The Reason,53,200800,False,0.423,0.207,7,-8.811,1,0.0289,0.887,0.0,0.0948,0.209,149.664,4,acoustic,600213,2020-01-01 03:30,EU
0J4sK2VO75cRSVoj0FokQn,Canyon City,Refuge,Fix You,60,261665,False,0.522,0.152,2,-14.996,1,0.0303,0.788,2.37e-05,0.148,0.133,144.055,4,acoustic,259511,2020-01-01 03:31,US
7bpR5j22mNID1pXwgRcZP1,JJ Heller,Hand to Hold,Hand to Hold,54,231605,False,,0.313,0,-7.982,1,0.0315,0.612,7.97e-06,0.111,0.261,133.737,4,acoustic,181625,2020-01-01 03:32,MENA
1U1GtaJeYwGsPgqV9Me5bb,Ray LaMontagne,Trouble,Hold You in My Arms,62,306200,False,0.504,0.321,7,-13.807,1,0.0316,0.149,0.000107,0.147,0.577,170.134,3,acoustic,710283,2020-01-01 03:33,US
34p2uL1CvmaHn3uLfOKt8d,Us The Duo,Public Record,One Last Dance,51,224847,False,0.466,0.161,7,-14.498,1,0.0492,0.979,0.000238,0.231,0.171,139.167,3,acoustic,987564,2020-01-01 03:34,MENA
1jkBuvWI9IGEz9thXiKOlP,Joshua Hyslop,In Deepest Blue (Bonus Track Version),The Spark - Bonus Track,51,201933,False,0.596,0.429,3,-10.16,1,0.0377,0.775,0.0107,0.0962,0.229,148.086,4,acoustic,861405,2020-01-01 03:35,APAC
7K36drJq6lInkW6Kkojucp,Drew Holcomb & The Neighbors,Medicine,American Beauty,63,158013,False,0.645,0.169,9,-15.744,1,0.0317,0.844,0.00019,0.109,0.178,167.826,4,acoustic,625295,2020-01-01 03:36,MENA
4PuUa8e5s7P3Zv1IdCGIsa,Ray LaMontagne,Part Of The Light,Such A Simple Thing,65,296386,False,0.522,0.256,10,-11.216,1,0.0258,0.86,0.000806,0.142,0.13,76.349,4,acoustic,136228,2020-01-01 03:37,EU
72SPsHheqN6J3sI520jT9E,Amos Lee,Amos Lee,Colors,64,160453,False,0.681,0.168,7,-13.397,1,0.0291,0.793,0.000134,0.109,0.29,128.615,4,acoustic,989172,2020-01-01 03:38,LATAM
03VNgdCL9t8aPyvwZecglI,Jason Mraz;Meghan Trainor,Know.,More Than Friends (feat. Meghan Trainor),54,181360,False,0.451,0.528,2,-6.984,1,0.0364,0.366,0.0,0.0811,0.527,139.28,5,acoustic,504668,2020-01-01 03:39,LATAM
3M6NL7PxIDZ3ArfPrBUTUP,Days N Daze,Show Me the Blueprints.,Flurry Rush,37,169318,True,0.371,0.674,9,-3.72,1,0.0488,0.169,0.0,0.0889,,87.603,4,acoustic,360696,2020-01-01 03:40,MENA
7jJH8F3PHlNvxfqEAAfFDl,Sara Bareilles,The Blessed Unrest,I Choose You,63,218573,False,0.731,0.572,6,-7.889,0,0.0445,0.105,0.00012,0.133,0.947,154.038,4,acoustic,903238,2020-01-01 03:41,US
6JNEDSev5Tp5VQR04SEBfV,Mindy Gledhill,Anchor,I Do Adore,53,149160,False,0.69,0.334,9,-5.626,1,0.066,0.947,0.0,0.0895,0.8,74.721,4,acoustic,771761,2020-01-01 03:42,US
1gRa1tyGV1GY60QgU5DkQH,Dave Barnes,Christmas Faves 2022,I'll Be Home For Christmas,0,183293,False,0.594,0.307,10,-13.062,1,0.0249,0.796,0.0414,0.15,0.24,94.026,3,acoustic,774656,2020-01-01 03:43,EU
5DUAKXpyv3nL50PnAQbPS0,Get Dead,Tall Cans & Loose Ends,Fuck You,36,169266,True,0.608,0.917,11,-5.341,1,0.0601,0.236,0.0,0.13,0.936,117.875,4,acoustic,349977,2020-01-01 03:44,APAC
6OCsvPU6P84wJ0erggCRv4,Albert King,pov: you have a holly jolly christmas,Christmas Comes But Once A Year,0,272640,False,0.687,,1,-9.421,1,0.0505,0.324,5.5e-05,0.0867,0.621,93.269,1,acoustic,992625,2020-01-01 03:45,MENA
7qJtNgmUyzy3R86vJwk9Wp,Albert King,pov: you rock around the christmas tree,Christmas Comes But Once A Year,0,272640,False,0.687,0.494,1,-9.421,1,0.0505,0.324,5.5e-05,0.0867,0.621,93.269,1,acoustic,507580,2020-01-01 03:46,EU
6hy5eqMQ36KAChR1ZZ05zc,John Adams,If I Ain't Got You (Acoustic),If I Ain't Got You - Acoustic,55,176509,False,0.652,0.15,5,-12.699,1,0.0363,0.923,0.0,0.102,0.361,104.018,3,acoustic,578271,2020-01-01 03:47,US
4Gcx0DkgBVticyPDpezwg5,John Adams,Believe (Acoustic),Believe - Acoustic,57,179886,False,0.765,0.241,4,-8.865,1,0.0373,0.873,0.0,0.111,0.182,123.95,4,acoustic,775860,2020-01-01 03:48,US
0fUB9bwvKLRpOB18YZHz5N,Adam Christopher,Iris (Acoustic),Iris - Acoustic,54,184200,False,0.589,0.249,2,-10.086,1,0.0329,0.717,0.0,0.106,0.363,150.096,3,acoustic,693995,2020-01-01 03:49,MENA
0I0l2Oo5zjpCEphpDJL0Pm,Motohiro Hata,言ノ葉,Rain - Long Ver.,44,447306,False,0.588,0.604,9,-7.602,1,0.024,0.343,6.86e-05,0.252,0.351,92.02,4,acoustic,255058,2020-01-01 03:50,LATAM
4v0RBzYNzTknP6d0zN2VQb,Aoi Teshima,Cheek to Cheek~I Love Cinemas~,C'est si bon,51,108346,False,0.735,0.203,9,-13.237,0,0.0539,0.854,0.00164,0.105,0.479,113.913,4,acoustic,372231,2020-01-01 03:51,US
1FQH1FxPwwIj9aKyPBDf9b,Jonah Baker,Baby (Acoustic Version),Baby (Acoustic Version),42,160768,False,0.655,0.147,8,-14.409,1,0.0371,0.88,0.0,0.266,0.328,116.103,4,acoustic,425066,2020-01-01 03:52,US
4YgEwanzISFU4xa27saTux,YUZU,Land,Reason,47,304320,False,0.363,0.819,7,-3.128,1,0.0634,0.0591,0.0,0.0988,0.468,122.527,4,acoustic,952781,2020-01-01 03:53,LATAM
7pKMoXeiCv40wbrjII06VO,Boyce Avenue;Emma Heesters,I Like Me Better,I Like Me Better,54,201508,False,0.473,0.263,9,-8.609,1,0.033,0.814,0.0,0.142,0.315,87.145,4,acoustic,743054,2020-01-01 03:54,US
5MYPzdIWgx3pMLRGlq2fVq,Zack Tabudlo,Asan Ka Na Ba,Asan Ka Na Ba,73,241132,False,0.676,0.768,5,-5.695,0,0.0294,0.149,0.00147,0.345,0.493,105.999,4,acoustic,429701,2020-01-01 03:55,EU
66V40iz2mphPbYvuJVj13i,Thomas Daniel,drivers license,drivers license,56,246345,False,0.439,0.217,2,-13.166,1,0.0413,0.933,0.0,0.126,0.373,144.413,4,acoustic,761249,2020-01-01 03:56,MENA
4Bo6FwC7Oe9zywSZc6q7hO,Jason Mraz,YES!,Love Someone,59,257173,False,0.582,0.347,7,-14.769,1,0.0305,0.317,0.00678,0.111,0.0797,97.957,4,acoustic,764658,2020-01-01 03:57,LATAM
6Xbi3gOwMal0Ds3ETvBBwe,Jae Hall,The Winner Takes It All (Acoustic),The Winner Takes It All - Acoustic,57,159012,False,0.426,0.127,6,-13.287,1,0.0648,0.863,4.3e-06,0.0993,0.149,62.535,5,acoustic,454799,2020-01-01 03:58,US
6QXolVfFVjUHPp5TVzsjIF,Aaron Espe,Only Time,Only Time,56,178546,False,0.696,0.261,9,10.903,0,0.0361,0.737,1.24e-05,0.11,0.361,387.308,3,acoustic,462825,2020-01-01 03:59,APAC
71ehTADpxs85ULrZgSEKCy,A Fine Frenzy,One Cell In The Sea,Almost Lover,57,268800,False,0.549,0.24,0,-7.778,1,0.0338,0.947,0.0,0.106,0.167,119.58,4,acoustic,904863,2020-01-01 04:00,APAC
4zYkSXrfgJyrNkNv3mTiIZ,Roses & Frey,Dance Monkey,Dance Monkey,51,197850,False,0.541,0.192,0,-13.995,0,0.0282,0.893,0.0,0.193,0.317,139.938,4,acoustic,605636,2020-01-01 04:01,EU
1nFJAKHt0jgzVogbNJT3Zz,Parachute,Parachute,Ocean,48,222400,False,0.662,0.711,5,-4.924,1,0.0279,0.0686,1.17e-05,0.085,0.352,119.989,4,acoustic,234563,2020-01-01 04:02,EU
1RZkqIEM5aV000fKgz9J46,Kina Grannis,Dream a Little Dream of Me,Dream a Little Dream of Me,52,142379,False,0.665,0.185,1,-13.852,1,0.0381,0.913,0.0,0.334,0.458,82.474,4,acoustic,747803,2020-01-01 04:03,EU
0n3E6m57nDZJDyUHllaMDp,The Mayries,Back For Good,Back For Good,54,194667,False,0.591,0.175,6,-12.959,1,0.038,0.927,0.0,0.133,0.352,139.902,4,acoustic,630610,2020-01-01 04:04,APAC
2gBYjMXW65daBB1elr68JK,Canyon City,OK,OK,55,212400,False,0.489,0.183,0,-14.769,1,0.033,0.907,3.95e-05,0.106,0.486,79.961,4,acoustic,558040,2020-01-01 04:05,APAC
1FF6TogE9ELY71XnLPoEv6,Andrew Foy;Renee Foy,Just The Two Of Us,Just The Two Of Us,41,196304,False,0.618,0.083,4,-23.665,1,0.057,0.745,0.000123,0.146,0.597,90.865,4,acoustic,752593,2020-01-01 04:06,APAC
6LsHKNorX6fPBNcGxU1jQZ,Andrew Foy;Renee Foy,Arcade,Arcade,37,186738,False,0.408,0.266,10,-12.9,0,0.0404,0.875,0.000498,0.104,0.35,143.651,4,acoustic,916376,2020-01-01 04:07,APAC
1uxm47Qn1JhUWZHQfcY6w1,Kina Grannis,Yellow,Yellow,52,193536,False,0.623,0.132,0,-13.668,1,0.035,0.893,0.0,0.217,0.266,82.105,4,acoustic,397392,2020-01-01 04:08,LATAM
2nBrIzKacrNdIxs90FlsT1,Roses & Frey,Wake Me Up,Wake Me Up,58,196819,False,0.494,,7,-11.041,1,0.0363,0.92,1.07e-05,0.107,0.35,125.981,3,acoustic,477370,2020-01-01 04:09,LATAM
5mdjfBsyzl78NQI4sI4IzR,Aidan Hawken,Walking Blind (feat. Carina Round),Walking Blind,48,201440,False,0.374,0.183,9,-13.225,1,0.0281,0.897,0.0387,0.109,0.134,82.042,4,acoustic,270545,2020-01-01 04:10,APAC
7mQmu0JSoEyYU763IJXhIA,Jon Bryant,Headphones,Headphones,56,204998,False,0.559,0.455,5,-8.937,1,0.0306,0.421,2.08e-06,0.103,0.396,159.985,4,acoustic,682363,2020-01-01 04:11,US
08feveJTNL1OMLSrdoHQ6Q,The Rescues,Teenage Dream,Teenage Dream,46,219093,False,0.642,0.408,10,-8.168,1,0.0396,0.729,0.0,0.185,0.411,119.81,4,acoustic,462442,2020-01-01 04:12,MENA
4ngv7whSPSAwD8ZP3zMHsd,Ivan & Alyosha,The Worth Of The Wait,The Worth Of The Wait,55,171800,False,0.48,0.618,2,-7.335,1,0.0501,0.844,8.93e-05,0.325,0.344,82.051,4,acoustic,408125,2020-01-01 04:13,MENA
24UxG3p1Ghtc5ejJtGBoeL,Kina Grannis,Can't Help Falling In Love (Piano Version),Can't Help Falling In Love - Piano Version,54,211624,False,0.271,0.0937,0,-15.035,1,0.0367,0.939,0.0,0.108,0.147,164.721,5,acoustic,726870,2020-01-01 04:14,MENA
4yRlTvPVfEyhXfp6GZurq9,Austin Plaine,Austin Plaine,Never Come Back Again,57,196240,False,0.594,0.695,8,-8.872,1,0.0259,0.19,3.58e-06,0.119,0.172,104.977,4,acoustic,467340,2020-01-01 04:15,MENA
5xQTEPjGsLuvwnnvyK3fAA,Chord Overstreet,Love You To Death,Love You To Death,49,199459,False,0.574,0.344,4,-8.995,1,0.0345,0.421,0.0,0.0804,0.0987,147.924,3,acoustic,517930,2020-01-01 04:16,US
3Mq1SOKwAPYgE0ZtPzvWZZ,Plamina,Someone You Loved (Acoustic),Someone You Loved - Acoustic,55,169253,False,0.647,0.298,3,-7.91,1,0.0311,0.861,0.0,0.12,0.31,106.244,4,acoustic,496044,2020-01-01 04:17,EU
38ssTLOvoZyL4CLa4ImDG9,Kina Grannis;Imaginary Future,What a Wonderful World,What a Wonderful World,51,137066,False,0.486,0.0399,0,-21.56,1,0.0405,0.953,8.74e-06,0.115,0.155,95.066,3,acoustic,332684,2020-01-01 04:18,LATAM
0njuNwIyB3DoBHC0SFUkOr,Andrew Foy;Renee Foy,You Broke Me First,You Broke Me First,39,128798,True,0.734,0.0423,4,-24.831,1,0.0583,0.916,0.0,0.108,0.14,123.905,4,acoustic,213226,2020-01-01 04:19,APAC
5sdliaZjk3rVGuT13UVhxn,Joshua Hyslop,Echos,Long Way Down,60,257972,False,0.711,0.231,2,-13.033,1,0.0346,0.832,0.00115,0.105,0.186,125.062,4,acoustic,844509,2020-01-01 04:20,APAC
2Dz5WpEWA0vhnMmEPYiZ2y,Parachute,Losing Sleep,She Is Love,60,146066,False,0.629,0.174,6,-9.697,1,0.141,0.616,0.0,0.118,0.305,134.295,1,acoustic,182551,2020-01-01 04:21,US
5w8Cu20Yt1ZNQuVdcafTYC,Phillip LaRue,The Meaning,Marigold,53,172708,False,0.615,0.406,6,-12.619,1,0.0358,0.541,1.67e-05,0.0982,0.541,166.035,4,acoustic,392390,2020-01-01 04:22,US
1FHCU1rDAeaPsBW9byjJ0Q,krissy & ericka,Twelve: Fifty One (International Version),12:51,64,246280,False,0.503,0.357,3,-9.36,1,0.0272,0.727,0.0,0.128,0.438,136.135,4,acoustic,700740,2020-01-01 04:23,LATAM
0x26yM2rrvtoHGRXXzppx3,Takehara Pistol,リョウメンシダ/サンサーラ,サンサーラ,34,331984,False,0.45,0.183,2,-9.003,1,0.0309,0.762,3.41e-06,0.11,0.219,61.192,4,acoustic,218165,2020-01-01 04:24,MENA
0Kt5AHOpQAkEsHAuPeB0le,Allman Brown;Liz Lawrence,1000 Years,Sons and Daughters,50,216052,False,0.525,0.461,5,-9.489,0,0.0878,0.775,2.14e-06,0.362,0.202,147.997,4,acoustic,689965,2020-01-01 04:25,EU
07m8PuXxxv5J4qPEDq6ZkK,Ben Rector,Brand New,Brand New,65,243933,False,0.555,0.934,9,-5.04,1,0.113,0.00268,0.0,0.122,0.422,144.874,4,acoustic,759758,2020-01-01 04:26,US
1YjMWOorkBaP4MdKkKtp4y,The Weepies;Deb Talan;Steve Tannen,Say I Am You,Gotta Have You,56,199786,False,0.678,0.363,11,-10.9,1,0.0318,0.872,0.000101,0.0798,0.543,75.004,5,acoustic,696618,2020-01-01 04:27,US
1pV4cJaYl9ovK0GcSjH1hy,Eddy Tyler,Guitar Instrumental Covers,A Thousand Years,43,279916,False,0.586,0.396,10,-9.953,1,0.0319,0.896,0.543,0.0992,0.16,142.591,3,acoustic,374529,2020-01-01 04:28,MENA
2fSIF8CJhoc9CJhF9vJDXp,Ray LaMontagne,Trouble,Jolene,64,250866,False,0.588,0.142,7,-15.196,1,0.0329,0.863,0.000162,0.0953,,119.656,4,acoustic,117789,2020-01-01 04:29,LATAM
6J0bdIZElZMymahgVWRE9B,Eddie Vedder,Into The Wild (Music For The Motion Picture),No Ceiling,58,94053,False,0.724,0.652,3,-6.869,1,0.0247,0.46,0.000142,0.101,0.75,106.911,4,acoustic,898616,2020-01-01 04:30,EU
5sVyefkGgQeYCgnqr4KslQ,Joy Williams,Front Porch,Front Porch,64,231813,False,0.567,0.224,1,-10.024,1,0.0299,0.887,0.0,0.109,,124.44,4,acoustic,393891,2020-01-01 04:31,US
1MGIxsVtqK2npdPmI8Dj0D,Days N Daze,Rogue Taxidermy,Goodbye Lulu,35,150047,True,0.544,0.839,5,-8.991,1,0.0568,0.784,0.0,0.341,0.967,87.609,4,acoustic,824504,2020-01-01 04:32,EU
4M4suTUnAYZocl09XEKBZN,Ray LaMontagne,Cruising,Three More Days,36,216773,False,0.555,0.68,10,-8.358,0,0.0323,0.126,0.000906,0.0506,0.903,84.518,4,acoustic,278028,2020-01-01 04:33,LATAM
2C9ePPz58he8jmYEod9pvT,Callum J Wright,Isn't She Lovely (Acoustic),Isn't She Lovely - Acoustic,54,145771,False,0.69,0.306,9,-9.193,1,0.0356,0.805,0.0,0.0968,0.424,115.671,4,acoustic,246169,2020-01-01 04:34,MENA
0JzOJIS7ktLq5Ux6LtYJuW,John Adams,Fix You (Acoustic),Fix You - Acoustic,49,162963,False,0.494,0.152,3,-9.843,1,0.0313,0.947,0.0,0.123,0.304,134.178,4,acoustic,800335,2020-01-01 04:35,LATAM
298xJ2nBaWWS0Je5rtlSxT,Lusaint,I'm Yours (Acoustic),I'm Yours - Acoustic,55,166189,False,0.634,0.267,11,-7.396,1,0.044,0.841,0.0,0.11,0.391,143.514,4,acoustic,945757,2020-01-01 04:36,MENA
18PrtmAcNMgZNy1edWuXGb,Mother's Daughter;Beck Pete,A Sky Full of Stars,A Sky Full of Stars,55,165067,False,0.643,0.11,6,-14.28,1,0.0294,0.876,1.38e-05,0.112,0.152,101.995,4,acoustic,874566,2020-01-01 04:37,APAC
4CU3t2c3TIpmzX44P1VCFi,Aron Wright,I Don't Believe in Satan,I Don't Believe in Satan,39,208571,False,0.422,0.41,6,-14.151,0,0.0467,0.00855,0.0,0.104,0.354,83.952,4,acoustic,776120,2020-01-01 04:38,MENA
0dnRlO7IDzbN9ixVld7hz6,The Perishers,Let There Be Morning (Bonus Track Version),Pills,51,189240,False,0.543,0.288,0,-8.608,0,0.0258,0.667,0.0,0.113,0.293,95.435,4,acoustic,322012,2020-01-01 04:39,US
1XW1lKfocLOAUdp8rUQoNC,Tyler Ward;Madysyn,he said. she said.,Shallow - Acoustic,52,182553,False,0.332,0.282,7,-7.257,1,0.044,0.825,0.0,0.104,,187.057,4,acoustic,921888,2020-01-01 04:40,MENA
1TZBg0IBHvqfSAlHvVd8eH,Jonah Baker,Watermelon Sugar (Acoustic),Watermelon Sugar - Acoustic,56,183093,False,0.43,0.121,10,-15.148,1,0.0404,0.908,0.0,0.161,0.461,91.211,4,acoustic,701063,2020-01-01 04:41,US
5j5OayPyUCnJSK0RynvqgK,Matt Johnson;Jaclyn Davies,Say You Won't Let Go (Acoustic),Say You Won't Let Go - Acoustic,48,243724,False,0.432,0.197,3,-9.251,1,0.0414,0.87,0.0,0.11,0.348,163.985,4,acoustic,254947,2020-01-01 04:42,LATAM
4WtqjjSiGYHORMr6VX3td1,Kitri,Hikare Inochi,Hikare Inochi,41,322146,False,0.592,0.769,2,-5.268,1,0.0311,0.319,4.66e-06,0.137,0.385,102.033,4,acoustic,216426,2020-01-01 04:43,APAC
0Pi3Ua6fJV1Yx5MGXhfybT,Ben Woodward,Call You Mine (Acoustic Piano),Call You Mine (Acoustic Piano),40,209554,False,0.733,0.297,5,-14.452,1,0.0359,0.935,2.75e-06,0.108,0.766,103.953,4,acoustic,884044,2020-01-01 04:44,US
0c99BUd87HQfzgUUQqRyds,Kina Grannis,In the Waiting,For Now,57,198403,False,0.394,0.249,5,-10.484,1,0.0396,0.927,0.0,0.115,0.329,79.549,4,acoustic,347636,2020-01-01 04:45,US
7JRJOLKHz88pR0YS4pVCao,Greg Laswell,Three Flights From Alto Nido,Sweet Dream,53,67746,False,0.41,0.234,1,-15.236,1,0.0421,0.798,0.00304,0.108,0.19,93.72,4,acoustic,789302,2020-01-01 04:46,EU
0xlyMQ56pZAoGuLCs7GH90,Andrew Foy,Love Nwantiti,Love Nwantiti,30,129032,False,0.48,0.158,8,-15.239,1,0.0807,0.809,0.886,0.117,0.498,86.107,4,acoustic,224788,2020-01-01 04:47,EU
5dH4xnErpUOIDrGySWGkfJ,Ross Copperman,Stars Are on Your Side,Stars Are on Your Side,49,218004,False,,0.625,0,-8.31,1,0.0323,0.63,0.000211,0.0976,,84.611,4,acoustic,352484,2020-01-01 04:48,LATAM
2Sg5gtKvSiRf7TBjI0ObF2,Jonah Baker;Sara Phillips,Covers,We Don't Talk Anymore / Cold (feat. Sara Phillips),26,222911,False,0.524,0.328,11,-10.001,1,0.0403,0.817,0.0,0.118,0.599,99.941,4,acoustic,355168,2020-01-01 04:49,MENA
2AHZHeLTPuGILKyr4l8uTU,Joe Brooks,Constellation Me,Superman,53,206693,False,0.464,0.653,6,-7.514,1,0.101,0.199,0.0,0.0979,0.416,162.196,4,acoustic,352993,2020-01-01 04:50,US
2CsHDQ1WFLQBBpIEuLcL3z,Zack Tabudlo,Episode,Calm Me Down,51,282950,False,0.592,0.49,10,-8.508,1,0.0263,0.395,0.0,0.333,0.437,99.994,4,acoustic,707262,2020-01-01 04:51,LATAM
24Gm1mIhO28NmgT17S95JE,Masaharu Fukuyama,KISSして,KISSして,35,222626,False,0.467,0.851,6,-4.203,1,0.0526,0.000353,0.0,0.33,0.644,93.873,4,acoustic,922949,2020-01-01 04:52,MENA
6j9kSGlYLZdZ9sZkY9DjzY,Zack Tabudlo;James TW,Binibini (Last Day On Earth),Binibini (Last Day On Earth) (feat. James TW),54,219692,False,0.564,0.391,5,-7.655,1,0.0311,0.478,0.0,0.127,0.101,130.03,4,acoustic,919293,2020-01-01 04:53,APAC
2UJy2HHo4afrQbI5FizxLM,Ciaran Lavery,Kosher,Left for America,50,170786,False,0.498,0.384,4,-10.752,1,0.0976,0.818,0.000937,0.13,0.25,79.856,4,acoustic,767394,2020-01-01 04:54,EU
7HSk4yGZxfjOkHyOvZrBQZ,John Frusciante,To Record Only Water For Ten Days (U.S. Version),Ramparts,53,70133,False,0.386,0.428,10,-9.949,0,0.0295,0.951,0.882,0.162,0.73,172.311,4,acoustic,282269,2020-01-01 04:55,LATAM
2Jhx81CSHw8xWwBqRM2mZR,Chord Overstreet,Hold On (Acoustic),Hold On - Acoustic,48,200346,False,0.702,0.259,2,-9.73,1,0.0403,0.878,5.34e-06,0.108,0.246,120.102,4,acoustic,964521,2020-01-01 04:56,EU
5P6ZBMWS66FVo6deJaDdHy,The Civil Wars,The Civil Wars,Dust to Dust,49,229653,False,0.747,0.265,1,-14.141,1,0.0354,0.745,0.0169,0.11,0.2,138.017,4,acoustic,587870,2020-01-01 04:57,US
5SgFX13gtlQfsNUpoPshwD,Masaharu Fukuyama,Good night,Good night,35,354213,False,0.522,0.498,7,-7.247,1,0.0257,0.0758,1.51e-06,0.25,0.221,145.908,4,acoustic,591369,2020-01-01 04:58,US
7vu53hQrIoH7UGeh6qcct1,Zack Tabudlo,As You Are,As You Are,60,183969,False,0.715,,10,-6.147,0,0.0373,0.353,1.75e-06,0.108,0.447,81.07,4,acoustic,731251,2020-01-01 04:59,APAC
55RMhrPQYA6vLu5YMgXxFD,Zack Tabudlo,Episode,Binibini,65,221538,False,0.642,0.374,5,-10.606,1,0.032,0.423,1.54e-06,0.435,0.0979,129.863,4,acoustic,792185,2020-01-01 05:00,EU
2KsdoMZsL2ajnjjYUWm1ZT,Sara Farell,#Covers,It Aint Me,52,192545,False,0.354,0.415,9,-6.578,1,0.0289,0.797,0.0,0.107,0.421,175.537,4,acoustic,957629,2020-01-01 05:01,US
2fPb58e6f8KxejYDCaARwS,A Great Big World,Is There Anybody Out There?,Say Something,57,233266,False,0.447,0.158,2,-7.571,1,0.036,0.872,1.58e-06,0.0816,0.142,140.942,3,acoustic,624141,2020-01-01 05:02,US
4NxUuupOGPquDhy1yFIZK3,Ingrid Michaelson;AJR,The Lotto,The Lotto,59,193695,False,0.687,0.748,3,-4.54,1,0.0785,0.24,0.0,0.373,0.872,88.944,4,acoustic,649053,2020-01-01 05:03,US
0avtLG17MT8kDf9xc67Niv,Rodrigo y Gabriela,Rodrigo Y Gabriela,Tamacun,50,205800,False,0.588,0.914,7,-7.442,1,0.0341,0.832,0.856,0.103,0.971,128.553,4,acoustic,770974,2020-01-01 05:04,APAC
6jI7y83WjuyBne9b3IvdSs,Andrew Belle,The Ladder,Make It Without You,49,272612,False,0.456,0.205,1,-8.437,1,0.0313,0.92,0.00011,0.149,0.161,117.663,4,acoustic,329595,2020-01-01 05:05,US
0ngtyvPUKR4YTtkVKvZP02,Priscilla Ahn,A Good Day,Dream,54,211240,False,0.512,0.248,2,-10.359,1,0.0275,0.75,2.96e-05,0.114,0.158,109.692,3,acoustic,376941,2020-01-01 05:06,US
6DwgZO7AMYelPFwr8WPhpg,Priscilla Ahn,When Marnie Was There Song Album - Just Know That I Love You.,I Am Not Alone,46,252386,False,0.568,0.18,7,-11.707,1,0.0284,0.758,6.17e-05,0.111,0.228,112.033,4,acoustic,662929,2020-01-01 05:07,LATAM
5X3w2MfxgMTZkn2mTPQs0u,Joshua Hyslop,Echos,Stand Your Ground,62,203253,False,,0.271,7,-9.541,1,0.0283,0.658,4.59e-06,0.115,0.686,131.88,4,acoustic,157715,2020-01-01 05:08,APAC
5PCwedwyeLZQ6xAUIKbwos,Front Porch Step,I Never Loved Before I Found You,Perfect Man,32,291332,False,0.574,0.704,0,-4.65,1,0.0318,0.0931,0.000281,0.136,0.338,117.086,4,acoustic,388441,2020-01-01 05:09,EU
32kyGOJpEOTFKR9wvPSsxJ,Takehara Pistol,It's My Life,あ。っという間はあるさ,33,172373,False,0.64,0.895,9,-3.068,1,0.0316,0.273,0.0,0.247,0.94,115.941,4,acoustic,746195,2020-01-01 05:10,MENA
0ifc4mq2mVNefgQFmtXQpt,Eric Hutchinson,Pure Fiction,Tell The World,58,161328,False,0.669,0.854,4,-5.899,1,0.0431,0.0653,0.0,0.288,0.706,120.035,4,acoustic,978514,2020-01-01 05:11,MENA
2gJ3ZOaiWr3jGHwevufOxr,Brett Dennen,So Much More (Special Edition),Ain't No Reason,57,220306,False,0.615,0.358,5,-9.694,1,0.0552,0.705,0.0,0.113,0.432,146.06,4,acoustic,567546,2020-01-01 05:12,APAC
37jsciEAFxwyjXx0kV6aO6,Rail Yard Ghosts,Songs from the Lowdown,A Month from Now,34,192392,False,0.415,0.619,2,-7.624,0,0.123,0.946,2.75e-05,0.799,0.739,77.009,4,acoustic,459708,2020-01-01 05:13,LATAM
22KbVMZekQbkrHGrubQTpQ,Five For Fighting,Bookmarks,What If,55,207228,False,0.565,0.895,0,-5.354,1,0.04,0.194,0.0,0.101,0.592,149.919,4,acoustic,496338,2020-01-01 05:14,APAC
4RiKD76gS8huCzwWqw0EGC,The Bridge City Sinners,Bridge City Sinners,Pussy Cat,33,122874,False,0.586,0.702,0,-4.418,1,0.132,0.59,0.0,0.146,0.644,177.598,4,acoustic,716884,2020-01-01 05:15,LATAM
3XFhSbm8EdZD6Cjrm1dNJQ,Frank Turner,Tape Deck Heart (Deluxe Edition),Polaroid Picture,33,223015,False,0.564,0.604,7,-5.055,1,0.0549,0.0287,4.74e-06,0.108,0.341,113.091,4,acoustic,590026,2020-01-01 05:16,US
3nImoHhXBOqYcdTN8gt9eE,Matt Costa,sadsadchristmas,I Bet On Flying High,0,155000,False,0.543,0.359,8,-6.571,1,0.0302,0.651,0.0,0.0981,0.346,109.735,4,acoustic,120904,2020-01-01 05:17,US
0B3g35bVxJ42Y0W0I5WBIU,Matt Costa,Christmas Vibes But Not Christmas Songs,I Bet On Flying High,0,155000,False,0.543,0.359,8,-6.571,1,0.0302,0.651,0.0,0.0981,0.346,109.735,4,acoustic,585315,2020-01-01 05:18,EU
1igSa6QILI1jyE970ZMYW1,Matt Costa,Acoustic Christmas Campfire,I Bet On Flying High,0,155000,False,0.543,0.359,8,-6.571,1,0.0302,0.651,0.0,0.0981,0.346,109.735,4,acoustic,460054,2020-01-01 05:19,MENA
4AYITlwiumljGdv0NIGR4T,Jonah Baker,Mirrors (Acoustic),Mirrors - Acoustic,52,224170,False,0.638,0.287,8,-11.174,0,0.0412,0.81,0.0,0.0804,0.445,128.025,4,acoustic,730720,2020-01-01 05:20,US
3YvutLE6lwEyW4WMF5FIi6,Aqualung;Kina Grannis,10 Futures,To the Wonder (feat. Kina Grannis),21,239004,False,0.515,0.46,9,-11.261,0,0.0436,0.891,0.14,0.0874,0.259,140.067,4,acoustic,887595,2020-01-01 05:21,US
3geIJghtdmVc7GeJio1xlj,Jonah Baker,Stay - Acoustic,Stay - Acoustic,50,181311,False,0.622,0.221,9,-14.335,1,0.0583,0.901,0.0,0.107,0.297,131.827,4,acoustic,966202,2020-01-01 05:22,MENA
1yycinn2WICj4UKGQ9xPjD,Ichiko Aoba,マホロボシヤ,太陽さん,55,144653,False,0.44,0.0353,6,-20.858,1,0.0522,0.99,0.00312,0.108,,181.988,4,acoustic,649204,2020-01-01 05:23,LATAM
5Z8O4RFAmjA13jrOYIgyXA,Kina Grannis,Oh What A Love,Oh What A Love,46,235135,False,0.457,0.064,6,-19.928,1,0.0339,0.941,0.108,0.107,0.0647,147.824,3,acoustic,426305,2020-01-01 05:24,APAC
1ABd3bWsG4FCKePjXeVfJG,Meiko,The Bright Side,Leave The Lights On,56,248360,False,0.649,0.821,1,-6.483,0,0.0313,0.0302,0.000141,0.0843,0.661,121.938,4,acoustic,499548,2020-01-01 05:25,US
4I18rXWixQBWc8JhTqx6Xn,Erin McCarley,I Won't Let You Down,I Won't Let You Down,40,198344,False,0.495,0.329,7,-11.661,1,0.0386,0.652,7.61e-05,0.0606,0.0919,72.992,4,acoustic,258815,2020-01-01 05:26,US
3IORLAm07yxo4T7B8cRET3,Jason Mraz,Look For The Good,Look For The Good (Single Version),21,239697,False,0.71,0.615,0,-8.23,1,0.133,0.0384,0.0,0.283,0.746,90.263,4,acoustic,942342,2020-01-01 05:27,APAC
4sAX65hbNtEC1lceCdGuMt,Isabella Celander,Stargazing,Stargazing,55,186334,False,,0.204,7,-12.427,1,0.0301,0.932,1.73e-06,0.119,0.525,139.587,4,acoustic,862579,2020-01-01 05:28,LATAM
7vg5fesQdq5I7Z7XGdyJd5,Roses & Frey,Bad Liar,Bad Liar,50,226877,False,,0.195,7,-11.02,1,0.0264,0.926,0.0,0.139,0.176,82.114,4,acoustic,868585,2020-01-01 05:29,EU
2TRXV6DoQLjdRrBR6ED6NP,Us The Duo,Slow Down Time,Slow Down Time,44,196920,False,0.733,0.657,2,-6.843,1,0.0272,0.013,6.73e-05,0.317,0.433,109.954,4,acoustic,395310,2020-01-01 05:30,MENA
6xXvAzowcCQmoKdDr1oIFJ,Amber Leigh Irish,Simply Acoustic,2002 - Acoustic,57,145056,False,0.589,0.296,0,-9.335,1,0.083,0.842,0.0,0.0736,0.611,165.799,3,acoustic,389993,2020-01-01 05:31,LATAM
0QzY6rP7C8IWMnpEyuQmC6,Daniel Robinson,Heat Waves (Acoustic),Heat Waves - Acoustic,56,193027,False,0.659,0.338,6,-10.367,0,0.0376,0.842,0.0,0.277,0.495,145.877,4,acoustic,870951,2020-01-01 05:32,APAC
3XdStlaHnq3JrmQDCRqEET,Yosui Inoue;Tamio Okuda,ショッピング,アジアの純真,32,233280,False,0.732,0.83,0,-6.63,1,0.0309,0.201,3.04e-05,0.0802,0.871,111.664,4,acoustic,590093,2020-01-01 05:33,US
4h3rI4uxGsbA4LsLt1nB2t,Jonah Baker;Celine,If the World Was Ending (Acoustic),If the World Was Ending - Acoustic,35,213091,False,0.522,0.202,9,-13.38,1,0.0861,0.918,0.0,0.185,0.457,147.992,4,acoustic,734189,2020-01-01 05:34,LATAM
2KhS0LVOw9ralhfbcIi7vL,Greg Laswell,Three Flights From Alto Nido,Comes And Goes (In Waves),55,253546,False,0.565,0.698,0,-8.596,1,0.0295,0.54,0.0183,0.124,0.155,120.013,4,acoustic,540841,2020-01-01 05:35,APAC
6fPblqm2OhtEKvaUEQzLzJ,Masaharu Fukuyama,残響,ながれ星,33,317400,False,0.474,0.408,7,-11.42,1,0.0332,0.603,2.77e-05,0.104,0.238,143.881,4,acoustic,498492,2020-01-01 05:36,MENA
0wFSrH6x1iQOdUljUueAcd,Blame Jones,Acoustic Versions,Dusk Till Dawn - Acoustic,46,167616,False,0.543,0.244,0,-8.062,1,0.0511,0.864,0.0,0.112,0.29,126.341,3,acoustic,668981,2020-01-01 05:37,US
1wSZdWFZphxDh6iJhWlIUi,Ben Woodward,Don't Wanna Leave You,Don't Wanna Leave You,38,211672,False,0.672,0.644,11,-9.063,1,0.236,0.795,0.0,0.146,0.549,148.135,4,acoustic,831682,2020-01-01 05:38,APAC
5ZpSUdy5wL5Hvwsqz6JCAt,Stephen Speaks,Passenger Seat,Passenger Seat,65,274245,False,0.515,0.769,7,-5.696,1,0.031,0.0456,0.00436,0.0961,0.644,153.046,4,acoustic,400699,2020-01-01 05:39,MENA
3mDvi0k4LuCA7ViLf3Qb3O,Matt White,Best Days,Love,60,170040,False,0.759,0.684,0,-5.751,1,0.0315,0.269,0.0,0.13,0.759,107.948,4,acoustic,828229,2020-01-01 05:40,APAC
09t3kwndNebf3RV8DZ5pw3,Madi Diaz,Phantom,Ashes,37,250146,False,0.497,0.254,8,-11.716,0,0.0341,0.891,0.0441,0.122,0.0676,110.864,3,acoustic,319784,2020-01-01 05:41,EU
3yVSlc3y7YWZPAreTHjH9v,Masaharu Fukuyama,残響,明日の☆SHOW,34,290480,False,0.644,0.603,10,-5.83,1,0.0263,0.306,0.0,0.262,0.516,113.413,4,acoustic,462544,2020-01-01 05:42,EU
3SxMBVdL2gxhX5V5dXF9jy,Canyon City,Bluebird,Lost Sparks,51,225400,False,0.548,0.3,4,-12.71,1,0.0298,0.757,9.28e-06,0.0851,0.264,135.902,4,acoustic,921403,2020-01-01 05:43,US
6XCPQygbj33s7OUxlbo6bX,Tristan Prettyman,Back to Home,Who We Are,48,259877,False,0.521,0.507,7,-7.007,1,0.0319,0.0162,4.43e-05,0.148,0.153,108.168,4,acoustic,959006,2020-01-01 05:44,EU
0IZJR2XrPdWqHdnpaPixw9,Masaharu Fukuyama,SING A SONG,Heart (Original Version),34,288426,False,0.587,0.842,4,-6.04,1,0.0268,0.278,0.0,0.163,0.693,97.013,4,acoustic,931486,2020-01-01 05:45,APAC
3VIbZxc3oo1eAlb7tcRsG1,JJ Heller,It'll Be Alright,It'll Be Alright,51,219363,False,0.543,0.324,0,-11.258,1,0.0316,0.452,2.81e-05,0.412,0.181,139.883,4,acoustic,384439,2020-01-01 05:46,MENA
3SBzDgdTwHOMSik82ZI6L2,Ingrid Michaelson,Everybody,Everybody,54,208426,False,0.742,0.636,11,-6.744,1,0.0331,0.446,0.0,0.0817,0.48,95.002,4,acoustic,858989,2020-01-01 05:47,LATAM
2hSag78vkaBXqpaDF3serw,Mark Oblea,Kabilugan Ng Buwan,Kabilugan Ng Buwan,32,283480,False,0.707,0.402,4,-9.773,1,0.0251,0.677,0.0,0.104,0.313,94.99,4,acoustic,942477,2020-01-01 05:48,LATAM
3wpZTp7HM8Dv25oExNgCC6,Ingrid Michaelson,Be OK,Keep Breathing,54,205586,False,0.52,0.308,7,-11.996,1,0.0331,0.776,0.00285,0.115,,125.93,3,acoustic,980383,2020-01-01 05:49,APAC
3e5UDAmMzMUM95PqjVHC4L,Andrew Belle,The Ladder,The Ladder,55,227128,False,0.681,0.608,8,-8.369,1,0.0339,0.62,0.000425,0.136,0.315,123.991,4,acoustic,118813,2020-01-01 05:50,LATAM
2jcDDdBy1foaBC8X9owMrZ,Masaharu Fukuyama,HELLO,HELLO (Original Version),34,243066,False,0.569,0.861,1,-4.547,0,0.0406,0.0425,0.0,0.204,0.511,77.983,4,acoustic,770491,2020-01-01 05:51,LATAM
7KC4B2R255iYIPVG8S7Eey,Hanare Gumi,だれそかれそ,接吻,33,369200,False,0.707,0.296,7,-11.633,1,0.078,0.283,0.0,0.0601,0.65,88.006,4,acoustic,997070,2020-01-01 05:52,LATAM
7DUnyslSCb05yeSmGGTJ81,Brett Dennen;Benedict Cumberbatch,August: Osage County (Original Motion Picture Soundtrack),Can't Keep It Inside,45,77093,False,0.519,0.0646,2,-18.898,1,0.0433,0.982,3.84e-06,0.105,0.395,121.696,4,acoustic,788199,2020-01-01 05:53,US
2lXGLbSXrSACMa2oelt4TE,Hanare Gumi,音タイム,明日天気になれ,33,244840,False,0.608,0.705,3,-5.178,1,0.0253,0.078,8.36e-05,0.179,0.621,111.204,4,acoustic,309856,2020-01-01 05:54,EU
6uZroCk7E7L7RhY7NAvC3Y,Masaharu Fukuyama,IT'S ONLY LOVE,IT'S ONLY LOVE,34,275266,False,0.585,0.734,9,-5.365,1,0.032,0.0334,0.0,0.0934,0.413,117.84,4,acoustic,786330,2020-01-01 05:55,LATAM
6ITdND5IQ7lHzjkyJZSt53,Masaharu Fukuyama,虹/ひまわり/それがすべてさ,それがすべてさ,34,330720,False,0.527,0.89,7,-5.651,1,0.0665,0.00433,0.0,0.118,0.425,102.644,4,acoustic,194719,2020-01-01 05:56,MENA
71vcffc4Yfz0pt9AbaL386,A Great Big World,Is There Anybody Out There? - Track by Track Commentary,I Don't Wanna Love Somebody Else,49,163960,False,0.495,0.22,5,-11.16,1,0.0355,0.847,1.4e-06,0.0957,0.345,126.618,4,acoustic,532546,2020-01-01 05:57,EU
7wbSp6u3cGj5GTN0lNxZ4X,RENT STRIKE,Burn It All!,Burn It All!,33,193874,False,0.628,,6,-8.539,1,0.0416,0.395,4.28e-06,0.106,0.157,99.696,1,acoustic,663604,2020-01-01 05:58,US
0HL3y3bsKSARBSP0qaImwb,Brandi Carlile,Onward (Original Motion Picture Soundtrack),Carried Me With You,62,213732,False,0.639,0.666,0,-7.775,1,0.0636,0.271,0.0,0.111,0.372,98.384,4,acoustic,510806,2020-01-01 05:59,US
3NrUMv6TqphWgk2PdDdg4H,Get Dead,Dancing with the Curse,Pepperspray,32,136543,False,0.539,0.675,2,-6.987,1,0.0709,0.188,0.0,0.198,0.719,142.041,4,acoustic,729849,2020-01-01 06:00,MENA
42mkE3wbofBNickLHgdVlo,Get Dead,Dancing with the Curse,Stickup,32,223707,True,0.487,0.837,0,-5.865,1,0.0623,0.0133,0.0,0.102,0.207,160.025,4,acoustic,316203,2020-01-01 06:01,LATAM
3Re0unscFRNOkwwEGtxhCO,Grace George,Heaven (Acoustic),Heaven - Acoustic,54,188181,False,0.529,0.24,0,-9.066,1,0.037,0.938,0.0,0.0659,0.487,131.266,4,acoustic,645597,2020-01-01 06:02,LATAM
4H7MpMZ4p3Cc06B11bcgL7,Jack Savoretti,Days Gone (Original Soundtrack),Soldier's Eyes,50,171760,False,0.666,0.289,7,-12.404,1,0.0317,0.641,8.2e-06,0.109,0.415,109.965,4,acoustic,680336,2020-01-01 06:03,APAC
7AKxbxzkxm2ERWrd1ggniO,Ichiko Aoba,Asleep Among Endives,Asleep Among Endives,58,306243,False,0.451,0.0318,0,-19.933,0,0.0421,0.983,0.0532,0.0989,0.148,123.985,4,acoustic,670415,2020-01-01 06:04,US
6JAXWoK53LV3hYARf4TzzP,Thomas Daniel,Symphony,Symphony - Acoustic,49,192389,False,0.359,0.208,7,-10.567,1,0.036,0.943,0.0,0.0931,0.105,83.155,3,acoustic,360387,2020-01-01 06:05,APAC
5LuSu8fS8PGCH88EDPLYcy,Amber Leigh Irish,Save Your Tears (Acoustic),Save Your Tears - Acoustic,49,177818,False,0.693,0.111,0,-12.356,1,0.0379,0.937,1.47e-06,0.0858,0.247,110.813,4,acoustic,374843,2020-01-01 06:06,EU
4nmjL1mUKOAfAbo9QG9tSE,Gen Hoshino,POP VIRUS,Koi,53,251266,False,0.598,0.819,9,-2.619,1,0.0911,0.00081,0.0,0.218,0.878,158.115,4,acoustic,332027,2020-01-01 06:07,EU
4A6GiKusHlmrtqCyKAyPg2,Richard Walters,A.M.,July Bones,54,239400,False,0.596,0.27,2,-11.486,1,0.0265,0.785,0.134,0.0647,0.155,100.006,4,acoustic,515598,2020-01-01 06:08,MENA
6y4PDihMDJdFRjhunzpJ6s,Kaiak;Viktoria Tolstoy,Autumn Breeze,Autumn Breeze,50,241413,False,0.589,0.334,7,-10.08,1,0.029,0.832,0.0,0.133,0.208,80.036,4,acoustic,627364,2020-01-01 06:09,APAC
45SbQo5bq8f0hNdB70IyFC,Boyce Avenue,Save Your Tears,Save Your Tears,57,216800,False,0.735,0.275,8,-8.994,0,0.0304,0.746,0.0,0.131,0.294,116.004,4,acoustic,426282,2020-01-01 06:10,EU
4l2fpkIEUWv7G9DNp9M2nr,Bailey Rushlow,You're Still The One (Acoustic),You're Still The One - Acoustic,53,161306,False,,0.168,2,-11.388,1,0.0496,0.887,0.0,0.12,0.398,119.836,4,acoustic,468983,2020-01-01 06:11,LATAM
1wflx5YklLYToaIbXkrZSq,Kina Grannis,Somebody Loved,Somebody Loved,57,153105,False,0.612,0.107,0,-15.867,1,0.0302,0.936,0.0,0.109,0.637,78.393,4,acoustic,357770,2020-01-01 06:12,EU
6f9qzNP6elRi8i2NgqGoE5,John Adams,Bohemian Rhapsody (Acoustic),Bohemian Rhapsody - Acoustic,52,173426,False,0.451,0.0665,0,-13.862,0,0.0516,0.967,1.06e-06,0.109,0.349,64.289,4,acoustic,296970,2020-01-01 06:13,APAC
39dhIbeOy13KQlVlLM0m8G,Amber Leigh Irish,As It Was (Acoustic),As It Was - Acoustic,51,144644,False,0.595,0.0477,11,-14.672,1,0.0662,0.923,0.0,0.0909,,118.162,3,acoustic,691693,2020-01-01 06:14,APAC
3m0jiOJfxIqGGsRKMOA2uQ,Canyon City,Wish List,Wish List,46,212760,False,0.307,0.11,1,-15.253,1,0.0388,0.733,6.04e-06,0.111,0.32,201.008,3,acoustic,834449,2020-01-01 06:15,US
6IiFTtc2ipIXW5HzwFzOjh,Chord Overstreet,Beautiful Disaster,Beautiful Disaster,41,241758,False,0.3,0.27,8,-14.397,0,0.0371,0.9,4.47e-05,0.1,,144.589,4,acoustic,361633,2020-01-01 06:16,US
2JI53ZVCxMucM68UpCtZ5C,Wayne Mack,Fake a smile,Fake a smile,57,169600,False,0.731,0.191,0,-11.359,1,0.122,0.735,0.671,0.131,,149.91,4,acoustic,874512,2020-01-01 06:17,US
5NqGfELjcdvRIUuhgZJ34W,Aimyon,Momentary Sixth Sense,Marigold,50,306626,False,0.545,0.745,2,-3.098,1,0.0286,0.0452,0.0,0.0907,0.413,106.094,4,acoustic,613879,2020-01-01 06:18,US
0Bv0qHGKNiwzDtHzXrjmIn,Sungha Jung,Irony,River Flows In You,42,214466,False,0.356,0.23,6,-16.957,0,0.0519,0.923,0.801,0.112,0.11,129.532,4,acoustic,250929,2020-01-01 06:19,US
7z2DKGAsPPdxOwTzMaVYD4,Tamio Okuda,Bullet Train (Original Motion Picture Soundtrack),Kill Me Pretty,47,160466,False,0.432,0.796,7,-7.262,1,0.0606,0.000153,0.00209,0.266,0.271,141.868,4,acoustic,429398,2020-01-01 06:20,US
2XW4AAjfBQTzp7Oe1tU702,Us The Duo,No Matter Where You Are,No Matter Where You Are,55,178826,False,0.693,0.664,4,-5.852,1,0.0336,0.0309,0.0,0.223,0.436,132.059,4,acoustic,106756,2020-01-01 06:21,LATAM
7Afr3PKTtlFGHGiXYgnv6P,Ben Rector,The Walking in Between,I Like You,56,138506,False,0.624,0.334,3,-11.89,1,0.0391,0.321,3.27e-06,0.113,0.397,157.92,4,acoustic,135252,2020-01-01 06:22,MENA
5CijCh8uOTWZO9DQpYwAXw,Parachute,Losing Sleep,The Mess I Made,49,230613,False,0.423,0.572,6,-5.109,1,0.0347,0.0158,0.0,0.231,0.17,165.394,4,acoustic,402516,2020-01-01 06:23,APAC
6xAjAocTRpKamQlCy50RRQ,Zee Avi,Zee Avi's Nightlight,Dream a Little Dream of Me,50,111842,False,0.555,0.0879,0,-12.141,1,0.0477,0.968,0.0,0.096,0.428,84.174,4,acoustic,509015,2020-01-01 06:24,US
6xMm545wcSYbhNFB2Jr2EP,Boyce Avenue,Wonderful Tonight,Wonderful Tonight,52,220507,False,0.671,0.299,7,-10.582,1,0.0284,0.753,1.71e-06,0.0975,0.286,95.008,4,acoustic,817758,2020-01-01 06:25,MENA
7pq5vONxrAy8T773nhkiW3,Gabrielle Aplin,English Rain,Salvation,50,248506,False,0.379,0.267,4,-8.981,1,0.0293,0.605,0.00322,0.152,0.229,135.198,4,acoustic,220872,2020-01-01 06:26,US
2dS2710jYUM8gE2V1KC3uG,Jon Bryant,Twenty Something,Wilderness,53,269986,False,0.499,0.209,3,-16.668,1,0.0305,0.882,0.00491,0.088,0.138,82.892,4,acoustic,855255,2020-01-01 06:27,MENA
2jcdviEbZPIpwM10JBQNYc,Masaharu Fukuyama,Calling,恋人 (Original Version),33,272773,False,0.649,0.336,7,-12.053,1,0.0299,0.27,0.0,0.137,0.47,71.967,4,acoustic,311070,2020-01-01 06:28,US
6wVxhM5GJiZCro0xPWox6g,Bailey Pelkman;Randy Rektor,Acoustic Duets,I Just Called To Say I Love You,54,189646,False,,0.257,0,-9.878,1,0.0312,0.772,0.0,0.107,0.348,132.032,4,acoustic,224496,2020-01-01 06:29,LATAM
7oyFihJppZYPP7o0NfoHnZ,A Great Big World;Christina Aguilera,Particles,Fall on Me,50,262820,False,0.393,0.268,9,-6.741,1,0.0385,0.697,0.0,0.11,0.225,110.456,4,acoustic,729902,2020-01-01 06:30,US
2a0WwSvmFdXPTdDMilPA1y,John Frusciante,Shadows Collide With People,Song To Sing When I'm Lonely,54,195213,False,0.629,0.673,6,-4.379,1,0.0262,0.294,0.0109,0.139,0.419,114.243,4,acoustic,796901,2020-01-01 06:31,APAC
0vxlqUrmgsiyAWOHaAfnSK,Ron Pope,Daylight,A Drop In the Ocean,55,228311,False,0.458,0.363,5,-6.473,1,0.032,0.892,3.79e-06,0.155,0.492,134.252,3,acoustic,644420,2020-01-01 06:32,US
78ylzQxu8Ht3gbFq5hI9Vo,Tres Hermanas,Have Yourself a Merry Little Christmas,Have Yourself a Merry Little Christmas,32,155792,False,0.452,0.268,8,-9.405,1,0.0311,0.961,2.85e-05,0.119,0.265,66.805,4,acoustic,204133,2020-01-01 06:33,MENA
1BZnc6VaggPnrQyjem5Dpf,Masaharu Fukuyama,Message/今 このひとときが 遠い夢のように,Message (Original Version),33,256506,False,0.616,0.791,9,-6.246,1,0.0293,0.0599,3.97e-06,0.318,,126.764,4,acoustic,203810,2020-01-01 06:34,EU
674WNL7f5Xo8XxtipzB3ao,The Mayries,#Acoustic #2,Heaven Is a Place on Earth,56,193333,False,0.634,0.176,0,-14.703,1,0.0307,0.931,1.6e-06,0.136,0.335,107.974,4,acoustic,451055,2020-01-01 06:35,LATAM
73Nw51XTNstlk3Wu1K26cB,Stephen Speaks,No More Doubt,Passenger Seat (Acoustic),63,273066,False,,0.437,7,-8.64,1,0.0313,0.682,1.59e-05,0.224,0.688,153.604,4,acoustic,505539,2020-01-01 06:36,EU
5OWl1kO0gRlPxmp1wFyIWZ,Eddie Vedder,Into The Wild (Music For The Motion Picture),Guaranteed - Humming Version,48,162309,False,0.292,0.339,7,-13.153,1,0.032,0.923,0.879,0.111,0.343,100.69,4,acoustic,998747,2020-01-01 06:37,MENA
2oLaalXlOgiJ70CaI992BA,John Frusciante;Josh Klinghoffer,A Sphere in the Heart of Silence,The Afterglow,31,319320,False,0.636,0.869,6,-5.095,0,0.0284,0.129,0.0554,0.272,0.369,124.183,4,acoustic,357827,2020-01-01 06:38,LATAM
0rQ146AWbwiDC1DheKXJxm,Frank Turner,West Coast vs. Wessex,Eat the Meek,31,237093,False,0.486,0.913,5,-6.416,1,0.0616,2.45e-05,0.289,0.225,0.334,136.073,4,acoustic,273331,2020-01-01 06:39,APAC
5ZUObJNpVt2l9GogUSfALc,Joy Williams,Front Porch,The Trouble with Wanting,60,235586,False,0.396,0.198,2,-9.096,1,0.031,0.912,0.0,0.0972,0.19,138.624,3,acoustic,951310,2020-01-01 06:40,MENA
1jyddn36UN4tVsJGtaJfem,Ray LaMontagne,Gossip In The Grain,You Are the Best Thing,67,231840,False,0.578,0.727,10,-4.872,1,0.0332,0.0304,1.99e-05,0.172,0.885,170.593,4,acoustic,238567,2020-01-01 06:41,LATAM
73JI06Eznb1N22KHpo3HL7,Mischief Brew,Bacchanal 'N' Philadelphia,Boycott Me!,33,163666,False,0.684,0.509,4,-7.608,1,0.0334,0.571,0.0,0.402,0.69,132.297,4,acoustic,123762,2020-01-01 06:42,EU
0YG5wOXVpvNUyPihvr1zsa,Days N Daze;Freddie Boatright,Crustfall,To Risk to Live,32,122026,True,0.623,0.567,10,-7.779,1,0.037,0.831,6.44e-06,0.104,0.929,129.949,4,acoustic,480519,2020-01-01 06:43,US
6339iq4yAm87arKgnNc922,Zee Avi,Acoustic Christmas Campfire,No Christmas For Me,0,160666,False,0.809,0.313,9,17.882,1,0.0428,0.876,0.0,0.112,0.35,378.258,4,acoustic,460973,2020-01-01 06:44,US
6mFsYlDjG2Esy5hXhNy78t,Get Dead,Tall Cans & Loose Ends,This One's for Johnny,31,195640,False,0.482,0.772,1,-5.128,1,0.0318,0.0265,0.0,0.269,0.586,129.91,4,acoustic,657701,2020-01-01 06:45,MENA
7c0YUDcJreOv1OoBGf1KdH,Highland Peak,Graveyard,Graveyard - Acoustic,45,254296,False,0.425,0.249,4,-12.219,0,0.0355,0.87,0.00175,0.124,0.235,123.632,4,acoustic,889960,2020-01-01 06:46,MENA
3V0NxWbbUTa3BUAnchm11i,Ichiko Aoba,amuletum bouquet,bouquet,56,256361,False,0.298,0.044,5,-20.176,1,0.035,0.983,0.124,0.101,0.115,85.708,4,acoustic,939609,2020-01-01 06:47,LATAM
3c8k1iPo45JM4fKvIfumwh,Aoi Teshima,Highlights from Aoi Works II,こころをこめて,45,297266,False,0.468,0.254,6,-11.839,1,0.0303,0.938,0.000442,0.107,0.242,135.862,4,acoustic,360674,2020-01-01 06:48,MENA
5oDDFjWMz0KiMmRzWSFfQ6,AcousticTrench,Paradise,Paradise,42,170125,False,0.507,0.191,5,-16.342,1,0.0408,0.99,0.933,0.108,0.221,132.131,4,acoustic,982738,2020-01-01 06:49,US
5TIXBnwtMYwgC9yc1QjFp7,Parachute,Parachute,Better,46,273026,False,0.515,0.249,8,-10.108,0,0.044,0.793,0.0,0.102,0.213,108.89,5,acoustic,669394,2020-01-01 06:50,APAC
4GiLKZ6Fd3d5UMJMGuzAA0,Matt Nathanson,American Wedding,Laid,50,182826,False,0.565,0.89,0,-5.481,1,0.0285,0.00537,6.61e-05,0.213,0.744,119.862,4,acoustic,162676,2020-01-01 06:51,US
6cYx8rBh13laBDAzvD7VrH,Lee DeWyze,Oil & Water,Same For You,45,217373,False,,0.433,11,-7.682,0,0.029,0.86,0.43,0.0877,0.489,130.111,4,acoustic,944600,2020-01-01 06:52,US
1jUyxF7NmNXGlZQDVw40O8,Clementine Duo,2U (Acoustic Version),2U - Acoustic Version,56,208102,False,0.657,0.192,10,-13.108,0,0.0365,0.894,0.0,0.157,0.305,130.087,4,acoustic,224197,2020-01-01 06:53,US
4G8wt3fUBpgBjI35TBF2eQ,Rachael Yamagata,Elephants...Teeth Sinking Into Heart (Standard Version),Duet,43,241120,False,0.459,0.14,9,-15.482,1,0.0367,0.895,0.00565,0.138,0.146,128.904,4,acoustic,629735,2020-01-01 06:54,LATAM
4eSOx2FzrVXpKmtssY59LB,Brandon Chase,I'll Say I Do,I'll Say I Do,39,235000,False,0.391,0.31,7,-8.706,1,0.0268,0.614,3.6e-06,0.1,0.295,83.46,4,acoustic,811663,2020-01-01 06:55,US
0YhsOegsemgmT7ZHdWheUy,Bailey Jehl,Anyone,Anyone,53,172766,False,0.371,0.208,11,-13.167,1,0.0462,0.912,0.0,0.105,,199.805,4,acoustic,324494,2020-01-01 06:56,US
1WSF2SjtfkV8LjTlF8uCZH,Gabrielle Aplin,English Rain,Start of Time,45,239855,False,0.453,0.461,0,-9.328,0,0.0329,0.165,0.0,0.109,0.0844,106.84,5,acoustic,343568,2020-01-01 06:57,US
6pTZ8Oy1xGKGCE4saVScoy,Zack Tabudlo,In The Mood For Love,Give Me Your Forever,32,244800,False,0.627,0.363,8,-8.127,1,0.0291,0.279,0.0,0.0928,0.301,99.905,4,acoustic,528558,2020-01-01 06:58,EU
4efRaNW2VgDf3pjbm8y4tr,Bailey Jehl,Heat Waves,Heat Waves,53,141286,False,,,11,-12.724,1,0.0386,0.879,0.0,0.101,0.401,125.515,4,acoustic,896363,2020-01-01 06:59,MENA
4khjcb6Mpegp1N596VVyf6,Clementine Duo,There She Goes,There She Goes,54,145514,False,0.724,0.28,9,-12.788,1,0.0303,0.755,0.0,0.326,0.527,106.966,4,acoustic,301242,2020-01-01 07:00,US
1WiVvolTPvAsVOd64HZi4X,Joshua Hyslop,Wells,Wells,51,223386,False,0.535,0.444,6,-11.212,1,0.0291,0.669,0.0278,0.104,0.217,83.99,4,acoustic,697107,2020-01-01 07:01,EU
1YnLthg0HOs8YTzgN5hVh2,Kina Grannis;Imaginary Future,God Only Knows,God Only Knows,55,136542,False,0.658,0.125,8,-15.901,1,0.0323,0.877,0.0,0.287,0.507,106.686,4,acoustic,507332,2020-01-01 07:02,LATAM
0N7UyDRbyHe2L63ilYDcRK,Andrew Foy;Renee Foy,Afterglow,Afterglow,33,211358,False,0.711,0.168,0,-16.504,1,0.0367,0.868,1.99e-05,0.114,0.299,109.937,4,acoustic,200660,2020-01-01 07:03,MENA
5EndcDV7pcbLO4jE2GBZwC,Kurt Cobain,Montage Of Heck: The Home Recordings (Deluxe Soundtrack),Burn The Rain,55,76453,False,0.504,0.415,8,-19.308,0,0.121,0.879,0.494,0.35,0.626,114.263,4,acoustic,739788,2020-01-01 07:04,US
0MjXRAftpVBuNGYsNV1obJ,Us The Duo,Just Love,Already Mine,46,273126,False,,0.175,8,-11.816,1,0.0331,0.913,6.15e-05,0.118,0.198,155.69,3,acoustic,849275,2020-01-01 07:05,MENA
2O16qeSdWeec3Kte6TKW9p,Hanare Gumi,オアシス,きみはぼくのともだち,30,268736,False,0.628,0.027,11,-13.64,0,0.0485,0.944,0.0006,0.0909,0.203,122.007,4,acoustic,618070,2020-01-01 07:06,APAC
1W5j84OLhShyEIJEwaLzaU,Gabrielle Aplin,Never Be the Same,Never Be the Same,46,205658,False,,0.674,1,-7.276,1,0.0322,0.19,0.000143,0.0634,0.288,122.807,4,acoustic,258720,2020-01-01 07:07,APAC
3KAQ4xe2sR6IiltZw8HSA5,Austin Basham,You and Me for Now,All Is Well,60,256680,False,0.316,0.413,11,-12.216,1,0.0334,0.856,0.00245,0.143,0.245,155.69,4,acoustic,240152,2020-01-01 07:08,US
60wxK3idlzc3lykP8cYZ2l,Gabrielle Aplin,Dear Happy,My Mistake,51,265386,False,0.47,0.271,6,-7.636,1,0.0342,0.799,0.0,0.119,0.0943,145.902,4,acoustic,481145,2020-01-01 07:09,EU
2O7FC4XbIrJ6Ib8bsq0FYC,Us The Duo,Us,Near Or Far,47,219306,False,0.515,0.317,9,-10.286,1,0.0283,0.816,0.0,0.0973,0.512,79.91,4,acoustic,555776,2020-01-01 07:10,US
1CYBnHYYbOAsuDCGa0zrw0,Drew Holcomb & The Neighbors,Without a Light,Without a Light,60,142200,False,0.493,0.435,7,-12.334,1,0.0423,0.656,0.000327,0.118,,87.952,4,acoustic,596965,2020-01-01 07:11,MENA
1ytsxlw6P6gsCc3RrYweyj,Parachute,Wide Awake,Lonely With Me,51,218813,False,0.589,0.809,7,-5.6,1,0.0283,0.0479,0.0,0.116,0.628,87.013,4,acoustic,319290,2020-01-01 07:12,APAC
5IGYPdHMSG4PLXDS9LDPJS,Eastmountainsouth,Eastmountainsouth,So Are You To Me,52,117760,False,0.302,0.0783,2,-14.968,1,0.0325,0.956,9.88e-05,0.12,0.231,140.485,5,acoustic,550689,2020-01-01 07:13,APAC
53iFMaNUXn6Oj8hUIKSO5a,Peter Bradley Adams,A Face Like Mine,My Arms Were Always Around You,54,200800,False,0.643,,1,-12.245,1,0.0273,0.724,0.459,0.11,0.422,91.485,4,acoustic,365570,2020-01-01 07:14,MENA
68KCwQ2PNKNT17sEx32DEG,The Civil Wars,Barton Hollow,Dance Me to the End of Love - Bonus,52,185053,False,0.482,0.178,2,-11.141,0,0.0292,0.843,2.46e-06,0.15,0.298,110.128,4,acoustic,717545,2020-01-01 07:15,US
27wq82gy6a868oA5HNLRGv,Eddie Vedder,Into The Wild (Music For The Motion Picture),Photographs,51,60413,False,0.539,0.353,3,-10.191,1,0.0464,0.571,0.626,0.0877,0.321,54.571,4,acoustic,816825,2020-01-01 07:16,US
24M6MHeugm1sHHNzCP5eV4,Suy Galvez,Bossa Best,Baby Now That I Found You,30,244813,False,,0.531,2,-7.21,1,0.0245,0.855,0.000182,0.175,0.49,107.994,4,acoustic,687417,2020-01-01 07:17,MENA
5DZVpQguB5TGP3MdkN3JSP,Suy Galvez,Bossa Best,Right Here Waiting,30,169733,False,0.707,0.467,2,-7.511,1,0.0367,0.832,5.33e-06,0.114,0.478,110.096,4,acoustic,101122,2020-01-01 07:18,LATAM
2HUZVffVPXvqnrml0gXggp,Howlin' Wolf,Moanin' In The Moonlight,Smokestack Lightnin',62,188400,False,0.661,,9,-16.361,0,0.043,0.844,0.000128,0.26,0.588,146.118,4,acoustic,992836,2020-01-01 07:19,US
2PTzfXh5Ut3hjRrWGyafz6,Stephen Speaks,No More Doubt,Passenger Seat,64,274480,False,0.523,0.554,7,-7.596,1,0.0303,0.749,3.29e-06,0.323,0.769,152.979,4,acoustic,121390,2020-01-01 07:20,US
5MTsZG10E0hTvAkdioyPnw,Buddy Guy;Bonnie Raitt,Feels Like Rain,Feels Like Rain (feat. Bonnie Raitt),57,275266,False,0.572,0.348,0,-13.454,1,0.0294,0.44,0.000721,0.235,0.34,73.304,4,acoustic,999478,2020-01-01 07:21,MENA
2AN3wNGUW0IgzfuurtVEDS,Mance Lipscomb,The Best of Mance Lipscomb,Sugar Babe,31,124400,False,0.554,0.4,3,-11.806,1,0.0699,0.979,0.348,0.102,0.547,101.191,4,acoustic,128596,2020-01-01 07:22,EU
7jIAttgQTpLDoNtykIQXjH,Violent Femmes,Violent Femmes,Blister In The Sun,71,145706,False,0.726,0.537,0,-8.896,1,0.114,0.316,0.0,0.0707,0.882,96.889,4,acoustic,564812,2020-01-01 07:23,EU
0GgFpUEQzr5RuDZC768g0k,Drei Rana;Selena Marie,Paano Ang Simbang Gabi (Kung 'Di Ka Katabi),Paano Ang Simbang Gabi - Kung 'Di Ka Katabi,30,235722,False,,0.462,6,-5.692,1,0.0271,0.623,0.0,0.113,0.113,139.914,4,acoustic,195373,2020-01-01 07:24,APAC
5hhhrZMKz1NEZM7jRWufbf,Frank Turner,West Coast vs. Wessex,Bob,30,188952,True,0.415,0.713,0,-5.529,1,0.0345,0.0555,0.0,0.0811,0.361,83.69,3,acoustic,185679,2020-01-01 07:25,EU
4zESVuAPxaC9bqQKjiWgH6,Harley Poe,Have a Great Life.,Psycho,30,241250,False,,0.823,6,-4.268,0,0.0616,0.382,0.0,0.205,0.422,131.638,4,acoustic,715055,2020-01-01 07:26,EU
7EcFRiCKqijYsuA5UbNnQZ,Frank Turner,West Coast vs. Wessex,Perfect Government,30,146129,True,0.474,0.876,7,-5.052,1,0.0341,0.00277,6.15e-06,0.39,0.607,91.948,4,acoustic,755058,2020-01-01 07:27,MENA
4WbTMyywJtvUNhmVKa0oSM,The Bridge City Sinners,Unholy Hymns,The Fear,30,161205,True,0.444,,5,-6.675,1,0.0341,0.586,0.000147,0.109,0.698,111.377,3,acoustic,206412,2020-01-01 07:28,LATAM
0R7EWhquaAICmyE5MZqt3q,Ben Rector,The Joy of Music,Living My Best Life,59,215213,False,0.566,0.733,4,-5.302,1,0.0699,0.083,1.55e-06,0.362,0.636,178.828,4,acoustic,978996,2020-01-01 07:29,APAC
5u2HaXFymnYNePtwI5bU3t,Frank Turner,FTHC (Deluxe),Haven't Been Doing So Well,30,196813,False,0.367,0.892,2,22.175,1,0.133,0.00012,0.000268,0.276,0.799,388.65,4,acoustic,388414,2020-01-01 07:30,LATAM
61X73CJcpwGIxgQgKEXbw0,Brandi Carlile;Lucius,In These Silent Days,You and Me On The Rock (feat. Lucius),63,230098,False,0.568,0.686,1,-6.635,1,0.033,0.15,1.81e-06,0.0881,0.725,172.075,4,acoustic,386493,2020-01-01 07:31,EU
78Vs1Oo42MrcbwB8vQhhsz,Get Dead,Dancing with the Curse,Glitch,30,129472,False,,0.696,9,-8.688,1,0.0739,0.14,0.0,0.0973,0.662,155.133,4,acoustic,367279,2020-01-01 07:32,EU
4dzurJ1Q1LIr8X7doV3yT0,Jonah Baker,A Thousand Years (Acoustic),A Thousand Years - Acoustic,44,249728,False,0.385,0.114,7,-13.005,1,0.0314,0.917,0.0,0.128,0.269,93.314,4,acoustic,515087,2020-01-01 07:33,APAC
0goA2cYxU9k2XfQHzo6WcP,Trevor Hall;Marieme,2 Oceans,2 Oceans,54,213055,False,0.588,0.569,9,28.079,1,0.0295,0.303,0.0342,0.101,0.209,390.757,4,acoustic,260050,2020-01-01 07:34,EU
4uCVtXasfPk1Z0JwrwTIzH,Ben Woodward,Golden Hour,Golden Hour - Acoustic Piano,28,168571,False,0.276,0.289,2,-10.879,1,0.0325,0.968,0.00321,0.137,0.118,86.465,3,acoustic,482298,2020-01-01 07:35,LATAM
3HOcPWc2LUUv5te756KfAH,Brandon Chase,Without Me,Without Me,47,202219,False,0.664,0.301,0,-8.135,1,0.0296,0.739,0.0,0.103,0.268,115.877,4,acoustic,288983,2020-01-01 07:36,US
4ISCO9MWDxOuteeVAm2ZWh,Aron Wright,You & Me (The Wildfire),You & Me (The Wildfire),41,242347,False,0.506,0.24,2,-14.737,1,0.0305,0.854,0.0749,0.101,0.0621,130.96,4,acoustic,146277,2020-01-01 07:37,US
6YOOCjjIb0pBZXbJjYgUlP,Sara Farell,Dancing With A Stranger,Dancing With A Stranger,43,188735,False,0.595,0.18,9,-11.391,1,0.0298,0.89,0.0,0.113,0.261,79.922,3,acoustic,431862,2020-01-01 07:38,MENA
1i7JnFAxC15AuF1dsosbYM,Zack Tabudlo,Pero,Pero,65,256648,False,0.644,0.412,5,-9.14,0,0.0307,0.796,0.127,0.0906,0.206,118.49,4,acoustic,705037,2020-01-01 07:39,APAC
7JY9axEOxQbeAN8OzwsOwy,Jonah Baker,Good 4 U (Acoustic),Good 4 U (Acoustic),53,174677,False,0.607,0.178,11,-15.471,1,0.0499,0.737,0.0,0.387,0.422,127.956,4,acoustic,786780,2020-01-01 07:40,APAC
0eyE0L7FbNrXaByFzMXT1C,Greg Laswell,Three Flights From Alto Nido,And Then You,47,209583,False,0.63,0.342,7,-13.377,1,0.0245,0.817,0.00432,0.0965,0.552,77.515,4,acoustic,418003,2020-01-01 07:41,US
0MY3K86lZ9HIat4oBi40dh,Daniel Robinson,Here With Me (Acoustic),Here With Me - Acoustic,55,164478,False,0.689,0.299,7,-9.431,1,0.0301,0.833,0.0,0.115,0.52,96.825,4,acoustic,391371,2020-01-01 07:42,US
0zANeX4R6uWb82gCQAguOD,Zack Tabudlo,Habang Buhay,Habang Buhay,69,244067,False,0.62,0.668,9,-5.719,1,0.0305,0.088,0.0,0.362,0.183,118.013,4,acoustic,808716,2020-01-01 07:43,APAC
3BztDPhRhfwdwUndTlg45h,Gabrielle Aplin,Dear Happy,So Far so Good,37,198040,False,0.751,0.565,5,-9.106,1,0.0513,0.0777,0.0121,0.0855,0.679,119.996,4,acoustic,713068,2020-01-01 07:44,EU
27hFQQS3cVUmIK3ser5bpu,Colin & Caroline,More Than Gravity,More Than Gravity,34,266078,False,0.62,0.468,4,-9.648,1,0.0268,0.715,3.93e-05,0.106,0.217,110.969,4,acoustic,848907,2020-01-01 07:45,US
63F2nWghdifkNHVns5GT8W,Andrew Belle,Fade into You,Fade into You,53,291676,False,0.478,0.398,2,-10.124,1,0.0286,0.0222,0.0183,0.0826,0.371,159.906,3,acoustic,915490,2020-01-01 07:46,APAC
76w967eCBrUFBSzef2ExlK,Masaharu Fukuyama,東京にもあったんだ / 無敵のキミ,東京にもあったんだ,31,382786,False,0.376,0.702,3,-5.733,1,0.0299,0.00373,0.00116,0.138,0.241,134.817,4,acoustic,839106,2020-01-01 07:47,APAC
4kXcndvaQEROosxdcbJqzK,Masaharu Fukuyama,5年モノ,あの夏も 海も 空も,31,322906,False,0.403,0.631,7,-5.94,1,0.0356,0.0502,3.97e-05,0.193,0.328,78.522,4,acoustic,942836,2020-01-01 07:48,EU
0lczO04vbk2ZiNvAqzUUQ0,Bailey Jehl,21 Guns,21 Guns,47,243979,False,0.44,0.119,10,-12.574,1,0.0318,0.927,1.26e-06,0.137,0.279,145.186,4,acoustic,474998,2020-01-01 07:49,APAC
6Fomnvc3pkLvUQYUkhiQPx,Canyon City,Midnight Waves,Waves,45,262954,False,0.407,0.357,1,-11.659,1,0.0436,0.775,0.00105,0.94,0.253,112.207,4,acoustic,455204,2020-01-01 07:50,LATAM
6cMzeng5QA8fd2qqiMeIyg,Jonah Baker,Running Up That Hill (A Deal With God) [Acoustic],Running Up That Hill (A Deal With God) - Acoustic,51,168042,False,0.385,,5,-14.672,0,0.0476,0.899,0.0,0.113,0.427,203.816,4,acoustic,389390,2020-01-01 07:51,US
4jK6bBO2JbkvvgT7FPj8c5,Kurt Cobain,Montage Of Heck: The Home Recordings (Deluxe Soundtrack),Poison's Gone,51,131800,False,0.429,0.258,5,-12.408,1,0.0317,0.868,0.888,0.108,0.0897,108.796,4,acoustic,311700,2020-01-01 07:52,APAC
2jHEySxCzzODFWmPzt084L,Masaharu Fukuyama,残響,18 ~eighteen~,31,326600,False,0.609,,0,-5.16,1,0.0283,0.131,0.0,0.41,0.44,117.135,4,acoustic,773937,2020-01-01 07:53,MENA
4XlevPQOF6GkZCS2yWOkNn,Kina Grannis,Build Me Up Buttercup,Build Me Up Buttercup,48,166320,False,,0.0963,0,-15.973,1,0.0502,0.945,1.03e-06,0.133,0.576,124.868,4,acoustic,743005,2020-01-01 07:54,LATAM
4muAobUpgKTEgqskgNESmC,The Mayries,#Acoustic,Umbrella - Acoustic Version,48,178319,False,0.675,0.278,3,-9.569,1,0.0343,0.845,0.0,0.114,0.353,123.962,4,acoustic,821249,2020-01-01 07:55,US
0OwoAzOM3ULaLoiYpC5axn,Gabrielle Aplin,English Rain,Home,51,249386,False,,0.29,2,-10.262,1,0.0328,0.757,0.0,0.0972,0.248,139.482,4,acoustic,250651,2020-01-01 07:56,US
2GbTLMvttdfKoz4YDjZJis,Joshua Radin,The Ghost and the Wall,You're My Home,55,200893,False,0.627,0.518,8,-7.178,1,0.0286,0.436,0.0,0.128,0.337,95.991,4,acoustic,542131,2020-01-01 07:57,LATAM
5lQBkoXivgiXqKicR2uaTh,Masaharu Fukuyama,vs.2013 ~知覚と快楽の螺旋~,vs.2013 ~知覚と快楽の螺旋~,32,292493,False,0.403,0.925,9,-3.166,1,0.0537,0.000435,0.755,0.323,0.543,169.978,4,acoustic,299762,2020-01-01 07:58,EU
2GzvzxXnyJ9l3obE4JskC2,Ysabelle Cuevas,Ysabelle,I Like Me Better,54,189673,False,0.449,0.209,10,-14.494,1,0.0896,0.896,0.0,0.156,0.431,93.618,4,acoustic,903727,2020-01-01 07:59,LATAM
4tK4ARuilOrBzwVQK73E0Y,Jason Mraz,Waiting for My Rocket to Come,The Remedy (I Won't Worry),60,256440,False,0.589,0.867,10,-4.523,1,0.0385,0.041,0.0,0.306,0.795,94.52,4,acoustic,340669,2020-01-01 08:00,EU
2E3ObBU2VIrTYOYh8tvi0x,Bailey Pelkman;Randy Rektor,Acoustic Duets,Something Stupid,47,147809,False,0.789,0.261,7,-14.396,1,0.0456,0.803,0.0,0.0962,0.491,117.961,4,acoustic,229517,2020-01-01 08:01,EU
3BXMHdrjdF5yjJU4G0Z5HZ,Ethan Loukas;Janine Teñoso,Hanap-Hanap,Hanap-Hanap,29,246644,False,,0.239,9,-9.517,1,0.0308,0.827,0.0,0.109,0.488,83.102,4,acoustic,612877,2020-01-01 08:02,LATAM
3x3zdepy3au5Uo81WIA9MG,John Frusciante,The Will To Death,The Will To Death,51,228426,False,0.498,0.113,6,-16.097,0,0.0333,0.691,0.000287,0.108,0.296,168.383,4,acoustic,891161,2020-01-01 08:03,APAC
1tPYm2PqXjYL6lM0AfH5aT,Adam Christopher,Boulevard of Broken Dreams (Acoustic),Boulevard of Broken Dreams (Acoustic),41,207400,False,0.586,0.149,5,-13.369,1,0.0348,0.881,0.0,0.187,0.341,75.121,4,acoustic,924157,2020-01-01 08:04,MENA
14UvqLsdqw2dsmVkmTYptE,Kina Grannis,The Living Room Sessions Vol. 3,Can't Help Falling In Love,48,188354,False,0.444,,0,-11.449,1,0.0302,0.925,6.92e-05,0.118,0.132,100.341,3,acoustic,186485,2020-01-01 08:05,EU
3XnDbrxxtA40HPIIRWLgRT,Penny and Sparrow,Finch,Eloise,61,168712,False,0.606,0.415,7,-8.317,0,0.0475,0.695,0.00149,0.174,0.405,137.775,4,acoustic,393303,2020-01-01 08:06,US
5bC6ONDsL88snGN6QasjZH,Sonny Boy Williamson II,More Real Folk Blues,Help Me,60,188200,False,0.745,0.436,5,-9.617,0,0.043,0.597,0.0213,0.61,0.771,114.216,4,acoustic,238172,2020-01-01 08:07,LATAM
2XshyXPcxtwvyFMys4JCqQ,Shannon & Keast,Acoustic Love,Everytime We Touch (Acoustic),45,181496,False,0.526,0.139,9,-11.316,1,0.0325,0.879,0.0,0.109,0.203,100.852,4,acoustic,377078,2020-01-01 08:08,LATAM
56AecW9Anb0CY6HpgWvcg9,Ray LaMontagne,Gossip In The Grain,Let It Be Me,58,280226,False,0.614,0.283,0,-8.008,1,0.027,0.472,0.0,0.114,0.331,107.673,3,acoustic,580455,2020-01-01 08:09,MENA
2EkGF5wYi3QrxTMMQftm4a,Mia Rollo,Saktong Akustik,Beer,29,254306,False,0.473,0.493,11,-6.733,1,0.0302,0.84,6.57e-06,0.0915,0.54,169.998,4,acoustic,352514,2020-01-01 08:10,APAC
7ImaCF0ttRFNoQIErYlRq5,Suy Galvez,Bossa Best,You've Got a Friend,29,274720,False,0.665,0.487,7,-9.409,1,0.0243,0.639,6.75e-05,0.091,0.326,94.978,4,acoustic,160766,2020-01-01 08:11,LATAM
4ujYTGqbiV5xl97Pqoctq2,JJ Heller,This Little Light of Mine,This Little Light of Mine,49,159820,False,0.534,0.26,1,-12.406,1,0.0319,0.834,0.00405,0.102,0.151,113.877,4,acoustic,559026,2020-01-01 08:12,EU
6B9EuDkJUAm9bO26ZdzBke,Takehara Pistol,GOOD LUCK TRACK,Amazing Grace,30,178573,False,0.457,0.26,7,-7.952,1,0.0406,0.0594,0.0,0.346,0.38,106.756,4,acoustic,147526,2020-01-01 08:13,EU
2vOFdBs2kss9U0ezRGTG2E,Days N Daze,Rogue Taxidermy,Remnants of What People Used to Be,30,175046,True,0.5,0.611,0,-10.826,1,0.0788,0.834,1.41e-05,0.241,0.894,88.372,4,acoustic,304026,2020-01-01 08:14,EU
6fmrddhzAr0StNzWEzlny5,AJJ,Christmas Island,Linda Ronstadt,31,180771,False,0.448,0.516,0,-7.449,1,0.0292,0.341,0.00497,0.0929,0.29,100.672,4,acoustic,100466,2020-01-01 08:15,APAC
21HwOODUViTuHpkSYbdcMy,SANNA NORTH,Chill Out Covers - Chillout Covers - Chill Acoustic - Relaxing Songs - Calming Acoustic Songs,Unsteady - Acoustic Covers Versions of Popular Songs,29,191052,False,0.699,0.343,2,-6.052,1,0.0296,0.506,0.0,0.56,0.383,114.021,4,acoustic,178139,2020-01-01 08:16,US
0pegFWSUOTiG0sLVEfxtvA,Brandi Carlile,Bear Creek,Heart's Content,59,214666,False,0.564,0.209,3,-8.922,1,0.0317,0.724,3.99e-05,0.107,0.402,109.024,4,acoustic,492684,2020-01-01 08:17,US
34HNaUhhTgO1jvfEuXHFyz,The Bridge City Sinners,Unholy Hymns,The Damned,30,167466,True,0.404,0.577,2,-8.272,0,0.0294,0.605,0.249,0.0712,0.637,112.215,3,acoustic,865641,2020-01-01 08:18,APAC
6pRaRbJVkHyQdlW3MGvkgT,Pigeon Pit,Treehouse,Hot Knives,30,252760,True,0.501,0.44,6,-8.167,1,0.0352,0.818,0.0,0.104,0.311,89.881,4,acoustic,797160,2020-01-01 08:19,MENA
2saK0E712wIB3Gf8QLuFYX,Get Dead,Dancing with the Curse,Nickel Plated,29,136815,True,0.461,0.893,9,-6.028,1,0.121,0.00323,0.0,0.654,0.4,179.92,4,acoustic,188947,2020-01-01 08:20,LATAM
1ChZ4mrSLP8HImCY6IyImf,Adam Christopher,Peaches (Acoustic),Peaches - Acoustic,55,190909,True,0.675,0.243,0,-13.392,1,0.0413,0.797,0.0,0.214,0.707,142.87,4,acoustic,131354,2020-01-01 08:21,MENA
1o0yFkUycTAWIIWFOlhDcV,A Great Big World,You,You,49,218133,False,0.505,0.31,5,-10.423,1,0.03,0.885,0.00359,0.0996,0.34,82.591,4,acoustic,404278,2020-01-01 08:22,APAC
3d8kYb3GqZkiHb6annxKEo,Andrew Belle,Nightshade,Swimmers,50,181093,False,0.547,0.599,11,-8.174,0,0.0301,0.00396,0.409,0.0847,0.0571,120.054,4,acoustic,687031,2020-01-01 08:23,APAC
1HfxPaJggVwFsvOtHbVzMz,Kris Allen,Kris Allen,Live Like We're Dying,55,212506,False,0.589,0.893,0,-2.948,1,0.0397,0.0273,0.0,0.343,0.94,92.011,4,acoustic,772058,2020-01-01 08:24,MENA
0Bb9oRoN3suM9iiIwzHtmX,Lúc,Somebody That I Used To Know,Somebody That I Used To Know,49,172454,False,0.503,0.123,2,-14.312,0,0.0327,0.868,2.56e-05,0.111,0.343,183.571,4,acoustic,840813,2020-01-01 08:25,EU
2wdfI1pjsfvviE7WTKGSYM,Ben Woodward,Lost Without You,Lost Without You,32,234046,False,0.611,0.534,7,-8.899,1,0.0744,0.423,0.0,0.145,0.38,159.985,4,acoustic,407983,2020-01-01 08:26,APAC
0KAFjeQ6jpmtKP4CW9m5X6,The Mayries,you broke me first,you broke me first,46,190981,False,0.656,0.3,4,-9.905,1,0.0349,0.87,0.0,0.0956,0.369,120.006,4,acoustic,251200,2020-01-01 08:27,MENA
203ADb8800e1YSzyrFQUZ9,Gabrielle Aplin,Never Be the Same,Skylight,23,240449,False,0.524,0.566,1,-5.443,1,0.0364,0.0411,0.0,0.25,0.362,159.914,4,acoustic,123713,2020-01-01 08:28,MENA
6xTLXrdNqOTcTUHwPh8Wp1,Edy Hafler,Game of Thrones,Game of Thrones,41,89268,False,0.34,0.309,11,-12.98,0,0.05,0.855,0.903,0.168,0.153,176.899,3,acoustic,232177,2020-01-01 08:29,LATAM
7lB0MLvvsfrY6cN6kt4aKC,The Perishers,Let There Be Morning (Bonus Track Version),Nothing Like You and I,49,213453,False,0.598,0.291,2,-8.627,1,0.0328,0.466,6.52e-05,0.12,0.38,123.978,4,acoustic,158645,2020-01-01 08:30,APAC
2dMkrhsWFVP2rHZmTEKkeh,Mat Kearney,CRAZYTALK,Wanted Man,59,235106,False,0.514,0.319,3,-8.978,1,0.0941,0.805,0.0,0.211,0.677,203.651,4,acoustic,874720,2020-01-01 08:31,MENA
2GwShNdcJHDLEkGO4L34lF,The Mayries,Back To You,Back To You,43,219976,False,0.448,0.256,5,-10.17,1,0.0483,0.875,0.0,0.113,0.174,77.272,4,acoustic,341571,2020-01-01 08:32,MENA
54sN9ILcN1Udqc6au0Rzdw,Masaharu Fukuyama,何度でも花が咲くように私を生きよう,何度でも花が咲くように私を生きよう,31,259493,False,0.441,0.423,0,-7.572,1,0.0282,0.839,0.000359,0.122,0.153,88.865,4,acoustic,840811,2020-01-01 08:33,MENA
4le6DvrwMv2rpyN1SPeL0g,Kurt Cobain,Montage Of Heck: The Home Recordings,Sappy - Early Demo,50,148573,False,0.445,0.289,11,-19.113,0,0.0329,0.437,0.00641,0.0988,0.172,104.006,4,acoustic,597842,2020-01-01 08:34,MENA
4T8FoNHY3UZSYgOV76ueVU,Allman Brown,1000 Years,Ancient Light,41,244900,False,0.435,0.208,1,-15.75,0,0.0558,0.647,0.000921,0.147,0.189,69.027,4,acoustic,585047,2020-01-01 08:35,US
7xO7bS29oAzMcFI0rBj8Fy,Sara Farell;Simon Samaeng,#Covers,I Don't Wanna Live Forever (Fifty Shades Darker) - Acoustic Version,48,232500,False,0.656,0.349,0,-6.841,1,0.0289,0.784,0.0,0.138,0.289,118.026,4,acoustic,509313,2020-01-01 08:36,APAC
4z9WDbNAKo2wAfGaMn7yjh,Andrew Foy;Renee Foy,Before You Go,Before You Go,36,195535,False,0.609,0.0866,4,-19.163,1,0.0412,0.912,0.0,0.113,0.411,167.892,3,acoustic,837279,2020-01-01 08:37,LATAM
41XVcLXrmbxiV0mJASJxov,Mat Kearney,Young Love,Ships In The Night,44,255893,False,0.448,0.885,9,-3.755,1,0.0562,0.111,3.65e-06,0.0476,0.134,178.151,4,acoustic,139104,2020-01-01 08:38,MENA
2ZaYFNn1YQuLSVdHhanr4Q,Joshua Radin,We Were Here,Only You,56,149013,False,0.545,0.255,8,-14.844,1,0.0311,0.362,1.77e-05,0.0841,0.831,98.088,4,acoustic,183480,2020-01-01 08:39,MENA
4qScDvgzJs0Oo30kFaJIuy,Sakura Fujiwara,SUPERMARKET,Waver,29,207933,False,0.626,0.682,6,-5.656,1,0.0397,0.277,0.000325,0.0985,0.636,75.02,4,acoustic,481048,2020-01-01 08:40,MENA
5fTJGZ6k0zokfh5KLfe0sm,JJ Heller,Missing Peace,Missing Peace,52,238733,False,0.572,0.317,0,-9.108,1,0.0241,0.705,0.00385,0.528,0.38,78.009,4,acoustic,455032,2020-01-01 08:41,LATAM
7E1Gs6mg3MOERIWo0sglXL,Masaharu Fukuyama,聖域,聖域,31,236853,False,,0.871,9,-3.032,0,0.0661,0.0356,0.0,0.149,0.636,107.721,4,acoustic,591036,2020-01-01 08:42,LATAM
6XgmRgd6yQ71afjGLrk0aI,Canyon City,Midnight Waves,Firework,47,182744,False,0.51,0.32,1,-10.371,1,0.0392,0.823,0.000193,0.124,0.425,92.385,4,acoustic,764017,2020-01-01 08:43,EU
1xYMyM7MxFi4OuzDA2op9Q,Ray LaMontagne,Spotify Singles,Such A Simple Thing - Recorded at Sound Stage Studios Nashville,56,307534,False,0.55,0.334,10,-10.73,1,0.0288,0.517,0.000169,0.101,,72.235,4,acoustic,628790,2020-01-01 08:44,APAC
4pcnFf9w7Mxmir5woJoanj,Gabrielle Aplin,Never Be the Same,Don't Know What I Want,24,145720,False,0.309,0.349,2,-8.402,1,0.0322,0.828,2.7e-06,0.0907,0.192,180.075,4,acoustic,331706,2020-01-01 08:45,LATAM
2lvcDndxZGuowLA19g4YDv,Gabrielle Aplin,Never Be the Same,Call Me,23,208400,False,,0.468,1,-4.245,1,0.0318,0.243,0.0,0.0973,0.303,143.504,4,acoustic,394562,2020-01-01 08:46,LATAM
0yoJHtKTiv9ixa8UFI6tkY,Suy Galvez,Bossa Best,True,28,287760,False,0.716,0.525,3,-8.733,1,0.027,0.647,0.00868,0.0893,0.423,96.993,4,acoustic,777095,2020-01-01 08:47,APAC
3PcIfTefcjfWTK6WFmOLqK,Boyce Avenue;Rachel Grae,I Can't Make You Love Me,I Can't Make You Love Me,51,243680,False,0.407,0.222,5,-7.991,0,0.0324,0.853,2.03e-06,0.11,0.204,123.618,4,acoustic,281320,2020-01-01 08:48,MENA
1RjEDlhTp2iJXWPdLpa8OM,Tristan Prettyman,Cedar + Gold,Say Anything,51,236379,False,0.657,0.43,1,-10.202,1,0.0314,0.534,0.000238,0.12,0.335,91.967,4,acoustic,553760,2020-01-01 08:49,EU
4SXcG6Ti32myNw9GJ9qeDt,Matt Nathanson,Some Mad Hope,All We Are,51,216933,False,0.534,0.492,4,-8.905,1,0.0261,0.584,1.12e-06,0.185,0.328,82.465,3,acoustic,584911,2020-01-01 08:50,LATAM
06R84YHz9bqaQzEbIWxzsw,Joshua Hyslop,Ash & Stone,Gentle Heart,50,265173,False,0.603,0.374,1,-10.875,1,0.0258,0.256,0.0356,0.127,0.542,135.946,4,acoustic,775238,2020-01-01 08:51,APAC
4BguxPKygliNCIkzwWlYxU,Masaharu Fukuyama,Calling,All My Loving (Original Version),31,245800,False,0.725,0.746,9,-8.214,1,0.0338,0.00721,0.0,0.0575,0.656,102.87,4,acoustic,742918,2020-01-01 08:52,MENA
6zz1Lsob8CrgipAoxJys1w,Masayoshi Yamazaki,COVER ALL HO!,アンダルシアに憧れて,30,358040,False,0.448,0.755,2,-5.719,0,0.0429,0.028,0.0,0.273,0.575,156.045,4,acoustic,518211,2020-01-01 08:53,APAC
2f6RlUydW1yTWhcXqaBhA3,Masaharu Fukuyama,想 -new love new world-,想 -new love new world-,31,280546,False,0.595,0.879,8,-4.849,1,0.0405,0.0319,0.0,0.344,0.839,124.784,4,acoustic,378247,2020-01-01 08:54,APAC
6wAT9x3dx1N99gXXvds56Q,Drei Rana,Last Christmas,Last Christmas,29,230915,False,0.686,0.285,5,-10.912,1,0.0291,0.689,0.0,0.129,0.672,103.995,4,acoustic,431113,2020-01-01 08:55,MENA
0c7iF5fSBYxCuwsAv2z4iI,Trevor Hall,Chapter Of The Forest,Green Mountain State,61,274632,False,0.693,0.367,3,-11.66,1,0.0323,0.351,2.9e-05,0.111,0.286,129.879,4,acoustic,470430,2020-01-01 08:56,MENA
44odJaONNr861TeNUYSx3L,Maris Racal,Ate Sandali,Di Papakawalan,28,244528,False,0.71,0.402,0,-9.91,1,0.0274,0.873,0.232,0.103,0.136,106.024,4,acoustic,297270,2020-01-01 08:57,APAC
07CUaE9XAgDQ0B2T4XGrnN,The Weepies;Deb Talan;Steve Tannen,Hideaway,Can't Go Back Now,55,137880,False,0.691,0.552,5,-9.114,1,0.0264,0.497,0.000589,0.197,0.685,119.931,4,acoustic,662866,2020-01-01 08:58,US
6ffWQpIQhwtQxhO2HvbyWm,Hanare Gumi,だれそかれそ,ウイスキーが、お好きでしょ,29,152100,False,0.642,0.237,7,-16.142,0,0.0387,0.724,1.71e-06,0.0574,0.694,137.4,4,acoustic,287541,2020-01-01 08:59,LATAM
1GkwSHR74B5DIgnlarTsa9,Days N Daze,Show Me the Blueprints.,Ditches,30,162282,True,0.48,0.77,10,-3.547,1,0.0542,0.397,0.0,0.254,0.744,126.225,4,acoustic,683808,2020-01-01 09:00,APAC
0pfG8LwO7hSdHe6hTgc6a6,Eric Hutchinson,Sounds Like This,Outside Villanova,29,255680,False,0.785,0.732,5,-6.177,1,0.0513,0.059,3.74e-06,0.524,0.798,137.946,4,acoustic,776340,2020-01-01 09:01,EU
2z3PXMMsdQqZ48OdOTBIoZ,Apes of the State,This City Isn't Big Enough,Timeline,30,216894,True,0.668,0.304,9,-9.415,1,0.0354,0.811,0.0,0.0826,,112.338,4,acoustic,965653,2020-01-01 09:02,APAC
0XV6QiUZCV5IIeTVojlktV,Gail Blanco,In Love With Bacharach,I'll Never Fall in Love Again,29,239000,False,0.758,0.406,10,-10.474,1,0.0306,0.901,4.3e-05,0.0908,0.383,109.984,4,acoustic,207019,2020-01-01 09:03,LATAM
03SqUp5aNqCM8EP4WOmUZp,The Bridge City Sinners,Bridge City Sinners,Stray Cat Strut,29,128731,False,0.49,0.749,9,-2.244,0,0.0649,0.389,0.0,0.0792,0.739,144.87,4,acoustic,783757,2020-01-01 09:04,MENA
02FzDPhxAoCZp6Fz4GzMmL,Days N Daze,Show Me the Blueprints.,Goodbye Lulu Pt.2,30,381910,False,0.389,0.864,9,-3.218,1,0.117,0.0362,6.31e-06,0.193,0.548,98.11,3,acoustic,177384,2020-01-01 09:05,US
3KkgPBPjplbDy4uKcXNZeu,Days N Daze,Crustfall,Days n Daze of Our Lives,29,196161,True,0.387,0.524,3,-9.633,1,0.0493,0.777,5.74e-06,0.718,0.858,95.623,4,acoustic,403522,2020-01-01 09:06,MENA
5s6ppi6NDeK6FXlX8XCajM,Get Dead,Dancing with the Curse,8 Track,28,156533,False,0.408,0.974,1,-5.501,1,0.15,8.77e-05,0.0,0.278,0.578,197.008,4,acoustic,258662,2020-01-01 09:07,LATAM
738wQ9tsRLsEVEHnEGm6l1,Jonah Baker,Ghost - Acoustic,Ghost - Acoustic,42,155050,False,0.486,0.0745,10,-14.271,1,0.0599,0.922,0.0,0.104,0.396,145.912,4,acoustic,246055,2020-01-01 09:08,LATAM
5KOn9dVdz24YDPjt8bfpjt,Eden Elf;Ren Avel,4am,4am,49,125677,False,0.638,0.329,3,-13.683,1,0.0422,0.979,0.0597,0.338,0.475,94.125,4,acoustic,257811,2020-01-01 09:09,APAC
11868tq8nTB9QJKyY3JjB4,Amber Leigh Irish,Simply Acoustic,Yellow - Acoustic,50,196724,False,0.49,0.204,11,-10.992,1,0.0315,0.901,0.0,0.0893,0.373,167.573,4,acoustic,139544,2020-01-01 09:10,LATAM
5mFrdpvoxokKCWp9uHE1ok,Lúc,No Air,No Air,52,199114,False,0.674,0.116,9,-13.448,1,0.0375,0.862,0.0,0.0979,0.21,129.976,4,acoustic,840796,2020-01-01 09:11,MENA
0BhmtRzdjNV0bQ5veUOazN,Anna Hamilton,Self Help,Self Help,36,156923,False,0.778,0.445,7,-8.228,1,0.0468,0.45,1.28e-06,0.119,0.502,130.01,4,acoustic,155015,2020-01-01 09:12,EU
685WYfzmOeDOF4laU8UuOv,Lee DeWyze,Blackbird Song,Blackbird Song,49,254615,False,0.259,0.195,9,-13.639,0,0.0331,0.264,0.433,0.352,0.183,146.011,4,acoustic,458655,2020-01-01 09:13,APAC
2dI0UV4hCGnLaJVja2iosu,Jonah Baker,Easy On Me - Acoustic,Easy On Me - Acoustic,40,222186,False,0.408,0.095,1,-18.102,1,0.0397,0.948,0.0,0.106,0.357,137.546,4,acoustic,729245,2020-01-01 09:14,MENA
1abgR6pt8VzZRfiQa0KLlS,Bailey Rushlow,Chasing Cars (Acoustic),Chasing Cars - Acoustic,51,236298,False,0.663,0.26,11,-9.587,1,0.0303,0.865,0.0,0.101,0.243,107.931,4,acoustic,991348,2020-01-01 09:15,US
47Dc6UvkluFZbPnumBlDBH,Emilie Mover,Can't Take My Eyes Off of You,Can't Take My Eyes Off of You,41,203024,False,0.625,0.818,6,-6.296,0,0.0669,0.0516,1.13e-05,0.132,0.307,123.905,4,acoustic,868334,2020-01-01 09:16,US
2M1bgJpUPjfKhHLIIfzGtX,William Fitzsimmons,Acoustic Sessions,Fortune - Acoustic,55,228013,False,0.529,0.0546,1,-23.684,1,0.0364,0.924,0.0428,0.108,0.517,78.451,4,acoustic,223489,2020-01-01 09:17,LATAM
1AJRWM34yxnAxhF9TEK0Zj,Vivid Color,Lot To Learn,Lot To Learn,52,226470,False,0.57,0.468,6,-4.192,1,0.047,0.758,0.0,0.206,0.335,137.855,4,acoustic,988963,2020-01-01 09:18,APAC
2xHKGx65VCsJgU83Bvh4j7,Bailey Jehl,Apologize,Apologize,51,181596,False,0.566,0.168,3,-12.483,1,0.0372,0.812,0.0,0.125,0.238,116.286,4,acoustic,688185,2020-01-01 09:19,MENA
5eIF4WZrpcnpEXi2Bu7i2t,Zack Tabudlo,Episode,First & Last,49,192631,False,0.598,0.249,11,13.935,1,0.0603,0.194,0.0,0.0892,0.292,375.319,3,acoustic,261611,2020-01-01 09:20,APAC
4E73Motq88LCg5Oy42uynU,Phillip LaRue,You,Sweet Love,46,267862,False,0.547,0.328,8,-11.118,1,0.0321,0.163,0.0926,0.0884,,139.959,4,acoustic,503856,2020-01-01 09:21,APAC
7pxbZ29k1LJXvOdd2e5Bdn,Us The Duo,Shotgun,Shotgun,45,174884,False,,0.263,5,-10.43,1,0.0502,0.787,0.0,0.182,0.868,115.854,4,acoustic,926093,2020-01-01 09:22,LATAM
203WkDdprjHpN37QMBCMyJ,Masaharu Fukuyama,HEY!,HEY!,30,347200,False,0.548,,0,-6.106,1,0.0309,0.0324,0.0,0.359,0.789,95.289,4,acoustic,453625,2020-01-01 09:23,APAC
1pIMxRddmCGalHnRbLFkWg,Jason Mraz,Have It All,Have It All,53,226098,False,0.643,0.617,1,-4.95,0,0.041,0.194,0.0,0.0989,0.592,82.029,4,acoustic,265273,2020-01-01 09:24,US
3smgLNxWHdmUekrwDXBTfv,The Perishers,Let There Be Morning (Bonus Track Version),Trouble Sleeping,48,282133,False,0.428,0.813,7,-4.478,0,0.025,0.0622,0.00388,0.154,0.347,91.053,4,acoustic,887574,2020-01-01 09:25,LATAM
5uNEaSgkkPw6vLCUh3KsdQ,Jon McLaughlin,Indiana,Beautiful Disaster,52,251640,False,0.432,0.664,7,-4.662,1,0.0302,0.215,0.0,0.15,0.294,156.216,4,acoustic,957677,2020-01-01 09:26,EU
0UgmLwOrTeOCUNwV07a5AD,Sara Bareilles,Kaleidoscope Heart,Breathe Again,51,298280,False,0.366,0.482,5,-7.9,1,0.0278,0.288,0.00655,0.117,0.278,169.677,4,acoustic,978035,2020-01-01 09:27,EU
5aGkIyzLVYGuLIHkxpNAFF,Ray LaMontagne,Trouble,Trouble,59,241546,False,0.325,0.424,7,-12.733,1,0.0438,0.341,0.000267,0.23,0.494,173.352,3,acoustic,960138,2020-01-01 09:28,MENA
4UU97IGHOhBhZjCUgDFUiz,Tyrone Wells,Remain,Sink Or Swim,47,178093,False,0.613,0.812,2,-3.524,1,0.0355,0.259,0.0,0.185,0.394,119.979,4,acoustic,885572,2020-01-01 09:29,MENA
4aLiEepGWP5LdYDCf7Uhta,EJ De Perio,Tama Na,Tama Na,28,230545,False,0.492,0.33,4,-8.967,1,0.0285,0.266,0.0,0.297,0.109,132.005,4,acoustic,509040,2020-01-01 09:30,LATAM
0g5bEa2Kxz18QLp4qotw3z,Yosui Inoue,陽水II センチメンタル (Remastered 2018),能古島の片想い - Remastered 2018,29,212080,False,0.494,0.465,6,-6.095,1,0.027,0.705,0.0,0.0693,0.275,132.501,4,acoustic,273070,2020-01-01 09:31,EU
7oGGmUTUwH6EooJGeZBJdj,Zee Avi,Zee Avi,Bitter Heart,48,156773,False,0.74,0.377,2,-10.013,1,0.0583,0.65,0.0,0.178,0.408,78.988,4,acoustic,655440,2020-01-01 09:32,EU
0wUVwtui3Se9kGUfSD7gaU,Hannah's Yard,I Want to Know What Love Is (Acoustic),I Want to Know What Love Is - Acoustic,52,171486,False,0.49,0.263,5,-9.248,0,0.0462,0.92,0.0,0.103,0.361,73.834,4,acoustic,298717,2020-01-01 09:33,EU
6kw6xVfYpwqUwCsIrHHdYl,Hanare Gumi,日々のあわ,ハンキーパンキー,28,312133,False,0.465,0.211,7,-14.143,1,0.0384,0.812,0.00199,0.102,0.256,83.257,4,acoustic,525839,2020-01-01 09:34,APAC
2vfvPpkSwFwsuppSHbLCoR,JJ Heller,Ordinary Days,Ordinary Days,51,248386,False,0.477,0.34,0,-11.666,1,0.0319,0.849,0.000488,0.0992,,173.86,4,acoustic,690465,2020-01-01 09:35,US
60S0LkuUyzHzX29KWew1a6,JJ Heller,I Dream of You: CALM,Moon River,53,291386,False,0.411,0.191,7,-10.178,1,0.0308,0.916,0.0,0.1,0.155,74.92,3,acoustic,951920,2020-01-01 09:36,US
7wF4asYZw8cAHEljYd2Wid,Ben Rector,The Walking in Between,Forever Like That,52,254026,False,0.592,0.304,8,-9.833,1,0.0298,0.564,0.0,0.107,0.307,114.72,3,acoustic,360174,2020-01-01 09:37,MENA
1t0zKQvPW6iQPHGnUikbgC,JJ Heller,Neighbor,Neighbor,42,236000,False,0.439,0.292,0,-10.92,1,0.0308,0.744,6.27e-05,0.0987,0.153,82.222,4,acoustic,326722,2020-01-01 09:38,MENA
3InBIgygsMQ90Oc2Izt1mg,Takehara Pistol,PEACE OUT,一等賞,29,133840,False,0.659,0.83,5,-4.659,1,0.0445,0.588,0.0,0.111,0.937,127.014,4,acoustic,761251,2020-01-01 09:39,APAC
3NqKDdehfEZ00H4uFghoMr,Hanare Gumi,音タイム,音タイム,29,229533,False,0.373,0.716,5,-7.358,1,0.0313,0.082,0.000239,0.105,0.374,134.764,4,acoustic,105813,2020-01-01 09:40,US
3YalaPTUkyCYanwIf0l4UN,Eddie Vedder,Into The Wild (Music For The Motion Picture),Toulumne,51,60306,False,0.337,0.287,0,-15.051,1,0.0332,0.898,0.978,0.12,0.393,107.031,4,acoustic,609778,2020-01-01 09:41,LATAM
4ncp2DWzx9EQfaJmOdf45s,Vendredi;Son&Dad,Chill Out Covers - Chillout Covers - Chill Acoustic - Relaxing Songs - Calming Acoustic Songs,Just The Two Of Us - Acoustic,28,124742,False,0.462,0.424,5,-7.038,0,0.0301,0.883,0.0,0.147,0.564,97.675,4,acoustic,771323,2020-01-01 09:42,US
3k6s9QkAZfENWHO3NhAQOn,Chris Cresswell,One Week Record,Arrythmic Palpitations,27,169000,False,0.51,0.485,9,-4.432,0,0.0334,0.612,5.08e-06,0.126,,154.97,4,acoustic,595817,2020-01-01 09:43,MENA
4l3P7LcxC2GSnUkbvykkMn,Chuck Ragan,The Blueprint Sessions,The Boat,28,196213,False,0.56,0.755,1,-3.923,0,0.0278,0.286,0.000498,0.243,0.491,147.138,4,acoustic,445559,2020-01-01 09:44,EU
3ocm1Cf1Dk1ODrdBdybh82,Albert King,Born Under A Bad Sign (Mono),Born Under A Bad Sign - Mono Mix,58,169997,False,0.711,0.483,11,-11.211,1,0.0298,0.434,0.012,0.0284,0.884,91.652,4,acoustic,845691,2020-01-01 09:45,APAC
0pHdVMGxXdDcjmye35j63j,The Weepies;Deb Talan;Steve Tannen,Say I Am You,Nobody Knows Me At All,54,120720,False,0.759,,11,-13.035,1,0.0453,0.957,0.000472,0.103,0.329,115.945,3,acoustic,433930,2020-01-01 09:46,LATAM
0WWuB1F1H4dr3Bdoe1vtHs,Days N Daze,Rogue Taxidermy,DBS Out,29,127033,True,0.598,0.599,3,-10.265,1,0.0823,0.326,1.49e-05,0.117,0.94,90.206,4,acoustic,739478,2020-01-01 09:47,APAC
7bKWcP3ExUaYeRivBx5KR5,Vendredi;Son&Dad,Chill Out Covers - Chillout Covers - Chill Acoustic - Relaxing Songs - Calming Acoustic Songs,Crazy - (Acoustic Mix),28,169404,False,,0.425,3,-6.002,1,0.0309,0.879,4.54e-06,0.156,0.302,104.819,4,acoustic,517727,2020-01-01 09:48,LATAM
4LzdviA9tys39CccjkJubr,The Bridge City Sinners,Bridge City Sinners,Dungeon Song,28,202594,False,0.306,0.948,0,-2.877,1,0.0989,0.64,0.0,0.353,0.903,135.76,4,acoustic,123919,2020-01-01 09:49,EU
5aLPkAwDGpqBaoAvTgbgdD,Chad Hates George,Chad Hates George,Can I Sleep On Your Floor??,28,125100,True,0.469,0.457,5,-10.102,1,0.0412,0.692,0.0,0.0531,0.893,84.064,4,acoustic,577464,2020-01-01 09:50,APAC
1POSMvQ2TKVN0D7GwOgK0W,Frank Turner,Positive Songs For Negative People,Josephine,28,202400,False,0.442,0.898,5,-4.662,1,0.0613,0.000158,4.11e-06,0.1,0.446,144.299,4,acoustic,144513,2020-01-01 09:51,APAC
6ad7bQ48TlqAgebCExUJVe,Ichiko Aoba,0,いきのこり●ぼくら,52,406103,False,0.592,0.0833,0,-16.517,0,0.0835,0.946,0.0791,0.0941,0.205,143.243,4,acoustic,937861,2020-01-01 09:52,LATAM
7wiULYwv85WeChygucbpTF,Boyce Avenue,Careless Whisper,Careless Whisper,46,247805,False,0.698,0.389,2,-6.246,0,0.0321,0.885,0.0,0.136,0.704,76.897,4,acoustic,641402,2020-01-01 09:53,US
2R1ACTXu88oxUcplmde6kT,Aron Wright,Look After You,Look After You,47,191765,False,0.396,0.293,1,-10.739,0,0.0367,0.732,0.116,0.102,0.199,145.556,3,acoustic,434828,2020-01-01 09:54,US
0F78T5bfHQCliaNjBkIYBq,Kina Grannis,When the Party's Over,When the Party's Over,50,154732,False,0.52,0.171,1,-14.5,0,0.0423,0.853,0.0,0.174,0.23,123.565,3,acoustic,537572,2020-01-01 09:55,LATAM
7quFUf8mR7wUxeJip0awxn,Howie Day,Sound The Alarm,Longest Night,43,215746,False,0.231,0.636,11,-7.257,1,0.0339,0.00402,0.0,0.0504,0.244,202.098,3,acoustic,657261,2020-01-01 09:56,US
3zjr7jirhGwvqGuuJuIxjg,Andrew Foy;Renee Foy,Photograph,Photograph,30,218590,False,0.807,0.0459,4,-19.883,1,0.0481,0.852,6.14e-06,0.102,0.275,110.512,4,acoustic,334165,2020-01-01 09:57,US
1d39v4V4DmrrLiFX4DKHBv,Ciaran Lavery,Not Nearly Dark,Shame,53,251960,False,0.619,0.299,2,-7.744,1,0.0279,0.846,4.99e-05,0.243,0.31,115.405,4,acoustic,359554,2020-01-01 09:58,US
3Ebx5xEUEoB6iod7vSak8R,Bailey Jehl,Iris,Iris,51,165223,False,0.605,,0,-8.924,1,0.0319,0.869,2.87e-05,0.14,,134.054,3,acoustic,476790,2020-01-01 09:59,EU
70vp3DhQpLrFQapK0BI5Ug,Jules Larson,Let's Stay Young,Running Wild,31,228387,False,0.529,0.663,1,-7.036,1,0.0251,0.368,0.00225,0.107,0.223,96.991,4,acoustic,332714,2020-01-01 10:00,MENA
7MlPySldFcJ9R3mSFvGV4y,Masaharu Fukuyama,AKIRA,彼方で,29,272320,False,0.459,0.57,4,-5.672,1,0.0293,0.199,0.0,0.137,0.361,72.978,4,acoustic,782118,2020-01-01 10:01,US
4JAVT5eeiKjHrNNxQQrs4J,Rosi Golan,The Drifter and the Gypsy,Hazy (Featuring William Fitzsimmons),43,235960,False,0.515,0.0686,0,-17.61,1,0.0401,0.936,0.000129,0.117,0.33,113.185,5,acoustic,193433,2020-01-01 10:02,EU
6r8OnTtDrhKBIIYgzxrnZ1,Colin & Caroline,Let It Go,Let It Go,55,194129,False,0.46,0.319,1,-8.621,1,0.0356,0.861,0.0,0.118,0.329,145.765,4,acoustic,843949,2020-01-01 10:03,EU
12qmPGMrOCogibc7qyxT9s,Gen Hoshino,I Wanna Be Your Ghost (feat. Ghosts),I Wanna Be Your Ghost (feat. Ghosts),50,225533,False,0.829,0.751,11,-4.937,0,0.0645,0.0142,0.014,0.0414,0.96,129.993,4,acoustic,413674,2020-01-01 10:04,MENA
1K0OGTEEPMRdxFGRt5WYRI,Masaharu Fukuyama,約束の丘,約束の丘,30,326413,False,0.524,0.852,11,-4.708,1,0.0298,0.0159,6.35e-06,0.112,0.635,92.748,4,acoustic,605100,2020-01-01 10:05,LATAM
4uBwFIBwZcgHNvwNjOqICX,Ingrid Michaelson,Stranger Songs,Young And In Love,46,208226,False,0.626,0.575,4,-7.507,1,0.0535,0.0694,3.34e-06,0.114,0.222,119.97,4,acoustic,241979,2020-01-01 10:06,US
4Akic5cb5RHJrTdQZY7AfX,Jason Mraz,Know.,No Plans,46,148000,False,0.491,0.304,9,-9.379,1,0.0291,0.5,0.0,0.0975,0.459,149.288,4,acoustic,446832,2020-01-01 10:07,LATAM
414FqRxeG518IkFrmzdQjt,Boyce Avenue,Easy on Me,Easy on Me,52,260040,False,0.586,0.514,2,-6.267,1,0.0269,0.56,0.000347,0.122,0.27,142.021,4,acoustic,779136,2020-01-01 10:08,EU
63m3fusWaHBnB3isFfAlRd,Eddie Vedder;Cat Power,Ukulele Songs,Tonight You Belong To Me,44,101539,False,0.653,0.174,7,-11.07,1,0.052,0.991,0.00248,0.106,0.611,138.981,3,acoustic,343626,2020-01-01 10:09,US
5H6Bc7oEWYuKrwb1pUZWhh,Ysabelle Cuevas,Closer,Closer,51,178666,False,0.558,0.172,8,-13.379,1,0.0513,0.874,0.0,0.1,0.518,90.146,4,acoustic,219048,2020-01-01 10:10,US
0RTACXDmdASzBQR1UiSyAZ,Boyce Avenue,One Last Breath,One Last Breath,53,236800,False,0.45,0.335,2,-6.833,1,0.0301,0.788,1.66e-06,0.115,0.166,125.484,4,acoustic,569726,2020-01-01 10:11,MENA
4qoD4IJbbir3hsAu4IowiG,The Civil Wars,The Civil Wars,Devil's Backbone,47,149426,False,0.254,0.349,4,-10.02,0,0.0379,0.85,2.95e-05,0.234,0.303,170.214,3,acoustic,246241,2020-01-01 10:12,EU
35TStN96CwcjFedErjW8Wq,Will Moore,Classical Guitar Lullabies Volume 1,Waltzing Matilda,48,148127,False,0.625,0.285,0,-13.819,1,0.0524,0.897,0.91,0.108,0.173,141.611,4,acoustic,383274,2020-01-01 10:13,LATAM
3tInTDUq8wdIMw5ftohmqJ,Ingrid Michaelson,Lights Out,Girls Chase Boys,56,221413,False,0.518,0.828,8,-5.725,1,0.04,0.03,1.33e-05,0.0456,0.69,84.835,4,acoustic,505414,2020-01-01 10:14,APAC
6Vn8lTVMjILXQCjZUXS8n4,Jason Mraz,Love Is a Four Letter Word,The Woman I Love,48,190751,False,0.591,0.647,4,-8.34,1,0.0277,0.067,6.57e-05,0.231,0.678,79.68,4,acoustic,607685,2020-01-01 10:15,MENA
5hCgm1tDb7ZZKmRtucTTjh,C.W. Stoneking,Jungle Blues,The Love Me or Die,47,234600,False,,0.53,3,-5.465,0,0.0648,0.84,2.02e-05,0.133,0.919,150.405,4,acoustic,675438,2020-01-01 10:16,LATAM
1PEpGWRE4Tjsk2qy5teW4p,Masaharu Fukuyama,milk tea/美しき花,美しき花,29,330026,False,0.524,0.797,7,-6.611,1,0.0298,0.0567,0.0,0.0796,0.766,105.901,4,acoustic,708986,2020-01-01 10:17,US
02EqvposhJjwrgkQexKIdW,Suy Galvez,Bossa Best,Isn't She Lovely,28,181466,False,0.71,,3,-5.945,1,0.0313,0.789,3.75e-06,0.106,0.615,120.028,4,acoustic,859857,2020-01-01 10:18,US
68HbD7rEFTlnJy4UWSpySY,Mone Kamishiraishi,世界中の誰よりきっと,世界中の誰よりきっと,28,217466,False,0.578,0.636,2,-5.506,1,0.0342,0.0874,0.0,0.124,0.556,124.9,4,acoustic,159471,2020-01-01 10:19,US
0qAMjeQFyd1qD0LDiV8gWp,KT Tunstall,Eye To The Telescope,Black Horse And The Cherry Tree,67,172373,False,0.748,0.786,4,-7.788,0,0.0641,0.328,0.0,0.34,0.917,104.833,4,acoustic,426090,2020-01-01 10:20,APAC
6b4mWoXrscyajbLOB2qwfG,Johnnyswim,Georgica Pond,Drunks,29,279068,False,0.399,0.461,3,-10.694,1,0.0411,0.157,5.52e-05,0.116,0.205,96.591,4,acoustic,100960,2020-01-01 10:21,US
2C3gh14oarzTtv3aY3HJ0m,Drew Holcomb;Ellie Holcomb;Drew Holcomb & The Neighbors,Coming Home: A Collection of Songs,Coming Home,56,146360,False,0.625,,10,-5.995,1,0.033,0.146,2.72e-05,0.135,0.741,104.066,4,acoustic,108498,2020-01-01 10:22,APAC
2Qj1FilGsXITZbFVmVeoLy,Freddie King,Getting Ready... (World),I'm Tore Down,54,253333,False,0.64,0.496,2,-11.124,1,0.0413,0.616,4.63e-05,0.183,0.954,116.632,4,acoustic,291049,2020-01-01 10:23,APAC
2gc1XwdI3kKipqAXTdMcwY,JJ Heller,Neighbor,Neighbor (Piano Version),25,236000,False,,0.142,0,-12.119,1,0.0373,0.91,1.57e-06,0.0943,0.192,115.911,3,acoustic,638328,2020-01-01 10:24,MENA
35RrDnREM1xxx4YBxDHikm,Ben Rector,Magic,I Will Always Be Yours,49,226826,False,0.444,0.771,0,-4.607,1,0.0485,0.13,0.0,0.273,0.45,148.028,4,acoustic,905059,2020-01-01 10:25,US
5bqPeBYkNk9feimSN9N4JY,Days N Daze,The Oogle Deathmachine,Nine on the Bortle,28,269139,False,0.408,0.685,9,-10.773,0,0.0754,0.84,0.0133,0.614,0.905,159.831,4,acoustic,796186,2020-01-01 10:26,MENA
4a7aKxh344UzFEVd0k5lwi,Frank Turner,England Keep My Bones (Deluxe Edition),Redemption,28,288133,False,0.658,0.678,4,-6.807,1,0.0284,0.00897,0.0,0.0914,,131.976,4,acoustic,681661,2020-01-01 10:27,LATAM
0P0v83waDX4ElzSgmF1cG5,KT Tunstall,Eye To The Telescope,Other Side Of The World,29,214560,False,0.427,0.695,2,-5.378,1,0.0343,0.487,0.0,0.0836,0.368,160.142,4,acoustic,800346,2020-01-01 10:28,APAC
0NkeEkDFOby5xOZ7BIKVuD,Eddie Vedder,Into The Wild (Music For The Motion Picture),Setting Forth,53,97866,False,0.549,0.78,2,-5.08,1,0.0291,0.0116,0.0,0.195,0.804,119.369,4,acoustic,254764,2020-01-01 10:29,APAC
348ooLg3LgeDkJVh6zzib8,Frank Turner,England Keep My Bones (Deluxe Edition),Eulogy,28,94466,False,0.284,0.108,7,-9.352,1,0.0473,0.674,4.65e-06,0.204,0.282,148.956,3,acoustic,855850,2020-01-01 10:30,MENA
2BdXf4OpDOw4AvklnAvcsY,Days N Daze,Rogue Taxidermy,Tarnished Ol' Photograph,28,148035,False,0.522,0.403,5,-10.989,1,0.0358,0.642,0.00605,0.152,0.621,123.196,4,acoustic,901236,2020-01-01 10:31,LATAM
6i1wlqIigKZTvMk0LTh5Id,Marc Broussard,Carencro,Rocksteady,28,243840,False,,0.849,1,-4.233,0,0.0352,0.018,1.37e-06,0.0379,0.886,120.063,4,acoustic,185548,2020-01-01 10:32,APAC
5CU7ewecONNlWAJHu04HJQ,The Bridge City Sinners,Bridge City Sinners,Come on In,28,204926,False,0.544,0.911,9,-2.73,1,0.204,0.661,0.0,0.344,0.851,114.776,4,acoustic,522959,2020-01-01 10:33,US
31GGw4QarlH4neWIHsFQeq,The Bridge City Sinners,Bridge City Sinners,Laugh While You Can,28,168118,False,0.672,0.879,9,-3.693,1,0.114,0.629,4.09e-06,0.169,0.74,119.996,4,acoustic,847032,2020-01-01 10:34,LATAM
3VyInzFUWWHyYw3xCUUz3M,Frank Turner,FTHC (Deluxe),Untainted Love,28,174466,True,0.573,0.789,11,-5.435,1,0.05,0.000488,0.00965,0.126,0.332,128.077,4,acoustic,528482,2020-01-01 10:35,LATAM
6ONQ2wKKkjxIUygJbBe7ph,Harley Poe,Pinocchio Pariah,Whiny Bitch,28,272100,True,0.495,0.811,9,-3.1,1,0.0411,0.534,0.000286,0.136,0.9,173.56,4,acoustic,856424,2020-01-01 10:36,APAC
55G6uXo1fyBQ58YL3O2ygf,Days N Daze;Juicy Karkass,Crustfall,I Wanna See It Burn,29,157000,False,0.48,0.6,0,-8.976,1,0.0398,0.24,0.0,0.533,0.944,92.545,4,acoustic,941986,2020-01-01 10:37,APAC
2Xzh9zjiKhM9YT4AcJxLkQ,Mindy Smith,Country Holiday,I'll Be Home for Christmas,0,216093,False,0.57,0.427,6,-5.873,1,0.0296,0.368,1.73e-05,0.156,0.186,98.995,4,acoustic,527197,2020-01-01 10:38,EU
4G18Ie2Gm6vVYgzkIiRwFD,Mindy Smith,Happy Country Christmas,I'll Be Home for Christmas,0,216093,False,,0.427,6,-5.873,1,0.0296,0.368,1.73e-05,0.156,0.186,98.995,4,acoustic,153537,2020-01-01 10:39,MENA
60Ul9B9xErs1tAikGkBEfL,Mindy Smith,Chillin' It - Mellow Day Country,It's Amazing,0,220213,False,0.612,0.484,9,-9.773,1,0.0319,0.643,0.0,0.118,0.254,138.961,4,acoustic,406047,2020-01-01 10:40,APAC
4YimYaA3z1KrrnbBmvE6Af,Anya Marina,Over You (Deluxe Edition),How Far Does the Dark Go?,32,245726,False,0.401,0.546,11,-5.846,0,0.0319,0.395,5.03e-05,0.12,0.15,89.331,4,acoustic,293660,2020-01-01 10:41,EU
1fxIiBHyhR3AhYJBHBZTiq,Adam Christopher,THATS WHAT I WANT (Acoustic),THATS WHAT I WANT (Acoustic),35,172857,True,0.759,0.275,0,-10.707,1,0.0626,0.81,0.0,0.177,0.457,73.553,4,acoustic,526703,2020-01-01 10:42,MENA
7pgxSWFaZqPukb2oes8M5W,Hannah's Yard,Dynamite (Acoustic),Dynamite - Acoustic,49,155904,False,0.737,0.391,2,-7.934,1,0.068,0.807,0.0,0.367,0.836,93.936,4,acoustic,627193,2020-01-01 10:43,APAC
5himtcBG5IetEOAYuB1Lu1,SafetySuit,Hallelujah,Never Stop (Wedding Version),52,175200,False,0.639,0.439,0,-7.157,1,0.0489,0.872,0.0,0.0918,0.51,133.87,4,acoustic,517508,2020-01-01 10:44,EU
7FNugksLRXsu3Ie96TiWpG,Meiko,Lovers & Fighters,You're Mine (The Chase),31,208386,False,0.532,,11,-7.065,0,0.0295,0.14,0.0194,0.193,0.67,144.901,4,acoustic,275937,2020-01-01 10:45,LATAM
54gjtcoJgDxt7jpnpwSy0o,Yosui Inoue;Tamio Okuda,ダブルドライブ,パラレル・ラブ,28,246786,False,0.656,0.826,4,-3.929,1,0.0323,0.00453,3.65e-06,0.0791,0.894,117.648,4,acoustic,371048,2020-01-01 10:46,MENA
5moyneo3TMp2wdc0TG8O8U,Canyon City,Matinée,So Are We,48,252640,False,0.496,0.11,1,-15.584,1,0.042,0.911,1.44e-05,0.0829,0.235,145.277,4,acoustic,711573,2020-01-01 10:47,US
2WQRPsMOrbeqms7JgmmVv3,Eddy Tyler,Guitar Covers,Shallow,41,214784,False,0.613,0.346,7,-11.33,1,0.0398,0.89,0.913,0.0994,0.128,95.981,4,acoustic,124284,2020-01-01 10:48,MENA
1qHiDbTJI7GB62W3BBFigx,A Great Big World;Futuristic,When the Morning Comes,Hold Each Other (feat. Futuristic),47,216040,False,0.61,0.796,10,-5.431,1,0.0656,0.0365,0.0,0.274,0.51,159.944,4,acoustic,292682,2020-01-01 10:49,LATAM
5msvkAkQ8o2GhNxOu3YW5D,Hanare Gumi,深呼吸,別れの予感,28,274133,False,0.63,0.367,1,-11.054,1,0.0232,0.052,0.000202,0.103,0.547,98.995,4,acoustic,903106,2020-01-01 10:50,US
3YllcvA3PW1DUwjckCVjIw,Ray LaMontagne,MONOVISION,I Was Born To Love You,60,251933,False,0.659,0.236,9,-12.56,1,0.0304,0.84,6.32e-05,0.206,0.216,78.088,4,acoustic,189241,2020-01-01 10:51,US
2cTaSKEc8OZdF6Tpg2QQsS,Aimyon,Heard that there's good pasta,Naked Heart,47,296653,False,0.559,0.448,8,-4.11,1,0.0275,0.537,1.85e-05,0.0915,0.354,148.02,4,acoustic,473270,2020-01-01 10:52,LATAM
5QRt4QovcONoIVzwnlkU7z,Kaiak,River Love,Smell the Coffee,49,201861,False,0.637,0.46,3,-9.07,1,0.0384,0.855,4.8e-05,0.114,0.345,93.955,4,acoustic,286286,2020-01-01 10:53,APAC
7Igc6JB0xPDcn5yRkkVGQX,Jason Mraz,Know.,Unlonely,51,231266,False,0.795,,5,-4.831,0,0.0392,0.379,0.0,0.221,0.754,97.987,4,acoustic,194185,2020-01-01 10:54,MENA
3IvEnBPF1egP9y1q3C2Fg4,Sakura Fujiwara,SUPERMARKET,ゆめのなか,28,247666,False,0.565,0.566,6,-7.258,1,0.0272,0.472,0.000426,0.148,0.551,92.017,4,acoustic,480460,2020-01-01 10:55,EU
4XBkxG1jC5RBQJt65gma8v,Filip Nordin,Acustic Covers of Popular Songs,More Than You Know - Acoustic Covers of Popular Songs,51,155510,False,0.776,0.319,8,-7.496,1,0.031,0.791,0.0,0.159,0.501,98.016,4,acoustic,569297,2020-01-01 10:56,MENA
4CpUwb4JSS0YiGZ4pBryTO,Gabrielle Aplin,Dear Happy,Nothing Really Matters,45,164786,False,0.328,0.53,5,-8.124,1,0.0509,0.0602,0.0,0.057,0.753,162.031,4,acoustic,258524,2020-01-01 10:57,LATAM
4fHJwyR7JILiSAbLyXcrKx,The Mayries,#Acoustic,Don't Wanna Know - Acoustic Version,54,183472,False,0.438,0.448,1,-7.676,1,0.0666,0.706,0.0,0.159,0.366,118.37,5,acoustic,170014,2020-01-01 10:58,EU
4XBcShO4h4X55x9yMmyKHL,Allman Brown,1000 Years,Sweetest Thing,54,218502,False,0.546,0.411,2,-9.308,1,0.0475,0.701,9.73e-05,0.0955,0.528,79.785,4,acoustic,221222,2020-01-01 10:59,MENA
55fyE9Q754QhXpmcLtmmam,Sara Bareilles;John Legend,Amidst the Chaos (Bonus Version),A Safe Place to Land (feat. John Legend),57,269209,False,0.424,0.253,10,-13.259,1,0.0366,0.825,0.0,0.117,0.16,129.812,3,acoustic,686389,2020-01-01 11:00,US
20GlDn5GNOkgZUui7Z57k1,Suy Galvez,Bossa Best,Your Song,27,242880,False,0.586,0.415,11,-7.834,1,0.0276,0.836,6.01e-05,0.122,0.704,140.005,4,acoustic,874252,2020-01-01 11:01,APAC
4zzi2eD2cEPpQ3a307mPPj,The Civil Wars,Between The Bars (EP),Billie Jean,57,259920,False,0.532,0.203,9,-8.524,0,0.0668,0.829,0.0,0.108,0.543,89.646,4,acoustic,262261,2020-01-01 11:02,APAC
Plays the Blues for You (feat. Lucky Peterson, Titus Williams," Ray """"""""Killer"""""""" Allison) [Blues Power]""""",Cadillac Assembly Line,55,318333,False,0.735,0.355,9,-19.032,0,0.0387,0.656,0.094,0.119,0.724,93.553,4,acoustic,388357,2020-01-01 11:03,EU
3tBS9yN7auzP4PeAEzfGEg,Takehara Pistol,youth,全て身に覚えのある痛みだろう?,27,182306,False,0.625,0.776,9,-7.354,1,0.0354,0.0299,0.0,0.23,0.617,88.002,4,acoustic,409433,2020-01-01 11:04,US
3NxSIxMnq9tDmQtoyHQqte,Luther Allison,Serious,Life Is A Bitch,41,219640,False,0.594,0.744,6,-10.096,0,0.0304,0.648,0.00305,0.261,0.778,102.344,4,acoustic,424682,2020-01-01 11:05,APAC
5ExTzBKfppRaRMl8fIqYBH,Takehara Pistol,ROUTE to ROOTS,オールドルーキー (再録),28,361693,False,0.414,0.42,10,-5.647,1,0.0301,0.303,9.13e-06,0.194,0.376,97.136,4,acoustic,319870,2020-01-01 11:06,US
2mKjs6s0Z1imKKb6gOk628,Jason Mraz,Waiting for My Rocket to Come,You and I Both,57,218240,False,0.615,0.812,7,-6.573,1,0.0458,0.184,0.0,0.328,0.74,98.954,4,acoustic,149743,2020-01-01 11:07,EU
6Dm2KfuPBa3eXOgHaT88r4,John Frusciante,Curtains,The Past Recedes,51,233626,False,0.381,0.334,7,-11.36,1,0.0271,0.202,0.000203,0.411,0.171,102.632,4,acoustic,572639,2020-01-01 11:08,EU
2xUM2CBmLcvdldtDtPmrfx,Maris Racal,Ate Sandali,Laro Laro Laro,27,174124,False,0.466,0.14,9,-13.118,1,0.0301,0.921,0.00659,0.358,0.351,147.328,3,acoustic,421632,2020-01-01 11:09,MENA
25wiOYoBrS6ITwcPGlTSXi,Front Porch Step,I Never Loved Before I Found You,Stones,27,250987,False,0.636,0.776,7,-4.765,1,0.0362,0.00662,5.47e-06,0.0741,0.402,95.999,4,acoustic,408031,2020-01-01 11:10,EU
7f0PCIJFVw7U5tbuFH4rb0,Penny and Sparrow,Olly Olly,Need You,58,189282,False,0.545,0.642,10,-7.344,1,0.0279,0.517,1.75e-06,0.116,0.555,78.51,4,acoustic,338326,2020-01-01 11:11,EU
64cc7wgJnZnzADtEqhFwWl,We The Heathens,Regicide,When It's Gone,27,209606,True,0.532,0.54,10,-6.304,1,0.0346,0.724,0.000376,0.0464,0.765,169.826,4,acoustic,936404,2020-01-01 11:12,LATAM
27C0RwdWb6l4j8UGT5LZrR,Front Porch Step,Whole Again,Heaven Sent,27,212960,False,0.615,0.312,2,-10.054,1,0.0301,0.727,8.29e-05,0.256,0.354,135.145,4,acoustic,649435,2020-01-01 11:13,EU
0R3LjmIZg8MiBlf3LdYjcD,Gail Blanco,Love Love Love,Too Much Heaven,27,294853,False,0.664,0.45,1,-7.007,1,0.0257,0.781,1.71e-05,0.311,0.26,83.987,4,acoustic,476822,2020-01-01 11:14,APAC
1waSpL77NIcKRni3aDA0kS,Ramshackle Glory,One Last Big Job,Face the Void,28,179920,False,0.466,0.421,7,-7.428,1,0.0318,0.00798,1.09e-05,0.0717,0.788,146.791,4,acoustic,284851,2020-01-01 11:15,LATAM
5Q12oF5TRQL7AQsEY1PZcp,RENT STRIKE,IX,V: Fair Trade Death March,27,330454,False,0.342,0.731,3,-6.015,1,0.0545,0.0675,6.24e-05,0.191,0.665,181.81,4,acoustic,821010,2020-01-01 11:16,APAC
1T7Tqsfkz0Ntbwta2hHebY,Days N Daze,Rogue Taxidermy,Fate of a Coward,28,175046,False,0.583,0.534,2,-11.147,0,0.0411,0.569,0.0,0.351,0.943,123.094,4,acoustic,899528,2020-01-01 11:17,LATAM
7IdC5YvSg9O1WfRSUtSpNt,Sonny Boy Williamson II,The Best Of,Don't Start Me To Talkin',30,153653,False,0.699,0.761,7,-7.264,1,0.103,0.806,0.00115,0.588,0.706,115.048,4,acoustic,129086,2020-01-01 11:18,APAC
3NigHcNkAIUpS1cNbiqNl8,AJJ,Christmas Island,Angel of Death,28,174709,False,0.645,0.626,7,-7.551,1,0.0364,0.259,0.00887,0.115,0.307,118.585,4,acoustic,936699,2020-01-01 11:19,APAC
2uJsLbcAKJWCaYBrVPYxUw,Ramshackle Glory,Live the Dream,Bitter Old Man - Live,28,258866,False,0.577,0.453,2,-8.77,1,0.0489,0.395,0.0,0.176,0.51,132.944,4,acoustic,729477,2020-01-01 11:20,LATAM
302k5Cd7lIeZvekkjWcU3k,Harley Poe,7 Inches of Hell,You're a Witch,28,172121,True,0.529,0.936,5,-4.061,0,0.0757,0.256,0.000454,0.752,0.849,91.952,4,acoustic,189847,2020-01-01 11:21,EU
74ooA3upXyi3AUg9Ndz2Ck,Frank Turner,FTHC (Deluxe),Non Serviam,27,119946,True,0.455,,4,-4.527,0,0.0824,1.09e-05,0.0131,0.357,0.417,95.069,4,acoustic,777840,2020-01-01 11:22,US
7BsxlNsLgCMBNZ9CmAcbfv,Frank Turner,FTHC (Deluxe),The Gathering,27,159640,True,,0.938,7,-4.316,1,0.0756,0.0022,1.21e-05,0.142,0.552,143.887,4,acoustic,196662,2020-01-01 11:23,EU
1xKzXsdfSXCQNO9cOYQOGL,Eric Lumiere,Chill Out Covers - Chillout Covers - Chill Acoustic - Relaxing Songs - Calming Acoustic Songs,7 Years,27,244821,False,0.662,0.268,10,-7.394,1,0.0358,0.858,0.0,0.11,0.394,111.594,4,acoustic,145775,2020-01-01 11:24,EU
1BEf6XRdlqtUctXYEicKbE,Days N Daze,The Oogle Deathmachine,Comfort epershand Control,28,182204,True,0.486,,9,-11.703,0,0.0426,0.784,0.0,0.32,0.75,127.551,4,acoustic,203793,2020-01-01 11:25,US
6nPSj5qcbkm3w2ch9dljk2,Frank Turner,Positive Songs For Negative People,Demons,27,245386,False,,0.938,4,-5.414,1,0.0795,0.00145,0.000273,0.387,0.286,159.017,4,acoustic,513848,2020-01-01 11:26,US
0N8Xztr4pBHJ7V0moJWhbO,Aimyon,青春のエキサイトメント,愛を伝えたいだとか,65,235240,False,0.673,0.85,2,-5.021,1,0.0337,0.0345,1.14e-05,0.0943,0.793,100.008,4,acoustic,657611,2020-01-01 11:27,EU
3dPpQeLTWjCjEbSevDMQfW,Gen Hoshino,FUSHIGI,FUSHIGI,49,290000,False,0.753,0.574,3,-4.57,1,0.0483,0.0512,3.71e-06,0.141,0.527,89.024,4,acoustic,466591,2020-01-01 11:28,US
1TRIYxcVJYPki5AX2hZzZT,Luther Allison,Bad News Is Coming,Bad News Is Coming,52,445533,False,0.639,0.496,1,-6.844,0,0.0375,0.713,0.254,0.0545,0.467,140.394,3,acoustic,209771,2020-01-01 11:29,LATAM
7nixLKx5skJBEKyiqZmdp7,Ethan Loukas,I Mean Love,I Mean Love,39,193876,False,0.748,0.428,6,-7.019,1,0.0314,0.542,0.0,0.0994,0.565,115.067,4,acoustic,279251,2020-01-01 11:30,EU
2I4gO3ZoMLZaCeWMZGOQ7o,Gabrielle Aplin,Miss You,Night Bus,38,221826,False,0.458,0.815,1,-7.16,0,0.0515,0.00374,1.07e-05,0.115,0.362,118.226,4,acoustic,867143,2020-01-01 11:31,US
0x0h9kwGhCv78fMRo8ChhZ,Andrew Belle,Black Bear,Dark Matter,45,318439,False,0.483,0.806,7,-5.111,0,0.0321,0.0881,0.000895,0.0991,0.19,147.049,4,acoustic,966360,2020-01-01 11:32,EU
2pcuXnZhTirLXsfXGVFTv2,Gen Hoshino,Doraemon,Doraemon,41,239933,False,0.64,0.547,4,-4.129,1,0.038,0.00676,4.95e-05,0.0585,0.95,159.992,4,acoustic,778843,2020-01-01 11:33,EU
7ihXMwfP4ZITY2YIsCKJt0,Carly Lyman;Jason Lux,Landslide,Landslide,49,194782,False,0.483,0.143,1,-11.535,1,0.035,0.958,0.0,0.119,0.342,104.932,3,acoustic,193072,2020-01-01 11:34,EU
3zUMHRZa7wgqtoCsBfBSpt,Joshua Radin,I'd Rather Be With You,I'd Rather Be With You [Radio Edit],28,163200,False,0.512,0.671,1,-7.738,1,0.0283,0.0314,0.161,0.0749,0.397,82.342,4,acoustic,837827,2020-01-01 11:35,LATAM
65P0LJJh9vEa5yR6S2xIZR,Blame Jones,Leave The Door Open (Acoustic),Leave The Door Open - Acoustic,51,186503,False,0.817,,6,-7.73,1,0.0451,0.874,0.0,0.115,,148.017,3,acoustic,722789,2020-01-01 11:36,APAC
0RHZvKdk4rHKyl2Ijltoub,Michelle Featherstone,Blue Bike,Careful,35,256760,False,0.505,0.835,5,-4.301,1,0.0296,0.46,0.000352,0.165,0.484,144.171,4,acoustic,573453,2020-01-01 11:37,APAC
5lZVXDJI3PnnYxBNwNXQgH,Lusaint,Use Somebody (Acoustic),Use Somebody - Acoustic,54,172633,False,0.591,0.269,0,19.91,1,0.0301,0.911,0.0,0.0945,0.246,376.015,4,acoustic,228914,2020-01-01 11:38,APAC
0UyEX00PgplVsCcqtl1Rna,Kurt Cobain,Montage Of Heck: The Home Recordings (Deluxe Soundtrack),She Only Lies,48,167186,False,0.474,0.0699,0,-27.372,1,0.038,0.992,0.898,0.116,0.243,114.606,4,acoustic,997008,2020-01-01 11:39,APAC
7e4Pftu2tzDeY0W0690OKQ,Thomas Daniel,What About Us (Acoustic),What About Us - Acoustic,60,255510,False,0.427,0.229,4,-11.564,1,0.0364,0.935,7.37e-06,0.0958,0.222,125.195,5,acoustic,498345,2020-01-01 11:40,MENA
5Oc0vLGWdEWeCqIU8zyELt,Big Mama Thornton,Ball n' Chain,Hound Dog,57,181000,False,0.563,0.542,9,-10.862,1,0.0962,0.706,3.59e-05,0.355,0.785,133.285,4,acoustic,139757,2020-01-01 11:41,US
6wXpQl6LNBzDhalmed8Lm5,Ingrid Michaelson,Turn To Stone,Turn To Stone,45,276386,False,0.354,0.175,0,-9.779,1,0.0388,0.781,7.63e-05,0.153,0.323,111.089,4,acoustic,288971,2020-01-01 11:42,APAC
3xtxmdwm84x0ZDvSOxQels,Joseph Sullinger,Drawn by the Wind (Arr. for Guitar),Drawn by the Wind (Arr. for Guitar),34,196487,False,0.514,0.239,2,-14.957,0,0.101,0.982,0.954,0.106,0.338,119.998,4,acoustic,461138,2020-01-01 11:43,MENA
7aZBQsoO9BqmgB9WRLFeqv,Neulore,Animal Evolve,Don't Shy From The Light,40,269826,False,0.285,0.305,7,-10.523,1,0.0285,0.26,0.0192,0.195,,133.513,4,acoustic,156094,2020-01-01 11:44,LATAM
1m3Lsbhkn6yL8apzsCiukd,Ben Woodward,Memories (Acoustic),Memories (Acoustic),46,183337,False,,0.183,8,-17.1,1,0.403,0.809,0.0,0.109,0.664,91.078,4,acoustic,391542,2020-01-01 11:45,MENA
5hP86UPfveDTuRSUC5FH89,Nathan Angelo,A Matter of Time,She’s The Song,42,217898,False,0.614,0.517,2,-6.205,1,0.0302,0.747,0.0,0.134,0.424,133.868,4,acoustic,521562,2020-01-01 11:46,EU
1OoBG6B9674Y1xJLfdl7Vg,Andrew Ripp,Simple,When You Fall in Love,36,221070,False,0.63,,1,-6.952,1,0.0288,0.877,0.0,0.12,0.395,104.959,4,acoustic,953780,2020-01-01 11:47,MENA
26TzE0IIiuqPKLaWfcsj4C,Jason Mraz,Now That's What I Call Music 2012-13,I Won’t Give Up,16,240640,False,0.543,0.329,4,-9.46,1,0.0449,0.69,0.0,0.112,0.141,136.549,3,acoustic,177737,2020-01-01 11:48,LATAM
4OaLdPqqqrtfLPFqSna89W,JJ Heller,Suitcase,Suitcase,46,229519,False,0.397,0.312,0,-10.504,1,0.0307,0.772,0.0,0.117,0.141,179.605,4,acoustic,619174,2020-01-01 11:49,US
0JN6DXOZ08IwQhEBZJ3MFd,Filip Nordin,Covers - Chill Covers Of Popular Songs,Stitches,26,140547,False,0.686,0.347,0,-6.075,1,0.0341,0.725,0.0,0.411,0.539,145.837,4,acoustic,924184,2020-01-01 11:50,EU
Plays the Blues for You (feat. Lucky Peterson, Titus Williams," Ray """"""""Killer"""""""" Allison) [Blues Power]""""",I 'll Play the Blues for You,52,317133,False,0.654,0.316,0,-18.692,0,0.041,0.786,0.0563,0.131,0.697,94.485,4,acoustic,825571,2020-01-01 11:51,APAC
0iAkkPHwTkS1nC2vbcw3Ms,Mone Kamishiraishi,あの歌-2-,PRIDE,26,317146,False,0.747,0.294,2,-10.272,1,0.0366,0.956,2.37e-05,0.104,0.412,119.948,4,acoustic,932446,2020-01-01 11:52,LATAM
0sE9ZTxMxYneIUAEHN4Tg7,Gabrielle Aplin,English Rain,The Power of Love,50,245160,False,0.277,0.291,11,-9.851,0,0.0306,0.901,2.47e-05,0.103,0.175,75.119,3,acoustic,253306,2020-01-01 11:53,US
37pK088xTo1ZpR3y23wsFk,Amos Lee,Amos Lee,Arms Of A Woman,60,251440,False,0.54,0.0674,9,-13.778,1,0.0368,0.888,0.000382,0.109,,141.988,3,acoustic,821208,2020-01-01 11:54,US
6P82NfCXl3lLcUNSYEmq1u,Donovan Woods,Without People,Seeing Other People,50,186143,False,0.444,0.44,8,-11.076,1,0.0391,0.741,2e-05,0.102,0.339,76.959,1,acoustic,980769,2020-01-01 11:55,MENA
3VA8T3rNy5V24AXxNK5u9E,Sara Bareilles,Kaleidoscope Heart,King of Anything,61,207493,False,0.676,0.762,1,-4.172,1,0.0351,0.461,0.0,0.0574,0.81,119.003,4,acoustic,393429,2020-01-01 11:56,LATAM
71nADpZkwmhx8tnnPKXHMP,Covers Culture;Acoustic Covers Culture;Lounge Covers Culture Of Popular Songs,Covers - Chill Covers Of Popular Songs,Lost Cause - Acoustic Covers Versions of Popular Songs,26,148812,False,0.664,0.274,10,-11.005,0,0.0425,0.899,0.0,0.354,0.392,75.01,4,acoustic,548775,2020-01-01 11:57,EU
5SUNx81BHso0IIFE04M4KW,Keisha White,The Weakness In Me,The Weakness in Me,27,199093,False,0.717,0.436,7,-8.531,1,0.056,0.0569,0.0,0.11,0.319,128.112,4,acoustic,577756,2020-01-01 11:58,US
7AtnW6HeSUsPpA9D59PJyx,Austin Plaine,Honey,Honey,28,191973,False,0.517,0.578,11,-7.37,1,0.0293,0.367,1.42e-06,0.176,0.398,138.178,4,acoustic,544304,2020-01-01 11:59,EU
0VDhK4DIjbsAHo1GDe9VfM,Drew Holcomb & The Neighbors,A Million Miles Away,I Like to Be With Me When I'm With You,55,230773,False,0.595,0.384,2,-12.114,1,0.0305,0.682,2.37e-06,0.0796,0.691,90.726,4,acoustic,360803,2020-01-01 12:00,APAC
2bjfXe8SOsCl17b29eGLvg,Eddie Vedder,Into The Wild (Music For The Motion Picture),No More - Live,45,270466,False,0.337,0.605,7,-7.84,1,0.0277,0.862,0.0031,0.944,0.424,59.327,4,acoustic,973795,2020-01-01 12:01,MENA
3lawK0CXk8hJ1yZnhNMx7u,Beans on Toast,The Inevitable Train Wreck,On & On,26,279781,False,0.746,0.421,2,-7.944,1,0.0756,0.409,0.0,0.113,0.545,97.152,4,acoustic,960846,2020-01-01 12:02,MENA
7saOSM2fUxclPXFAFJQACk,Johnnyswim,Diamonds,A Million Years,28,219853,False,0.71,0.782,2,-6.276,1,0.0835,0.0684,8.66e-06,0.0845,0.523,123.04,4,acoustic,442658,2020-01-01 12:03,APAC
6e2lt5O6aOUGQ8BWSo0gNr,Eddie Vedder,Into The Wild (Music For The Motion Picture),End Of The Road,48,199880,False,0.585,0.441,7,-9.271,0,0.0311,0.501,0.534,0.0967,0.0591,114.091,4,acoustic,824762,2020-01-01 12:04,APAC
1cADd4hbtfYDFesyH8i1eB,Frank Turner,FTHC (Deluxe),The Work,27,212893,False,0.491,0.913,0,-4.526,1,0.0567,1.88e-05,2.26e-06,0.327,0.59,89.987,4,acoustic,457772,2020-01-01 12:05,LATAM
0C4m2ViRBc1rCfsU8wFMKT,Chuck Ragan,The Blueprint Sessions,Trenchfoot,26,236293,False,0.643,0.407,0,-6.086,1,0.0355,0.414,0.000385,0.116,0.332,132.449,3,acoustic,815328,2020-01-01 12:06,APAC
1o95Vc19sHgVwk20YwNPvR,AJJ,Only God Can Judge Me and More,Unicron,28,73066,True,0.495,0.531,0,-6.372,1,0.0582,0.696,0.0,0.165,0.827,155.227,4,acoustic,626276,2020-01-01 12:07,EU
4VG8zYHXRHQ8AJLpUc4kMO,Violent Femmes,We Can Do Anything,Issues,28,185250,False,0.582,0.541,8,-5.499,1,0.059,0.324,0.0,0.0646,0.562,154.871,4,acoustic,523152,2020-01-01 12:08,LATAM
4psC6LXiY2vMsYAuYETR1C,AJJ,Only God Can Judge Me and More,Darkest Heart,28,122600,True,,0.656,0,-3.078,1,0.0468,0.0845,0.00224,0.16,0.798,176.907,4,acoustic,215247,2020-01-01 12:09,LATAM
3XYi7KXhUG4kDaz34o3F1g,NORMANDY;Lynn Miller,Chill Out Covers - Chillout Covers - Chill Acoustic - Relaxing Songs - Calming Acoustic Songs,Control,27,175336,False,0.709,0.156,3,-17.424,1,0.0357,0.924,7.77e-05,0.0895,0.188,109.799,4,acoustic,689131,2020-01-01 12:10,EU
6D16aFALxgo3b5Hw7Na1Fw,Days N Daze,Songs We Recorded for Splits,Fall Out,28,214099,True,0.434,0.832,0,-9.513,1,0.0716,0.348,3.2e-05,0.158,0.591,93.674,4,acoustic,388976,2020-01-01 12:11,LATAM
1NByMwpOZY69Mmy4l7jYRF,Frank Turner,The Gathering,The Gathering,27,159019,True,0.424,0.942,7,-3.338,1,0.118,0.0025,1.14e-06,0.23,0.447,143.671,4,acoustic,295172,2020-01-01 12:12,APAC
1Cu8QneXq0Hq1HJqkZDPbN,Brandi Carlile,In These Silent Days,This Time Tomorrow,60,206267,False,0.606,0.326,10,-10.031,1,0.0294,0.841,0.0,0.139,0.414,91.626,4,acoustic,273887,2020-01-01 12:13,US
1R8uexh18C6rWgBiUsZr6L,Mischief Brew,Bacchanal 'N' Philadelphia,Roll Me Through the Gates of Hell - Acoustic Version,28,233306,False,0.488,0.627,0,-5.867,1,0.0534,0.416,0.0,0.103,0.757,118.434,4,acoustic,983688,2020-01-01 12:14,LATAM
7rIBp3U5Igzn44l7Z7mOtE,Gen Hoshino,YELLOW DANCER,SUN,48,241466,False,0.782,0.684,1,-5.774,1,0.0398,0.021,0.0,0.125,0.858,108.171,4,acoustic,192955,2020-01-01 12:15,US
09IZGpkbdHfJS4g33j6ALr,Parker Jenkins,Sweet but Psycho,Sweet but Psycho - Acoustic,43,188712,False,0.664,0.263,9,-7.988,1,0.0274,0.814,0.0,0.0817,0.371,96.214,4,acoustic,818672,2020-01-01 12:16,US
5vk20vCA4C23pXxFhtbBTx,Sunset & Highland,I'm the One (Acoustic),I'm the One - Acoustic,54,233488,False,0.601,0.372,3,-6.148,1,0.0292,0.835,0.0,0.129,0.444,146.086,4,acoustic,879529,2020-01-01 12:17,EU
3SqVMOupg0AX9xTWqP9PSD,Gabrielle Aplin,Dear Happy,Magic,49,245653,False,0.652,0.586,1,-8.281,1,0.0402,0.469,0.0,0.0846,0.554,144.031,4,acoustic,127947,2020-01-01 12:18,US
3nBmy2hAqIDmMOD0VZGB7I,Kris Allen,Horizons,Lost,45,198386,False,0.47,0.292,6,-9.899,0,0.0284,0.904,0.000104,0.0889,0.168,66.109,4,acoustic,630397,2020-01-01 12:19,MENA
35L0y18MvVAEvx7hFW8Tyy,Shikao Suga,黄金の月,黄金の月,27,319533,False,0.673,0.658,10,-8.864,0,0.0343,0.176,1.57e-05,0.08,0.863,97.989,4,acoustic,619663,2020-01-01 12:20,MENA
0roPf0bwAsBDZv1bR15m15,Ben Rector,It Would Be You,It Would Be You,52,219066,False,0.655,0.587,1,-8.736,1,0.045,0.26,6.07e-06,0.0953,0.521,91.494,4,acoustic,422805,2020-01-01 12:21,APAC
05QEiRtbs57De7NxgUNOHp,Guus Dielissen,As It Was (Acoustic Instrumental),As It Was - Acoustic Instrumental,41,139612,False,0.287,0.245,11,-20.674,0,0.0493,0.915,0.836,0.112,0.624,84.056,4,acoustic,700042,2020-01-01 12:22,APAC
6bbAFA4CZyeOMxEvDImvCh,Jae Hall,Sweet Child O' Mine (Acoustic),Sweet Child O' Mine - Acoustic,51,178615,False,0.456,0.134,4,-11.248,1,0.0364,0.976,2.25e-05,0.107,,127.976,3,acoustic,467802,2020-01-01 12:23,APAC
2R6CGc2eQJjuVEbH1eUZjq,Kina Grannis,Beyond The Sea,Beyond The Sea,48,119423,False,0.676,,7,-11.443,1,0.032,0.935,0.0,0.292,0.517,103.948,4,acoustic,495721,2020-01-01 12:24,LATAM
4XqFl2hYwxBSVWhCG2oPUA,John Adams,Have I Told You Lately That I Love You (Acoustic),Have I Told You Lately That I Love You - Acoustic,52,201885,False,0.58,0.188,9,-9.34,1,0.0511,0.935,0.0,0.264,0.431,121.648,4,acoustic,488366,2020-01-01 12:25,LATAM
1t3koreZmmgvTYvxATwqfz,Andrew Ripp,The Soul,Pilots,39,219653,False,0.809,0.555,0,-5.689,1,0.0617,0.481,1.46e-06,0.133,0.473,104.085,4,acoustic,820606,2020-01-01 12:26,APAC
55M1KsnBgjl2eRrPfMP6vy,Naotaro Moriyama,さくら (二〇一九),さくら - 二〇一九,27,279386,False,0.422,0.248,8,-8.245,1,0.03,0.95,1.16e-06,0.325,0.219,134.042,4,acoustic,669833,2020-01-01 12:27,APAC
7AWKPOhCIHxetMXujii1KT,Chord Overstreet,Homeland,Homeland,41,222400,False,,0.456,8,-9.767,1,0.0447,0.0156,0.0,0.0825,,154.805,4,acoustic,441141,2020-01-01 12:28,LATAM
0NHPxGWfcBbCHBrFm3yaix,Tyler Ward,Covers & Co-writes,The Hardest Thing,43,200227,False,0.605,0.396,1,-7.586,1,0.0667,0.387,0.0,0.0556,0.325,132.08,4,acoustic,934091,2020-01-01 12:29,LATAM
10a6GUpyRLdfadUPRL5wBg,Postcards & Polaroids;Sad Boy,Covers EP,Supermarket Flowers,45,145753,False,0.463,0.156,6,-13.416,1,0.189,0.89,0.0,0.115,0.478,180.191,4,acoustic,821852,2020-01-01 12:30,LATAM
2xkMeEvHnRhj2URvART1yE,Yu Takahashi,BREAK MY SILENCE,陽はまた昇る,27,245600,False,0.532,0.928,9,-1.963,0,0.0397,0.108,0.0291,0.201,0.808,113.927,3,acoustic,939500,2020-01-01 12:31,US
6FfGUAfmwW2ifxnit0hE4K,Unkle Bob,Sugar and Spite,Swans,41,150346,False,0.387,0.41,11,-8.124,0,0.031,0.608,0.00589,0.102,0.149,117.391,4,acoustic,757450,2020-01-01 12:32,US
373ovGYBDvfPLo1NNRNMYE,The Cameron Collective,What If We Rewrite The Stars,The Greatest Showman - Rewrite The Stars (Acoustic),33,214860,False,0.758,0.206,9,-14.68,1,0.0729,0.628,0.0,0.148,0.25,124.873,4,acoustic,452342,2020-01-01 12:33,EU
2fboUv3gU9L4njbhBdigid,John Adams,A Million Dreams (Acoustic),A Million Dreams - Acoustic,48,202928,False,0.545,0.169,6,-10.145,1,0.0457,0.953,0.0,0.152,0.291,138.199,4,acoustic,795646,2020-01-01 12:34,LATAM
2mHWjrN4rIL8vbWt0Od9Ux,Aimyon,Falling into your eyes Record,3636,44,251720,False,0.579,0.612,10,-5.088,1,0.0266,0.702,0.00195,0.254,0.623,155.921,4,acoustic,396335,2020-01-01 12:35,APAC
59eluCMn0XbOWqeWQ91FTM,Aimyon,青春のエキサイトメント,君はロックを聴かない,64,246306,False,0.524,0.687,7,-4.039,1,0.0267,0.00135,0.0,0.169,0.619,99.919,4,acoustic,343835,2020-01-01 12:36,APAC
7IjL4IoQZMk1dOI4MH1T0i,Joshua Radin,Paperweight by Joshua Radin and Schuyler Fisk,Paperweight by Joshua Radin and Schuyler Fisk,49,204333,False,,0.119,8,-15.182,1,0.0354,0.555,0.0,0.0959,0.405,179.844,3,acoustic,505941,2020-01-01 12:37,MENA
2YGu3QpHqj5AHtS8RzFQdW,JJ Heller,Meant to Be,Meant to Be,45,186373,False,0.539,0.356,7,-9.749,1,0.0321,0.764,0.00154,0.127,0.489,73.703,4,acoustic,972372,2020-01-01 12:38,EU
7A7IsQQPGxlfHiDDl2Kct7,Kurei,Paasa,Paasa,26,169315,False,0.737,0.238,0,11.978,1,0.034,0.891,0.00336,0.0959,0.234,346.717,4,acoustic,611140,2020-01-01 12:39,APAC
4HQr9UGqkHPzboqLb9J8pJ,Us The Duo,Up Until Now,No Matter Where You Are - Wedding Version,47,251164,False,0.642,0.15,0,-11.316,1,0.0351,0.832,0.0,0.126,0.27,104.978,4,acoustic,445323,2020-01-01 12:40,APAC
4Fc7BhMBjIVDnGQG8L6ayi,Hanare Gumi,あいのわ,大安,27,322140,False,0.731,0.485,7,-10.113,1,0.0387,0.284,0.00464,0.147,0.463,106.052,4,acoustic,515635,2020-01-01 12:41,LATAM
3N7r0W54tqzfdQOwyHamSi,JJ Heller,I Dream of You: CALM,In the Morning,48,306853,False,0.277,0.198,7,-11.923,1,0.0306,0.498,0.00623,0.0984,0.134,149.937,3,acoustic,362094,2020-01-01 12:42,US
4KMXlzvtC8xjLseDqDjpeU,Little Walter,The Essential Little Walter,My Babe,59,162040,False,0.676,0.334,5,-10.572,1,0.0508,0.862,0.0,0.32,0.867,158.0,4,acoustic,692877,2020-01-01 12:43,US
7qANzA00oGRCWhpHgbVzkO,Matt Pless,Catch Me If You Can,What a Time to Be Alive,26,199866,False,0.673,0.424,8,-11.49,1,0.0305,0.3,0.0,0.229,0.709,115.038,4,acoustic,415381,2020-01-01 12:44,APAC
03czT1nVZDRv2JlpY2GxON,Peter Bradley Adams,Leavetaking,The Longer I Run,53,251453,False,0.602,0.52,3,-10.831,1,0.028,0.732,0.221,0.0982,0.523,151.912,4,acoustic,598958,2020-01-01 12:45,MENA
0IS3KnXzXuUj4ss4nhU8hA,Covers Culture;Acoustic Covers Culture;Lounge Covers Culture Of Popular Songs,Chill Out Covers - Chillout Covers - Chill Acoustic - Relaxing Songs - Calming Acoustic Songs,You're Not Sorry - Acoustic Covers Versions of Popular Songs,26,149783,False,0.582,0.181,10,-11.294,0,0.0386,0.821,0.0,0.237,0.172,133.431,4,acoustic,432835,2020-01-01 12:46,APAC
395XDt5vt8DKguJDjGtYLU,Jason Mraz,Love Is a Four Letter Word,Living in the Moment,48,235080,False,,0.628,7,-7.16,1,0.0232,0.0483,0.0,0.119,0.7,84.141,4,acoustic,388643,2020-01-01 12:47,LATAM
4A9E08l34BkPsCDAmOpHxb,KT Tunstall,Eye To The Telescope,Other Side Of The World,61,214560,False,0.501,0.684,2,-5.368,1,0.0302,0.485,0.0,0.083,0.369,80.039,4,acoustic,973211,2020-01-01 12:48,APAC
76kBXoobhmMlzN5mS1CD3b,Days N Daze,Ward Off the Vultures,Torches Are Calling,27,70506,True,0.389,0.494,9,-10.78,1,0.131,0.186,0.000138,0.0557,0.909,86.872,4,acoustic,411157,2020-01-01 12:49,EU
2J3MdVrlrZ46M4ylHhmNVH,Gail Blanco,In Love With Bacharach,Close to You,26,188040,False,0.721,0.446,8,-10.053,1,0.0305,0.797,8.59e-05,0.136,0.542,118.001,4,acoustic,163468,2020-01-01 12:50,APAC
7AZAGSn2B1APKe2XBbzB2G,Eddie Vedder,Into The Wild (Music For The Motion Picture),Far Behind,50,135320,False,0.467,0.855,4,-5.375,1,0.0515,0.174,9.32e-06,0.11,0.565,135.813,4,acoustic,440733,2020-01-01 12:51,EU
7fMxaup9mYP470sT9I71Od,Ankle Grease,Straight to the Bottom: Back to the Bottom,Protest Songs,26,111641,True,0.37,0.703,7,-6.765,1,0.0755,0.366,0.0,0.394,0.482,143.848,4,acoustic,578929,2020-01-01 12:52,MENA
1wMG2dMCgh1Bn6d0XkOnHo,AJJ,The Bible 2,White Worms,27,163385,False,0.336,0.761,9,-6.312,1,0.0399,0.000546,0.00284,0.113,0.501,127.065,4,acoustic,185175,2020-01-01 12:53,MENA
1k1jxdrfofuDZmAuLtyq6m,Frank Turner,FTHC (Deluxe),Miranda,26,240866,False,0.524,0.578,7,-5.974,1,0.0267,0.000971,6.55e-06,0.326,0.29,75.032,4,acoustic,375115,2020-01-01 12:54,LATAM
4ckCgKE0aIy4TNSGdm36QT,Frank Turner,The Second Three Years,Linoleum,26,88626,False,0.548,0.666,4,-2.277,1,0.036,0.281,0.0,0.231,0.582,98.806,4,acoustic,249456,2020-01-01 12:55,US
5Jx83G7IadblXTyvMMo7Uu,Days N Daze,Rogue Taxidermy,Perfectly Dysfunctional,27,207151,True,0.316,0.879,7,-9.414,0,0.113,0.827,0.00239,0.278,0.647,88.614,4,acoustic,550582,2020-01-01 12:56,APAC
7n8U8nb1U1yafqgqlZirnf,Apes of the State,Pipe Dream,Internet Song,27,162293,True,0.741,0.66,2,14.042,1,0.0408,0.521,8.14e-06,0.0941,0.856,371.432,4,acoustic,750801,2020-01-01 12:57,APAC
1VtzCELaY7snxB5vNXbAGg,Get Dead,Bad News,Welcome to Hell,26,158906,False,0.474,0.843,5,-4.453,0,0.209,0.0205,2.71e-06,0.0636,,131.992,4,acoustic,971631,2020-01-01 12:58,APAC
6hDBkm6B8HF9B4oATW28YN,Gen Hoshino,POP VIRUS,Pop Virus,47,182000,False,0.629,0.441,9,-4.614,1,0.126,0.0339,0.0,0.234,0.782,78.177,4,acoustic,450186,2020-01-01 12:59,LATAM
5fomS2mZjvxxJ2iVH3fosc,John Elliott,All Too Well (Jake's Version),All Too Well - Jake's Version,33,578064,False,0.685,0.483,7,-9.082,1,0.0253,0.0772,6.09e-05,0.113,0.331,93.032,4,acoustic,876931,2020-01-01 13:00,US
5MZYOtR8fcaZoWzweBNdMm,Brandon Chase;Taylor Manns,Dilemma,Dilemma,57,247683,False,0.627,0.246,1,-11.41,1,0.0342,0.788,0.0,0.118,0.52,141.303,4,acoustic,293084,2020-01-01 13:01,EU
4tqsFRjUHZ89bMEOAk3lUl,Gabrielle Aplin,Dear Happy,Miss You,44,197546,False,0.592,0.686,9,-6.904,1,0.0389,0.178,0.0,0.111,0.397,101.015,4,acoustic,802446,2020-01-01 13:02,US
1nnEOnBgHPVpAAZIkFknzv,Zak Manley,Kiss Me,Kiss Me,58,163913,False,,0.178,9,-12.252,1,0.0532,0.676,0.0,0.279,0.541,82.372,4,acoustic,606404,2020-01-01 13:03,LATAM
68ngc4vLwImhAeWHmXKcEI,Sara Farell,Teenage Dream,Teenage Dream,48,197195,False,0.53,0.0776,6,-15.478,1,0.0462,0.937,0.0,0.122,0.282,179.911,1,acoustic,782355,2020-01-01 13:04,LATAM
69LsOTlcKFAlH2QDkEEhmO,Tim Halperin,Searching for the Same Thing,White,39,210226,False,0.537,0.674,11,-5.32,1,0.0284,0.426,0.0,0.128,0.329,92.049,4,acoustic,779984,2020-01-01 13:05,LATAM
1hnSI4JaTQybQXqvzQX3nl,Linn Brikell,All Falls Down,All Falls Down,45,209669,False,0.699,0.189,1,-11.421,1,0.0469,0.944,0.0,0.103,0.328,129.794,4,acoustic,579188,2020-01-01 13:06,US
6iIylwvWuTqFRhvXMn09KF,Zack Tabudlo,This Is Love,This Is Love,49,206451,False,0.683,0.459,11,-8.848,1,0.119,0.257,0.000102,0.0759,0.287,93.083,4,acoustic,331679,2020-01-01 13:07,MENA
5hVKGw1OXBCEZgRWFUilk7,Sara Farell;Simon Samaeng,#Covers,Still Falling For You - Acoustic,44,252567,False,0.375,0.298,1,-11.928,1,0.0395,0.822,0.0,0.137,0.425,174.03,4,acoustic,573565,2020-01-01 13:08,US
2VVWWwQ3FiWnmbukTb6Kd3,The Mayries,I Will Wait,I Will Wait,44,216841,False,0.421,0.107,6,-15.191,1,0.0335,0.948,0.0,0.0881,0.118,104.218,4,acoustic,844110,2020-01-01 13:09,MENA
2hVaNGGvdvvzRPCK9BUZmA,Rosie Thomas;The Shins;Sufjan Stevens;Josh Ottum,Always Be My Baby,Always Be My Baby,51,254306,False,0.516,0.311,1,-13.521,1,0.0306,0.936,0.000281,0.107,0.558,129.958,4,acoustic,973592,2020-01-01 13:10,US
3ih1UH1MuhzVl33wlibBII,Celestial Conscience,Jocelyn Flores (Acoustic Guitar),Jocelyn Flores - Acoustic Guitar,41,59823,False,0.709,0.119,11,-20.33,0,0.0459,0.902,0.436,0.109,0.336,135.223,4,acoustic,934753,2020-01-01 13:11,LATAM
55KKAV2VnlggBrVS0J666s,Isabella Celander,Use Somebody (Acoustic Version),Use Somebody - Acoustic Version,58,186660,False,0.57,0.271,0,-11.334,1,0.0304,0.82,3.27e-06,0.108,0.273,125.862,4,acoustic,263320,2020-01-01 13:12,APAC
2vLHinYk689HDnLkrsCZGF,Erato;Charlotte Almgren,As Long as You Love Me,As Long as You Love Me,54,151618,False,0.404,,9,-12.463,0,0.0604,0.891,0.0,0.103,0.298,202.996,4,acoustic,637654,2020-01-01 13:13,US
6oz8T0xhXzkEVxyelC3Hc3,Rosi Golan,Lead Balloon,Can't Go Back,41,227413,False,0.559,0.241,3,-10.688,1,0.0289,0.963,2.3e-05,0.187,0.142,118.916,4,acoustic,194135,2020-01-01 13:14,US
5JYT9U8oafWV5JtTa7hG09,Caj Morgan,Acustic Covers of Popular Songs,The Nights - Acoustic,46,118878,False,0.768,0.331,6,-6.687,1,0.0292,0.576,0.0,0.216,0.663,107.044,4,acoustic,702052,2020-01-01 13:15,US
6RQVpAbblcgqgHeywYi79v,Yosui Inoue;Tamio Okuda,ショッピング,月ひとしずく,26,253600,False,0.592,0.773,7,-7.093,1,0.0281,0.223,0.00057,0.116,0.729,121.097,4,acoustic,993101,2020-01-01 13:16,MENA
25fcj6d2W1l8DQL11Czdzb,Brandi Carlile;Sam Smith,Party of One (feat. Sam Smith),Party of One (feat. Sam Smith),56,259558,False,0.354,0.206,0,-11.799,1,0.0365,0.779,0.00021,0.0959,0.202,139.056,4,acoustic,147318,2020-01-01 13:17,EU
3TnFkFik1REVmx8V58n6Uu,Masaharu Fukuyama,HUMAN,恋の魔力,27,278613,False,,0.865,7,-3.21,1,0.0414,0.000791,6.68e-06,0.247,0.881,156.924,4,acoustic,690914,2020-01-01 13:18,LATAM
4zaBf1Dkn1gr7QcRxAWSSg,Us The Duo,Us,Take Me Home,46,257706,False,0.356,0.193,11,-10.476,1,0.0311,0.14,2.6e-05,0.116,0.14,145.428,4,acoustic,950966,2020-01-01 13:19,APAC
1iAevgb0bInqyeE85Z6Ra3,Takehara Pistol,PEACE OUT,ドサ回り数え歌,26,177613,False,0.417,0.264,7,-10.353,1,0.0328,0.279,0.0,0.0966,0.501,86.328,4,acoustic,862465,2020-01-01 13:20,APAC
6szDk6GLuxosArjs48QzFq,Kazuyoshi Saito,純風,純風,27,177666,False,,0.868,9,-6.217,1,0.0271,0.111,0.0,0.258,0.975,111.154,4,acoustic,453235,2020-01-01 13:21,LATAM
57BoKvyN8KbOYkncKzQiD4,Front Porch Step,I Never Loved Before I Found You,Truth,26,258271,False,0.6,0.65,11,-5.127,1,0.0282,0.00921,0.0469,0.0781,0.49,139.975,3,acoustic,193529,2020-01-01 13:22,EU
0MWxVd7Hk952psJoL249TT,Andrew Ripp,Evergreen,Jericho,55,203070,False,0.501,0.716,10,-4.661,1,0.0411,0.189,0.0,0.0606,,70.919,4,acoustic,931509,2020-01-01 13:23,EU
2vP0JcTiuYnzrBy45ACKBz,Keisha White,The Weakness In Me,The Weakness In Me,26,200720,False,0.717,0.554,7,-5.389,1,0.044,0.0592,0.0,0.11,0.324,128.039,4,acoustic,929189,2020-01-01 13:24,LATAM
7pv5juhfq1kco6wioikGHt,Eddie Vedder,Earthling,Invincible,51,286950,False,0.578,0.742,7,-5.494,1,0.026,0.00511,3.52e-06,0.117,0.2,107.028,4,acoustic,621079,2020-01-01 13:25,MENA
2OTAulJdNdYoFQG2oqXtSB,Brendan James,The Howl,Yellow Lines,51,212373,False,0.636,0.735,6,-5.162,1,0.0318,0.036,1.23e-06,0.0915,0.537,120.969,4,acoustic,981004,2020-01-01 13:26,EU
7xVLM4xNhJo57V5RoinJji,Joseph Sullinger,Art of Acoustic: Soft Instrumental Covers & Classical Guitar,What a Wonderful World,49,138748,False,0.516,0.144,2,-18.858,1,0.051,0.992,0.952,0.115,0.433,134.688,4,acoustic,104156,2020-01-01 13:27,MENA
6N8T4RHu7ZerB1dQoZaX6q,Eddie Vedder,Into The Wild (Music For The Motion Picture),No More,47,217400,False,0.379,0.53,7,-7.229,1,0.0355,0.468,0.000216,0.0818,0.577,62.06,4,acoustic,654948,2020-01-01 13:28,APAC
7j02rdE5RVtNcNMuLGY5SS,Howlin' Wolf,Howlin' Wolf,Spoonful,58,170000,False,0.821,0.376,0,-13.622,1,0.0487,0.669,1.39e-05,0.106,0.824,119.039,4,acoustic,134687,2020-01-01 13:29,EU
7qLJmyRxLZCf1ifZlJ2gMZ,Johnnyswim,Diamonds,Over,27,382474,False,0.371,,0,-8.942,1,0.0468,0.296,8.19e-05,0.0952,0.147,113.32,4,acoustic,942123,2020-01-01 13:30,US
3D1PuFi2U8lmtdWRZcCz1f,AJJ,Good Luck Everybody,Body Terror Song,58,157600,False,0.507,0.399,9,-10.917,0,0.0358,0.871,0.000377,0.113,0.225,115.588,4,acoustic,712376,2020-01-01 13:31,US
0uHjs4zpo52qiFeBpdrXYs,RENT STRIKE,IX,VI: Don't Let Love Bog You Down,26,221598,False,0.452,0.797,4,-5.229,1,0.0325,0.28,0.244,0.136,0.642,114.18,4,acoustic,922084,2020-01-01 13:32,MENA
5HhcXgRU7kYszL7OQZtNlc,Johnnyswim,A Johnnyswim Christmas,What Are You Doing New Years Eve,27,173546,False,0.456,0.285,8,-8.768,1,0.0501,0.769,0.0,0.125,0.282,129.262,4,acoustic,606400,2020-01-01 13:33,LATAM
2Z8oSkHTEJedqb1rsgpLih,Covers Culture,Chill Vibes - Just Chill & Relax - Relaxing Covers Songs - Chill Pop Music Hits - Chill Music - Chill Songs - Chilled - Chill Out Pop - Chillout Music - Best Chill Songs - Acoustic Chill,SOS - Acoustic Covers Versions,26,149610,False,0.351,0.109,7,-11.997,0,0.0435,0.879,0.0,0.158,,76.851,4,acoustic,174936,2020-01-01 13:34,US
17O2PjGN9JjxHweAvjjSa2,Gabrielle Aplin,100 Greatest Christmas Songs Ever (Top Xmas Pop Hits),The Power of Love,27,245160,False,0.294,0.294,11,-9.848,0,0.0301,0.9,2.48e-05,0.103,0.18,75.217,4,acoustic,123879,2020-01-01 13:35,US
1lw2doNDEtF7vZUp966kSN,Days N Daze,Night Gaunts / Days N Daze Split,Mosquitoes,27,163013,True,0.638,0.543,2,-9.678,1,0.0432,0.636,0.01,0.355,0.922,140.864,4,acoustic,402015,2020-01-01 13:36,LATAM
1Q6A7Uy4vXDfcnigKgwPZp,Calibretto 13,Enter The Danger Brigade,High 5,26,201866,False,,0.9,7,-4.938,1,0.0685,0.018,0.0,0.0911,0.644,79.965,4,acoustic,769113,2020-01-01 13:37,EU
0WSGIwIEqpfe3jGJ5fZsHr,Penny and Sparrow,Finch,Don't Wanna Be Without Ya,58,207762,False,0.651,0.86,7,-7.8,1,0.138,0.609,0.00646,0.0735,0.29,115.0,4,acoustic,235928,2020-01-01 13:38,US
6HRfUOW2Il3284ktPdxoGx,Ramshackle Glory,Live the Dream,Of Ballots and Barricades - Live,27,104200,False,0.582,0.437,7,-7.047,1,0.0524,0.451,0.0,0.149,0.922,130.467,3,acoustic,866929,2020-01-01 13:39,EU
55phpQC9GSHQ7fAagLh4I7,Rail Yard Ghosts,Songs from the Lowdown,Dirty Little Rag,27,219219,False,0.461,0.799,9,-6.565,0,0.139,0.744,0.0,0.433,0.797,167.255,4,acoustic,315534,2020-01-01 13:40,APAC
5ZZDntOE2nYjjq7Uh2mZcJ,Laura Jane Grace,At War With The Silverfish,Day Old Coffee,26,73501,False,0.712,0.933,0,-2.773,1,0.0509,0.326,0.0,0.286,0.865,152.02,3,acoustic,546775,2020-01-01 13:41,APAC
0T3LR3C4dUD11wdgLm0Xoz,Pigeon Pit,Feather River Canyon Blues,Clawfoot,26,168240,False,0.44,0.947,7,-3.115,1,0.0652,0.0477,9.95e-06,0.0488,0.892,185.147,4,acoustic,282772,2020-01-01 13:42,LATAM
7HYrjmGBdvzLYgt1gIY5Zn,Pigeon Pit,Treehouse,Peach,27,150439,True,0.563,0.452,5,-8.96,1,0.048,0.877,1.38e-05,0.145,0.581,91.98,4,acoustic,519181,2020-01-01 13:43,EU
0xOIqJadsikka2so1zhghO,Harley Poe,Horrorful,Alone in the Dark Mansion of Madness,26,403911,True,0.335,0.696,9,-9.472,0,0.0307,0.642,0.0,0.12,0.403,95.24,4,acoustic,506956,2020-01-01 13:44,US
3R11aqnxH9nlrxyAPV3A3Q,Buddy Guy;Derek Trucks,Skin Deep Deluxe Version,Skin Deep (feat. Derek Trucks),29,268906,False,0.572,0.567,9,-6.147,1,0.0341,0.517,2.47e-05,0.158,0.498,135.217,4,acoustic,104925,2020-01-01 13:45,MENA
4ysmODoF5WXlBlGkyWfu7J,Frank Turner,Tape Deck Heart (Deluxe Edition),We Shall Not Overcome,26,232815,False,0.654,0.834,9,-4.436,1,0.0425,0.0172,0.000229,0.089,0.904,139.377,4,acoustic,611029,2020-01-01 13:46,US
4uPvXmXGjYOOqhbRMmS9XU,Grace Petrie,Queer As Folk,Northbound,26,270920,False,,0.787,11,14.872,1,0.0714,0.0328,0.0,0.141,0.586,356.821,4,acoustic,807983,2020-01-01 13:47,EU
7sGEiBshBJXKRnvyIq3LUB,Sara Farell,#Covers,Sombody else - Acoustic,42,170712,False,,0.316,2,-7.751,1,0.0429,0.841,0.0,0.138,0.571,201.64,4,acoustic,942647,2020-01-01 13:48,EU
5Pk2JQFKZyFnA9e7BAQQQm,Jonah Baker,Stuck with U (Acoustic),Stuck with U - Acoustic,51,188181,False,0.558,0.209,8,-8.934,1,0.0515,0.852,0.0,0.111,0.41,174.887,3,acoustic,397644,2020-01-01 13:49,MENA
0P2HFqXUhqvdZ2bS8doDjR,Matt Johnson,Covers,Havana - Acoustic,53,141142,False,0.807,0.403,2,-8.759,0,0.0316,0.901,0.0,0.12,0.95,105.037,4,acoustic,892526,2020-01-01 13:50,EU
3h8uWt8HNyDNubPSEBgTPG,Zack Tabudlo,Yakap,Yakap,66,178947,False,0.738,0.39,8,-8.437,1,0.0334,0.409,0.0,0.107,0.547,113.979,4,acoustic,890886,2020-01-01 13:51,LATAM
0v1yN5C75um5Wx2WPtFl6k,Sara Farell,Sunflower,Sunflower,51,181897,False,0.568,0.213,2,-11.882,1,0.0379,0.955,0.0,0.113,0.302,72.932,4,acoustic,989543,2020-01-01 13:52,MENA
56twDecxsQon61crfEXrA5,Mother's Daughter;Beck Pete,Hollywood's Bleeding,Hollywood's Bleeding,40,217777,False,0.654,0.135,6,-10.535,0,0.033,0.938,0.0,0.0983,0.16,100.027,4,acoustic,435754,2020-01-01 13:53,APAC
1SesKQRY9HNlqbOtCGYWMa,Salty Snacks,Without You,Without You,38,179236,False,0.551,0.161,7,-13.903,1,0.0331,0.954,0.000925,0.116,0.356,129.786,4,acoustic,865801,2020-01-01 13:54,LATAM
5uY2Vs2sviMqznPxW8f5xz,Canyon City,Midnight Waves,Between the Stars,43,252013,False,0.484,0.292,11,-13.097,1,0.035,0.868,0.000372,0.0903,0.0771,95.446,4,acoustic,608569,2020-01-01 13:55,US
05b6SX5DjBpvd5rYIxmwOz,The Civil Wars,Barton Hollow,To Whom It May Concern,44,211360,False,0.309,,7,-13.101,1,0.0315,0.912,0.000264,0.1,0.139,87.493,4,acoustic,152443,2020-01-01 13:56,EU
2TDVIt8rGuXEN6IvMIy5iW,Sara Farell,#Covers,Issues - Acoustic,47,189732,False,0.627,0.307,6,-6.994,1,0.0313,0.742,0.0,0.106,0.471,104.669,4,acoustic,343307,2020-01-01 13:57,EU
2N7NctlF0wAl57q68v5MOi,Tamio Okuda,E,花になる,27,209200,False,0.512,0.884,4,-4.09,1,0.0368,5.53e-06,0.0,0.123,0.48,124.003,4,acoustic,704845,2020-01-01 13:58,MENA
4s3G9Ifc1dp8xEksZxNe8P,Richard Walters,Devon or Las Vegas,Unconditional,52,260000,False,0.409,0.222,10,-11.358,1,0.0281,0.882,0.00426,0.213,0.151,63.419,4,acoustic,244529,2020-01-01 13:59,EU
7lr1Qj5i2emYCPqUiIyFcz,Guus Dielissen,Moth To A Flame (Acoustic Instrumental),Moth To A Flame - Acoustic Instrumental,43,181819,False,0.655,0.0883,0,-19.0,0,0.0488,0.971,0.897,0.109,,119.985,4,acoustic,491258,2020-01-01 14:00,EU
0imuQm7CnK74UdorFpC2Eg,Jon Bryant,Twenty Something,Light,48,267306,False,0.512,,9,-11.59,1,0.0277,0.567,0.0226,0.13,0.132,129.83,4,acoustic,797416,2020-01-01 14:01,MENA
6rm0bIbAE0ZfPXNeuIV4DR,Michael Logen,Darkness Within,Darkness Within,33,252628,False,0.464,0.72,9,-7.466,0,0.0583,0.0166,0.0488,0.0803,0.199,160.057,4,acoustic,234783,2020-01-01 14:02,LATAM
5tn4ViAVQvGNRvzFIzOnGm,Ice Seguerra,Ikaw Lamang,Ikaw Lamang,25,282387,False,0.614,0.441,10,-9.375,1,0.0294,0.76,4.18e-05,0.142,0.148,117.991,4,acoustic,546930,2020-01-01 14:03,US
4eZP0Tyh1p06Nk1aHOzNrt,Ingrid Michaelson;A Great Big World,Lights Out,Over You,47,283266,False,0.292,0.281,5,-11.569,1,0.0288,0.751,0.000801,0.113,0.164,89.256,4,acoustic,293372,2020-01-01 14:04,APAC
0D1Kp0dQ6ZSbeI5n14XHTp,Ingrid Michaelson,The Space Between Us (Original Motion Picture Soundtrack),Stay Right Where You Are,39,281213,False,0.652,0.263,0,-9.836,1,0.0447,0.758,2.69e-06,0.106,0.192,119.957,4,acoustic,582838,2020-01-01 14:05,LATAM
6apacvSkVWWtCxc68FBsZV,Carly Lyman;Jason Lux,(I Just) Died In Your Arms [Acoustic],(I Just) Died In Your Arms - Acoustic,47,211364,False,0.747,0.221,0,-10.528,0,0.0358,0.93,0.0,0.116,0.369,118.029,4,acoustic,316640,2020-01-01 14:06,MENA
36ccrof5DFicLrejE4hEye,Jimmy Rogers,Chicago Bound,Walking By Myself,50,167266,False,0.621,0.519,11,-13.328,0,0.102,0.837,0.00246,0.162,0.775,117.005,4,acoustic,968873,2020-01-01 14:07,LATAM
5Hnfk1EuhqQuh7QhcnikR1,Masaharu Fukuyama,化身,KISSして,27,223333,False,0.324,0.873,10,-3.67,1,0.0664,0.00119,0.0,0.443,0.775,93.059,4,acoustic,169030,2020-01-01 14:08,APAC
6pOD6dUoAMDmvuMePmfOKG,Todd Carey,Future Throwback,Nintendo,47,178659,False,0.723,0.93,0,-3.292,1,0.128,0.239,0.0,0.155,0.69,124.94,4,acoustic,967220,2020-01-01 14:09,MENA
2V2mEnBBn4HsDRNxuVJvwP,Mone Kamishiraishi,あの歌-2-,Diamonds,26,300626,False,0.755,0.918,8,-3.558,1,0.0397,0.356,2.23e-06,0.319,0.634,111.017,4,acoustic,812686,2020-01-01 14:10,LATAM
4WzQEkUYTBzo0DRnJfYPls,Ray LaMontagne,MONOVISION,We'll Make It Through,51,361013,False,0.502,0.309,5,-12.12,1,0.0308,0.575,0.000894,0.0953,0.273,119.236,4,acoustic,870077,2020-01-01 14:11,US
0ZFq3raMFdXllZJoTbBRnQ,Steve Pulvers,Acoustic Lullaby,Untainted Innocence,26,133500,False,0.586,0.115,7,-20.442,1,0.0563,0.836,0.926,0.11,0.885,179.941,4,acoustic,866357,2020-01-01 14:12,MENA
5Z01kGFWQcQA3XBRxjAzAJ,Andrew Foy;Renee Foy;Stephan Baulig,Afterglow (Stephan Baulig Remix),Afterglow - Stephan Baulig Remix,37,213620,False,0.674,0.52,0,-10.106,1,0.0511,0.272,2.41e-06,0.151,0.422,116.029,4,acoustic,268848,2020-01-01 14:13,US
5whKev8bxFJ0vl0KfLANyS,Chris Cresswell,To the Wind,To the Wind,25,187908,False,0.491,,11,-7.225,1,0.0246,0.108,0.0,0.139,0.22,151.943,4,acoustic,937981,2020-01-01 14:14,EU
5quIK3oXwunG35RI8HSQDi,JJ Heller,When I'm With You,What Love Really Means,45,236200,False,0.405,0.428,5,-9.506,1,0.0277,0.0182,1.44e-06,0.14,,145.515,3,acoustic,634844,2020-01-01 14:15,LATAM
7LHhGBjIBj7kNYLHYH9rMx,Hanare Gumi,あいのわ,PEOPLE GET READY,25,242001,False,0.667,0.0119,0,-16.177,1,0.0636,0.867,0.0,0.288,0.408,133.277,4,acoustic,965940,2020-01-01 14:16,MENA
4UXZoNGOQ42aV5uXCkLuYm,Rory Block,I've Got A Rock In My Sock,Lovin' Whiskey,26,246773,False,0.675,0.366,2,-13.493,1,0.0759,0.719,0.00105,0.191,0.411,72.662,4,acoustic,890331,2020-01-01 14:17,EU
0jJqIi0uMG8IhGlLx7U85J,A Great Big World,Is There Anybody Out There? - Track by Track Commentary,Already Home,44,230186,False,0.602,0.404,2,-7.344,1,0.0272,0.31,0.0,0.14,0.243,83.054,4,acoustic,621648,2020-01-01 14:18,MENA
43WuM1pfzxEB4rPr9PL5xb,Johnnyswim,JOHNNYSWIM,Big Time,27,198136,False,0.439,0.532,2,-5.071,1,0.0473,0.618,0.0,0.142,0.437,129.936,4,acoustic,437017,2020-01-01 14:19,MENA
3pgXwvxj2qqTOfsUxxQ8nE,Bobbylene,Study Music - Música Para Estudiar - Study Session - Study Acoustic Music - Study Relaxing Music,Canada,25,126951,False,0.608,0.15,11,-12.729,1,0.0321,0.863,0.0,0.124,0.434,81.988,4,acoustic,205558,2020-01-01 14:20,MENA
3Ec6uapAsdc0MY8pDFcsg4,Chris Cresswell,One Week Record,Meet Me in the Shade,24,180000,False,0.556,0.511,3,-5.425,1,0.0298,0.782,4.54e-05,0.0989,0.537,81.613,4,acoustic,190995,2020-01-01 14:21,LATAM
5kTmg9n7FZ7xv8SZVFhX8P,AJJ,Only God Can Judge Me and More,I Am So Mad at You,27,104306,True,,0.666,0,-4.823,1,0.0381,0.0602,7.99e-05,0.208,0.79,93.992,4,acoustic,450738,2020-01-01 14:22,US
38qIDDupYe8XIvMrRynpEt,Joey Cape,Acoustic,Wind in Your Sails,25,226786,False,0.644,0.34,0,-6.759,1,0.027,0.491,0.0,0.0829,0.298,129.997,4,acoustic,829865,2020-01-01 14:23,LATAM
25R9Ax7cdjWx0EDr2HAKoA,AJJ,Christmas Island,Deathlessness,27,220832,False,0.554,0.655,11,-8.074,1,0.0388,0.00193,0.56,0.28,0.363,100.423,4,acoustic,554808,2020-01-01 14:24,EU
1Whxt3lFm3WZ5RjayHMucO,Son&Dad;Filip Nordin,Chill Out Covers - Chillout Covers - Chill Acoustic - Relaxing Songs - Calming Acoustic Songs,Drag Me Down,25,141176,False,0.879,0.411,8,-5.146,1,0.0376,0.61,0.0,0.296,0.609,119.013,4,acoustic,533586,2020-01-01 14:25,MENA
5KcGMnoxVuAUexDFoOHROL,Days N Daze,Show Me the Blueprints.,None Exempt,27,230691,True,0.425,0.752,9,-4.649,0,0.0398,0.305,0.0,0.157,0.844,105.466,4,acoustic,320008,2020-01-01 14:26,APAC
7dE07ULna9h2PituTjrinM,Cannon's Jug Stompers,The Best Of Cannon's Jug Stompers,Going To Germany,28,154106,False,0.49,0.198,7,-13.405,1,0.0341,0.973,0.0212,0.125,0.636,106.71,4,acoustic,607952,2020-01-01 14:27,LATAM
2BWIhAOGhnA7hR6YvXCPsC,Frank Turner,England Keep My Bones (Deluxe Edition),Rivers,26,274133,False,0.279,0.498,4,-8.52,1,0.035,0.217,0.0,0.348,0.492,183.874,4,acoustic,674267,2020-01-01 14:28,LATAM
2Qa3MDbhbTsRVZfw9HjwBJ,Vendredi;ELLE,Chill Music - Chill Songs - Chill Vibes - Acoustic Chill - Chillout Lounge,When I Was Your Man,25,209530,False,0.503,0.354,0,-7.493,1,0.0329,0.938,0.0,0.0987,0.372,72.295,3,acoustic,983928,2020-01-01 14:29,APAC
5rBVF19fMatEF6AstKKIR7,Marc Broussard;J.J. Grey,S.O.S. 2: Save Our Soul: Soul on a Mission,In the Midnight Hour (feat. J.J. Grey),26,159666,False,0.721,0.785,4,-4.473,1,0.0292,0.0882,8.32e-05,0.104,0.878,111.993,4,acoustic,756474,2020-01-01 14:30,LATAM
1DxwWEVXzZB2IqGxI6GYRK,Vendredi;Chrissy Dave,Chill Out Covers - Chillout Covers - Chill Acoustic - Relaxing Songs - Calming Acoustic Songs,Seven Nation Army - Acoustic Covers Versions of Popular Songs,25,142363,False,0.773,0.208,2,-9.482,0,0.0438,0.956,0.0,0.149,0.538,109.822,4,acoustic,646489,2020-01-01 14:31,MENA
3Z9P9XOLlISMK0MooS8gsN,Get Dead,Honesty Lives Elsewhere,She's a Problem,25,152053,False,0.484,0.953,1,-3.557,1,0.0927,0.000165,0.00155,0.0658,0.667,97.429,4,acoustic,919068,2020-01-01 14:32,MENA
1NKiIuSbv88ecRlB6noXzz,Adam Christopher,Mood (Acoustic),Mood - Acoustic,50,161000,True,0.751,0.29,10,-8.17,1,0.0456,0.846,0.0,0.113,0.683,75.034,4,acoustic,482481,2020-01-01 14:33,MENA
28WClWvliFajAplluwtX2J,Jason Mraz,YES!,Long Drive,43,230746,False,0.527,,7,-8.65,1,0.0327,0.197,3.34e-05,0.102,0.405,148.134,4,acoustic,941453,2020-01-01 14:34,APAC
0W85Yolr3l72QZsk9UrkqP,Kina Grannis,Issues,Issues,46,221568,False,0.485,0.126,6,-15.597,1,0.052,0.71,0.0,0.106,0.345,152.541,4,acoustic,432985,2020-01-01 14:35,APAC
4FhNTUIDPVH8yb9TjHeAmu,Joe Brooks,Pink Sky Moon,Pink Sky Moon,34,224666,False,0.588,0.291,8,-11.464,1,0.0352,0.763,1.56e-06,0.624,0.336,101.158,4,acoustic,215001,2020-01-01 14:36,US
7qHPp1beQupJUzwRyVtoyy,Chord Overstreet,Hold On,Hold On,35,198853,False,0.609,0.443,2,-9.681,1,0.0546,0.469,0.0,0.0829,0.166,119.967,4,acoustic,475856,2020-01-01 14:37,EU
1fQeGoPKxnT2dLbEjs6jsm,Sara Farell,#Covers,We Don't Talk Anymore,26,193762,False,,0.432,1,-6.091,0,0.037,0.771,0.0,0.215,0.225,85.504,1,acoustic,215889,2020-01-01 14:38,LATAM
5IuV0YqQfVkzRQmvoDClV1,J-Que Beenz,Beautiful Girls,Beautiful Girls,45,238010,False,0.576,0.196,7,-13.639,1,0.0322,0.865,0.0,0.117,0.502,118.075,4,acoustic,206559,2020-01-01 14:39,MENA
6wSooKrykEc9YTRyIYXF49,Tim Halperin,Something Beautiful,Something Beautiful,40,236100,False,0.524,0.768,7,-7.821,1,0.0309,0.00816,0.0213,0.0666,0.0562,117.947,4,acoustic,893086,2020-01-01 14:40,EU
32gazF6n0vQfcaLLCE3Cp3,Boyce Avenue,Right Here Waiting,Right Here Waiting,51,248483,False,0.456,0.285,0,-7.999,1,0.0298,0.856,4.26e-06,0.192,0.228,177.561,3,acoustic,815274,2020-01-01 14:41,LATAM
6VJcMjtcbFGAwZxqW28C8Q,Roberto Diana;Muniesa,Muniesa,Cortes de Aragón,47,72167,False,0.426,0.0812,4,-21.651,0,0.0843,0.948,0.889,0.107,0.243,85.204,5,acoustic,299090,2020-01-01 14:42,EU
6hVkpZkfQV82W6e31Xye37,Bootstraps,Demo Love,Whenever You're Around,46,202348,False,0.531,0.5,7,-8.593,1,0.0282,0.534,0.000861,0.101,0.319,78.076,4,acoustic,853944,2020-01-01 14:43,LATAM
1iQ1BpOGF1Umd3lpTV4OPO,Roses & Frey,With or Without You,With or Without You,55,166943,False,,0.147,11,-14.812,1,0.0337,0.954,1.91e-06,0.111,0.287,111.913,4,acoustic,162011,2020-01-01 14:44,EU
0tu4zWxyFV1Djbf4hLY3xP,Kazuyoshi Saito,深夜高速 -生きててよかったの集い-,深夜高速,26,326706,False,0.474,0.727,2,-5.892,1,0.0329,0.123,2.82e-06,0.244,0.83,79.633,4,acoustic,355957,2020-01-01 14:45,APAC
1yTJXe80RThFvGTGDSgNpt,Nathan Angelo,She's The Song (Acoustic),She's The Song - Acoustic,48,233306,False,0.617,0.319,2,-8.445,1,0.029,0.609,0.0,0.122,0.324,133.821,4,acoustic,735490,2020-01-01 14:46,MENA
4QVZZAO7LDFjsbWemhTN5y,Naotaro Moriyama,生きてることが辛いなら,生きてることが辛いなら,26,273480,False,,0.266,8,-6.42,1,0.0318,0.951,3.32e-05,0.108,0.33,129.249,4,acoustic,373416,2020-01-01 14:47,APAC
0VPneSXkOP27R8Cf7v8HSN,The Perishers,Let There Be Morning (Bonus Track Version),My Heart,45,206653,False,0.543,,7,-6.875,1,0.0258,0.103,0.000232,0.132,,102.719,4,acoustic,757452,2020-01-01 14:48,APAC
5PusZRYXN29yDQOzDMzSJK,Masaharu Fukuyama,LION,アクセス,27,263266,False,0.615,0.545,7,-12.572,1,0.0268,0.383,2.9e-06,0.16,0.47,110.335,3,acoustic,886899,2020-01-01 14:49,US
5rRDCbF97rcJW0ES9RhPhC,Graham Colton,Life's What You Make It,Life's What You Make It,54,186109,False,0.655,0.686,7,-5.701,1,0.028,0.371,1.13e-06,0.113,0.544,112.974,4,acoustic,159455,2020-01-01 14:50,LATAM
5Jac5r26r1HkpH9Xv5zt7A,Penny and Sparrow;Stephanie Briggs,Tenboom,Duet (feat. Stephanie Briggs),50,221786,False,0.213,0.185,4,-10.929,0,0.0327,0.757,8.54e-05,0.111,0.182,72.844,5,acoustic,121573,2020-01-01 14:51,EU
7KqahQEtWTG2xPKE4Kriad,Masaharu Fukuyama,伝言,追憶の雨の中 (Original Version),27,238866,False,0.345,0.919,2,-8.154,1,0.0751,0.189,0.0,0.17,,174.147,4,acoustic,946000,2020-01-01 14:52,US
0Stf1ND7zaL3TEo8kZgld1,Son&Dad;Filip Nordin,Acustic Covers of Popular Songs,I Want It That Way - Acoustic Covers of Popular Songs,51,136470,False,0.392,0.253,8,-6.563,0,0.0354,0.746,0.0,0.321,0.368,203.571,4,acoustic,568411,2020-01-01 14:53,LATAM
08HbvgCt7APoTp6Vmk7ho1,Hanare Gumi,帰ってから、歌いたくなってもいいようにと思ったのだ。,明日へゆけ,25,372600,False,0.542,0.0325,11,-18.346,1,0.0452,0.964,0.000855,0.105,0.288,131.935,4,acoustic,555826,2020-01-01 14:54,APAC
4uBcAJZmH3LkH2rCDe8LgC,Yosui Inoue,招待状のないショー,青空、ひとりきり - Remastered 2018,26,260893,False,0.762,0.805,2,-4.696,0,0.0358,0.283,0.0,0.106,0.963,116.141,4,acoustic,517307,2020-01-01 14:55,EU
0k3eft3oFkqIJdBFuHFHGW,Sakura Fujiwara,PLAY,Someday,26,235000,False,0.644,0.723,1,-4.954,1,0.0288,0.16,0.0,0.13,0.625,105.969,4,acoustic,490250,2020-01-01 14:56,MENA
6c6xJgk6Z7WElX8tRUdjZk,Correatown,Spark. Burn. Fade.,All The World (I Tell Myself),38,273026,False,0.488,0.294,6,-14.717,0,0.0261,0.917,0.841,0.0876,0.26,76.647,3,acoustic,721113,2020-01-01 14:57,LATAM
05hCHpkRbY9srvsP1Ld5IJ,Rory Block,Cried Like A Baby,Cried Like A Baby,25,344514,False,0.704,0.488,10,-7.89,0,0.039,0.56,1.57e-05,0.0811,0.745,179.76,3,acoustic,621770,2020-01-01 14:58,MENA
7ccurrFI92e3hBtU02WgTL,Violent Femmes,Violent Femmes,Good Feeling,47,236840,False,0.369,,2,-12.088,1,0.0288,0.752,0.000837,0.154,0.476,160.359,4,acoustic,247052,2020-01-01 14:59,LATAM
6VScORohpeHSfdLkPUZuZX,Hanare Gumi,帰ってから、歌いたくなってもいいようにと思ったのだ。,踊る人たち,25,305866,False,0.568,0.24,7,-13.851,1,0.0292,0.902,0.099,0.111,0.508,94.933,4,acoustic,663974,2020-01-01 15:00,LATAM
0dLh6jkNSm0HnmEdjXghIA,Aberola,Si Te Vas,Si Te Vas,26,216584,False,0.483,0.219,0,-13.27,1,0.0482,0.972,0.0,0.116,0.641,149.581,4,acoustic,701496,2020-01-01 15:01,APAC
2zfmrdj03N55KX9epHrTg7,Front Porch Step,I Never Loved Before I Found You,So Help Me God,25,257054,False,0.419,0.855,0,-4.782,1,0.0327,7.69e-05,0.0,0.272,0.261,154.098,4,acoustic,202240,2020-01-01 15:02,MENA
3eocijVoKZ340ZIkvsatUc,She/Her/hers,To-Do Lists (Color Coded),To-Do Lists (Color Coded),25,167999,False,0.566,0.835,7,-7.985,1,0.0377,0.0167,0.0326,0.172,0.549,95.009,4,acoustic,439060,2020-01-01 15:03,EU
1dRIpmF4spf1WCruaM59pN,Yosui Inoue,陽水II センチメンタル (Remastered 2018),神無月にかこまれて - Remastered 2018,26,220213,False,,0.647,4,-6.348,0,0.0318,0.133,0.00021,0.0858,0.775,150.805,4,acoustic,811455,2020-01-01 15:04,LATAM
3giWuQaBIkGG8OcMiWfPMM,Eric Lumiere,Covers - Chill Covers Of Popular Songs,7 Years,25,244821,False,0.662,0.268,10,-7.394,1,0.0358,0.858,0.0,0.11,0.394,111.594,4,acoustic,656842,2020-01-01 15:05,EU
4xN6o0Y195FTgzQvmnuMNw,Gail Blanco,In Love With Bacharach,Make It Easy On Yourself,25,226320,False,0.391,0.322,2,-10.845,1,0.0322,0.88,0.0,0.118,0.278,180.048,4,acoustic,222732,2020-01-01 15:06,LATAM
75i8nGJoT6Q2znZNNhUmk3,Harley Poe,Horrorful,Hollow Man,26,191552,True,0.448,0.821,7,-6.405,1,0.0328,0.566,0.0,0.339,0.618,104.687,4,acoustic,136085,2020-01-01 15:07,MENA
0J2YKkFn2l1LTpZC7UaNrd,Corporate Hearts,The Shreds,Waves of Panic,26,153342,True,0.301,0.552,7,-7.19,0,0.0495,0.161,0.0,0.143,0.761,166.406,4,acoustic,623089,2020-01-01 15:08,MENA
7JuocCvYUBbC0X1bZj6guM,Frank Turner,Miranda,Miranda,25,240866,False,0.524,0.578,7,-5.974,1,0.0267,0.000971,6.55e-06,0.326,0.29,75.032,4,acoustic,515554,2020-01-01 15:09,US
5WhHTK5wyuY14tiHWuoH4G,Frank Turner,FTHC (Deluxe),Little Life,25,215586,False,0.609,0.693,9,-6.395,1,0.0273,0.000315,0.0,0.3,0.452,119.992,4,acoustic,964945,2020-01-01 15:10,US
2FYSLfTFri5Gbccm44lXA3,Violent Femmes,Hallowed Ground,Black Girls,26,340266,False,0.608,0.61,11,-13.99,0,0.0702,0.0278,0.335,0.0369,0.669,121.275,4,acoustic,570025,2020-01-01 15:11,LATAM
73Zqgqez3FbGjeGRhSkw0O,Days N Daze,Ward Off the Vultures,Kick Your Lawyer in the Face,26,140560,True,0.555,0.508,0,-12.851,1,0.108,0.361,0.000968,0.12,0.961,122.037,4,acoustic,938338,2020-01-01 15:12,US
5Bfdu7gVB7njCCCQHC0kkI,Days N Daze,Show Me the Blueprints.,Fast Track,26,144009,False,0.446,0.621,10,-5.065,1,0.037,0.721,0.0,0.0881,0.867,113.896,4,acoustic,292893,2020-01-01 15:13,EU
1epXnhFfFToKeugQWBCsQg,Harley Poe,Wretched. Filthy. Ugly.,Maria,26,196226,True,0.633,0.832,0,-6.84,1,0.0863,0.0274,7.57e-06,0.0957,0.838,130.912,4,acoustic,502603,2020-01-01 15:14,US
1ZD2MlKRTYKI8oewOt28mc,Pigeon Pit,Treehouse,Tall Cans,26,186461,True,0.648,0.389,4,-8.275,1,0.0927,0.807,9.78e-05,0.11,0.378,86.36,4,acoustic,225661,2020-01-01 15:15,LATAM
3zVMv0mxjnJRw2BX5ryCqT,Chuck Ragan,Covering Ground,You Get What You Give,26,217293,False,0.303,0.506,9,-6.89,1,0.0325,0.496,0.0,0.178,0.412,161.463,3,acoustic,616805,2020-01-01 15:16,LATAM
5ieA3sRjDvak7oTrbrR6mV,Frank Turner,Songbook,Four Simple Words,25,297093,True,0.335,0.881,0,-6.48,1,0.0934,0.00805,0.0,0.11,0.173,96.9,4,acoustic,269626,2020-01-01 15:17,MENA
4pR4oQJULf7FDB54TleMyH,Limoblaze;Lecrae;Happi,Jireh (My Provider),Jireh (My Provider),64,168000,False,0.443,0.778,0,-7.564,0,0.266,0.241,0.0,0.215,0.628,128.25,5,afrobeat,543036,2020-01-01 15:18,LATAM
4Ds4bq6aqOSAp1T7DikOi4,Criolo,Ainda Há Tempo,Ainda Há Tempo,44,318360,False,0.58,0.8,6,-7.528,1,0.345,0.281,0.0,0.0708,0.483,81.303,4,afrobeat,409726,2020-01-01 15:19,US
7nYbKsvhM88mHCmFsAIQVp,Criolo,Fellini,Fellini,42,171989,False,0.805,0.746,1,-5.211,0,0.185,0.238,0.0,0.215,0.717,127.922,4,afrobeat,267156,2020-01-01 15:20,APAC
7gVNP7rI9UBZndge0ulKfL,Criolo,Nó na Orelha,Lion Man,46,205440,False,,0.66,7,-4.988,0,0.0544,0.399,0.0,0.127,0.484,83.789,4,afrobeat,187129,2020-01-01 15:21,APAC
1hLvWelTny8vttEEZIXVjw,Criolo,Espiral de Ilusão,Espiral de Ilusão,44,220800,False,0.776,0.314,2,-9.513,1,0.034,0.881,0.000723,0.139,0.476,124.055,4,afrobeat,560846,2020-01-01 15:22,LATAM
660JNfrBV1K41iYGOh7ClC,Criolo,Sobre Viver,Yemanjá Chegou,43,258359,False,0.711,0.515,2,-8.238,0,0.0514,0.679,0.000324,0.0971,0.679,90.91,4,afrobeat,952586,2020-01-01 15:23,LATAM
0tsjEf663ZNWGlIqY2c0Ms,Criolo;Rael,Ainda Há Tempo,Tô Pra Ver,41,254520,False,0.637,0.818,8,-6.851,1,0.281,0.19,0.0,0.102,0.599,90.571,4,afrobeat,278873,2020-01-01 15:24,US
1Vc0GbabaIukvQZeQTrNQc,BaianaSystem,Terapia,Terapia,39,261400,False,0.79,0.814,9,-6.358,0,0.0268,0.243,0.0102,0.528,0.914,124.03,4,afrobeat,464494,2020-01-01 15:25,MENA
1bBO92RtVTlJlfxuVaLek8,Plastilina Mosh,Hola Chicuelos,Aló,40,244933,False,0.797,0.609,10,-10.537,1,0.131,0.00375,0.0191,0.128,0.913,142.035,4,afrobeat,302145,2020-01-01 15:26,MENA
00LmM2QLGpfb5NC7PC7qqZ,Criolo,Ainda Há Tempo,Vasilhame,43,172440,False,0.506,0.876,2,-5.877,0,0.316,0.194,1.86e-06,0.353,0.676,124.218,5,afrobeat,828071,2020-01-01 15:27,EU
0pY5jjQucjJg3pqAbHhGkW,Criolo,Nó na Orelha,Sucrilhos,46,240226,False,0.788,0.574,0,-9.068,1,0.319,0.0626,0.0,0.203,0.764,160.027,4,afrobeat,473411,2020-01-01 15:28,US
3ARDVYRmYJx1FrvR9Zlwp2,Criolo,Ainda Há Tempo,Chuva Ácida,39,180000,False,0.708,0.782,9,-6.419,1,0.284,0.0507,0.0,0.251,0.717,94.038,4,afrobeat,976974,2020-01-01 15:29,US
0J4hFHpfCAlJOdrtcm04vz,Criolo,Ainda Há Tempo,Breaco,40,177240,False,0.619,0.781,1,-6.548,1,0.333,0.148,0.0,0.183,0.728,182.026,4,afrobeat,320650,2020-01-01 15:30,MENA
3BGxXQJWeLAEcwNKRFUxYA,BaianaSystem;BNegão,ATO 1: Navio Pirata,Reza Forte,38,232826,False,0.844,0.915,0,-4.06,0,0.129,0.393,0.00238,0.0847,0.872,145.997,4,afrobeat,172661,2020-01-01 15:31,EU
7cAxwshLN1yidrBlDePrYW,Criolo,Ainda Há Tempo,É o Teste,41,279720,False,0.66,0.728,10,-6.177,0,0.337,0.178,0.0,0.0516,0.594,91.101,4,afrobeat,624267,2020-01-01 15:32,US
0VSuq0KNSy1nOBO47e1bCN,Criolo;MC Hariel;Liniker;Maria Vilani;Jaques Morelenbaum,Sobre Viver,Pequenina,42,273973,False,0.606,0.6,7,-7.785,1,0.139,0.0469,0.0,0.327,0.529,159.971,4,afrobeat,686501,2020-01-01 15:33,US
0fAmpdONIYsxiP27CwnzLJ,Jorge Drexler;Sebastián Prada,Milonga de Ojos Dorados (Alfredo Zitarrosa) [Live on Pardelion Music],Milonga de Ojos Dorados (Alfredo Zitarrosa) - Live on Pardelion Music,38,161342,False,0.67,0.273,7,-10.77,1,0.0388,0.946,0.00136,0.179,0.443,128.87,4,afrobeat,991666,2020-01-01 15:34,LATAM
1SV0orNlJMONEKfQ9QEUrh,Criolo,Ainda Há Tempo,Até Me Emocionei,38,175800,False,0.772,0.789,4,-7.159,0,0.298,0.101,0.0,0.0575,0.549,84.96,4,afrobeat,884267,2020-01-01 15:35,US
3KYbhVPCxYHIeZg8Zy07ay,Criolo;Emicida;Mano Brown,Criolo E Emicida Ao Vivo (Live),Vida Loka I - Live,44,271840,False,0.434,0.877,8,-5.945,0,0.247,0.849,0.0,0.653,0.662,82.109,4,afrobeat,895752,2020-01-01 15:36,LATAM
1YuVO6AipAn5U1VoG1RBGN,Criolo,Ainda Há Tempo,Demorô,37,138480,False,0.755,0.709,1,-5.066,0,0.289,0.0528,0.0,0.0825,0.657,140.989,4,afrobeat,670810,2020-01-01 15:37,APAC
3j0d73FhRaRKlasGXXKZMu,BaianaSystem;Liz Reis,OXEAXEEXU,Guerra Batalha,36,146000,False,0.437,0.357,4,-7.6,0,0.0294,0.676,1.11e-06,0.118,0.26,120.088,4,afrobeat,423833,2020-01-01 15:38,MENA
0mW4qfi2vus7qErr9jAeFJ,BaianaSystem,Duas Cidades,Duas Cidades,44,226040,False,0.789,0.899,6,-6.363,1,0.138,0.125,0.0,0.103,0.847,97.999,4,afrobeat,486123,2020-01-01 15:39,EU
3hhC43A13GnvLnvhSXemhN,Criolo,Nó na Orelha,Mariô,41,217400,False,0.763,0.577,10,-7.085,0,0.125,0.0875,0.00163,0.101,0.658,90.015,4,afrobeat,220370,2020-01-01 15:40,EU
4dr8LN0s4WhnLLTzfsZkj5,Criolo;Emicida;Evandro Fióti,Criolo E Emicida Ao Vivo (Live),Só Mais Uma Noite - Live,37,188666,False,0.518,0.918,4,-5.548,0,0.276,0.325,0.0,0.79,0.62,98.777,4,afrobeat,487968,2020-01-01 15:41,EU
098WwIoAtjDQwcpuEHAlrr,Criolo,Sobre Viver,Pretos Ganhando Dinheiro Incomoda Demais,48,198920,False,,0.715,0,-7.032,0,0.074,0.0518,4.65e-05,0.122,0.347,109.859,4,afrobeat,427994,2020-01-01 15:42,MENA
3AJ0MFDt4OSknQ5D9Jlo4l,Criolo,Nó na Orelha,Samba Sambei,37,222560,False,0.87,0.737,11,-8.372,1,0.126,0.268,0.00369,0.0504,0.952,136.07,4,afrobeat,132308,2020-01-01 15:43,APAC
02HQGyk9aGfleS1epTFtnJ,Juanafé,La Makinita,La Makinita,42,226648,False,0.633,0.805,2,-5.523,0,0.0329,0.0529,0.0,0.146,0.925,143.028,4,afrobeat,284020,2020-01-01 15:44,LATAM
39tI78Hw9SxwaHh32EZW5o,Criolo;Milton Nascimento,Sobre Viver,Me Corte na Boca do Céu a Morte Não Pede Perdão,44,257146,False,0.428,0.3,11,-10.214,0,0.157,0.638,5.18e-05,0.0987,0.278,81.403,4,afrobeat,581140,2020-01-01 15:45,APAC
633yLLOTvQTEdvDD4XVnsw,Criolo,Espiral de Ilusão,Menino Mimado,44,227640,False,0.83,0.604,0,-5.25,0,0.0355,0.563,0.00108,0.221,0.82,144.008,4,afrobeat,432408,2020-01-01 15:46,LATAM
31RfYWiC3WcExsZtqDMvdS,Criolo,Sobre Viver,Aprendendo a Sobreviver,41,212826,False,0.817,0.619,5,-6.922,0,0.0542,0.263,0.00317,0.0889,0.614,103.041,4,afrobeat,994187,2020-01-01 15:47,US
3EYGVS7euI1GTiYkKBOSfk,Juanafé,La Makinita,Tengo Luquita,45,223600,False,0.526,0.711,6,-4.373,0,0.0465,0.585,0.0,0.0728,0.651,176.27,4,afrobeat,530674,2020-01-01 15:48,LATAM
5Xv3XHAt8gkT6hVDXZGcuG,Criolo,Viva Tim Maia,Primavera (Vai Chuva),41,244533,False,,0.859,9,-4.346,1,0.0473,0.108,3.04e-05,0.0779,0.521,147.906,4,afrobeat,962835,2020-01-01 15:49,APAC
2e1FJPgVRQZFT53QKUR7BD,Criolo;Emicida,Criolo E Emicida Ao Vivo (Live),A Cada Vento - Live,41,243373,False,0.651,0.861,11,-6.625,0,0.109,0.43,0.0,0.981,0.8,98.474,4,afrobeat,694639,2020-01-01 15:50,EU
2anpZSamsEnNY7v1ScOkhJ,Samuca e a Selva,Madurar,Detergente,36,327836,False,0.721,0.741,0,-6.597,1,0.0354,0.441,0.00849,0.0775,,131.001,4,afrobeat,136359,2020-01-01 15:51,APAC
0gKBYJ8xmhWjpBzlPPKUoj,Criolo,Espiral de Ilusão,Nas Águas,41,235560,False,0.753,0.653,5,19.368,1,0.0508,0.76,8.56e-06,0.0756,0.706,326.06,4,afrobeat,283100,2020-01-01 15:52,LATAM
3A4Y4uYIIt7VoSugv1OELL,Criolo,Convoque Seu Buda,Plano de Voo,41,218880,False,0.571,0.69,8,-8.18,0,0.542,0.299,0.0,0.103,0.228,155.991,4,afrobeat,735216,2020-01-01 15:53,EU
6gUUERbRME9MKaAMIAa1I3,Juanafé,La Makinita,Chiquitita,46,284875,False,0.715,0.556,9,-6.102,1,0.0453,0.667,0.0,0.132,0.902,87.973,4,afrobeat,590605,2020-01-01 15:54,US
5XJMVJoq9otQBf2lMbxagJ,Criolo,Nó na Orelha,Freguês da Meia Noite,39,249600,False,0.634,0.393,7,-9.583,1,0.0283,0.35,0.000987,0.151,0.54,87.996,4,afrobeat,371588,2020-01-01 15:55,LATAM
1NF3eG2IpxKzR3jqMdR60O,Criolo,Espiral de Ilusão,Hora da Decisão,37,248520,False,0.731,0.575,9,-6.252,0,0.041,0.703,0.0,0.121,0.704,143.986,4,afrobeat,569875,2020-01-01 15:56,US
4kSYNMfWnruGsc9knR15xV,BaianaSystem,Duas Cidades,Dia da Caça,38,269986,False,0.486,0.867,1,-5.237,1,0.0892,0.129,0.00176,0.0731,0.358,109.003,4,afrobeat,912689,2020-01-01 15:57,US
0d23nai9JamDpc48xhyeRt,Criolo,Convoque Seu Buda,Fio de Pumo (Padê Onã),42,249960,False,0.77,0.819,7,-6.487,1,0.0703,0.0191,0.0133,0.377,0.732,92.996,4,afrobeat,449836,2020-01-01 15:58,APAC
6nFxTIa7abSSk8GzZFO1zB,Criolo,Convoque Seu Buda,Pegue Pra Ela,37,265200,False,0.611,0.738,4,-7.341,0,0.0443,0.142,0.00837,0.0575,,119.791,4,afrobeat,140603,2020-01-01 15:59,LATAM
2CTzBqhD3xitdqHzEaGoiz,Criolo,Espiral de Ilusão,Filha do Maneco,37,105360,False,0.674,0.518,0,-6.658,1,0.0806,0.733,3.81e-06,0.085,0.554,133.935,5,afrobeat,379863,2020-01-01 16:00,LATAM
7oSCgig81QrE0hr6weiwgc,Criolo,Espiral de Ilusão,Cria de Favela,36,171480,False,0.692,0.749,7,-4.948,1,0.0427,0.442,7.13e-05,0.132,,111.986,4,afrobeat,942285,2020-01-01 16:01,APAC
0Hr2RaY7XnE0Qj7ljHGfMw,Criolo,Espiral de Ilusão,Boca Fofa,36,140280,False,0.717,0.784,6,-5.138,0,0.0353,0.73,0.0126,0.0851,0.978,168.146,4,afrobeat,785598,2020-01-01 16:02,EU
4BKI37hGrod94ofXtVycYL,Criolo,Espiral de Ilusão,Calçada,37,206760,False,0.817,0.771,5,-5.132,1,0.087,0.704,0.0,0.0885,0.76,111.099,4,afrobeat,853727,2020-01-01 16:03,US
6F4zAdEznwkmn8MHJtcjtT,Criolo;Emicida,Criolo E Emicida Ao Vivo (Live),Zica Vai Lá - Live,35,238346,False,0.374,0.934,10,-5.322,1,0.322,0.058,0.0,0.804,0.389,167.661,4,afrobeat,920445,2020-01-01 16:04,EU
7bLMLwx6gJrCXoppD2YqOu,Criolo;Emicida,Criolo E Emicida Ao Vivo (Live),Subirusdoistiozin - Live,37,211280,False,0.569,0.907,4,-5.619,0,0.31,0.602,4.35e-05,0.862,0.562,94.346,4,afrobeat,205753,2020-01-01 16:05,MENA
5uCb2bQ9HcCY3c7kLq4Iur,Jackie Mittoo,The Keyboard King at Studio One,Darker Shade of Black,40,194293,False,0.689,0.564,6,10.463,1,0.126,0.149,0.941,0.0909,0.758,363.511,4,afrobeat,354405,2020-01-01 16:06,EU
7cPCyF7ABaT1Te3LUA5jzE,Pompi,Ahetuk,Meghar Jolonga,25,205597,False,,0.548,2,-5.391,0,0.0332,0.709,0.0,0.664,0.67,200.152,4,afrobeat,153841,2020-01-01 16:07,MENA
2Y3x5VcEAxLNmVHxQOE0jB,Menahan Street Band,The Exciting Sounds of Menahan Street Band,Queens Highway,64,67720,False,0.778,0.399,1,-8.984,1,0.0858,0.0751,0.835,0.103,0.321,137.305,4,afrobeat,104262,2020-01-01 16:08,EU
7BEjw8UVIjhXw26bWkFHQA,Criolo,Etérea,Etérea,32,253097,False,0.824,0.72,6,-8.189,0,0.142,0.416,0.101,0.102,0.374,116.982,4,afrobeat,851236,2020-01-01 16:09,US
6ET453QCZCnhN7cb5zZoqf,BaianaSystem,Cabeça de Papel,Cabeça de Papel,37,149720,False,0.724,0.833,2,-6.962,1,0.0705,0.289,0.000242,0.0991,0.875,144.999,4,afrobeat,943251,2020-01-01 16:10,APAC
31p1i3XDY9W8ORcDXmA17Q,BaianaSystem,Invisível,Invisível,36,195040,False,0.725,0.618,9,-9.842,0,0.046,0.325,0.000133,0.384,0.479,112.681,5,afrobeat,240181,2020-01-01 16:11,MENA
3Nb27pwwcFmJhP6INhri4z,BaianaSystem;Orquestra Afrosinfônica,Fogo (Versão Estendida),Fogo (Versão Estendida),36,250354,False,0.455,0.738,7,-6.826,0,0.0358,0.161,0.0678,0.0996,0.335,125.351,5,afrobeat,749951,2020-01-01 16:12,EU
0seSNElilcmQH2T0gY5zyY,BaianaSystem;Makavelli;Jaymitta,ATO 1: Navio Pirata,Nauliza,35,220670,False,0.618,0.945,4,-4.49,0,0.112,0.0372,0.00323,0.257,0.76,169.967,4,afrobeat,581407,2020-01-01 16:13,US
3ayGhSSsgy1PyvJi6Np0CH,Jorge Drexler,Mediterráneo,Mediterráneo,33,206999,False,0.585,0.588,9,-8.147,0,0.115,0.405,5.19e-06,0.321,0.429,100.808,3,afrobeat,162302,2020-01-01 16:14,MENA
0afpxm7xkeXwj7KYzmS5Uc,Criolo,Viva Tim Maia,Me Dê Motivo,33,267853,False,0.864,0.623,5,-5.966,1,0.0344,0.452,0.00967,0.105,0.84,132.008,4,afrobeat,924169,2020-01-01 16:15,US
3qdalnFVTJdRheIRZyuNmP,BaianaSystem;Buguinha Dub;Curumin;Edgar,Futuro Dub,Sonar (Adubado),34,174538,False,0.694,0.82,4,-7.885,0,0.048,0.113,0.897,0.147,0.588,99.922,4,afrobeat,884113,2020-01-01 16:16,US
6SdaB4qWrwFG5goKg3NbVj,BaianaSystem,Forasteiro,Forasteiro,35,210373,False,0.685,0.732,9,-8.589,0,0.0322,0.00506,0.778,0.064,0.856,127.999,4,afrobeat,610702,2020-01-01 16:17,APAC
3dCA1AG1JPlF848jihvVsE,Plastilina Mosh,Hola Chicuelos,Oxidados,35,148000,False,,0.994,4,-6.676,0,0.0762,0.000444,0.765,0.057,0.702,182.051,4,afrobeat,737098,2020-01-01 16:18,EU
7t6UycwC3vvVtTvbhdNSY9,Samuca e a Selva,Madurar,À Beça,33,321351,False,0.721,0.654,7,-7.877,0,0.0231,0.314,1.28e-05,0.828,0.826,102.978,4,afrobeat,457509,2020-01-01 16:19,MENA
0YM62MzsqtMsbCS0E89bvx,Los Amigos Invisibles,Commercial,Sueño Erótico,35,242373,False,0.683,0.823,9,-6.475,1,0.0559,0.138,0.067,0.176,0.837,120.03,4,afrobeat,813554,2020-01-01 16:20,MENA
3HPfcQxliHRPkDZPFHH0JE,Criolo,Povo Guerreiro,Povo Guerreiro,34,219071,False,0.793,0.658,2,-6.332,1,0.0552,0.652,1.11e-06,0.082,0.96,114.039,4,afrobeat,500514,2020-01-01 16:21,MENA
0VjyKaDsZ29g00cvIywo5t,BaianaSystem,O Futuro Não Demora,Navio,35,339413,False,0.591,0.873,1,-6.877,0,0.111,0.105,0.0181,0.0676,0.882,162.121,4,afrobeat,990257,2020-01-01 16:22,US
7zMJ0Pgmv9Jcx1skiTp3RV,Criolo,Ainda Há Tempo,No Sapatinho,35,303120,False,0.702,0.689,4,-6.112,0,0.221,0.152,0.0,0.0878,0.242,84.063,4,afrobeat,156805,2020-01-01 16:23,EU
2GMlGVZ3Co8CkDm1RiPFRw,Metá Metá,MetaL MetaL,São Jorge,33,214177,False,0.64,0.732,5,-7.078,0,0.0642,0.641,0.000142,0.114,0.831,112.956,4,afrobeat,254934,2020-01-01 16:24,LATAM
1aAhNjAqKqUFQ93uesAytf,BaianaSystem;Cássia Eller,O Segundo Sol,O Segundo Sol,37,148905,False,0.383,0.711,0,-8.113,1,0.0671,0.174,0.000572,0.16,,137.036,4,afrobeat,971876,2020-01-01 16:25,US
3169PUGpN64JNpAhR5PW4Y,Los Amigos Invisibles,Super Pop Venezuela,Amar Es Algo Más,36,426306,False,0.692,0.746,7,-6.359,0,0.0362,0.393,0.000496,0.257,0.613,107.981,4,afrobeat,359903,2020-01-01 16:26,MENA
2MwJYrmAqLPOxd3pSLNdYb,BaianaSystem;Samba de Lata de Tijuaçú,O Futuro Não Demora,Redoma,34,156733,False,0.779,0.918,0,-6.912,1,0.268,0.126,4.61e-05,0.701,0.391,100.041,4,afrobeat,379588,2020-01-01 16:27,APAC
0s76fxVvT3GOz0sEU64v4j,Criolo;Emicida,Criolo E Emicida Ao Vivo (Live),Viva (Melô Dos Vileiros) - Live,32,213960,False,0.653,0.868,9,-6.12,0,0.336,0.649,0.0,0.953,0.733,82.15,4,afrobeat,812147,2020-01-01 16:28,MENA
2abpx1FO9dhMg16Q59iWL4,Criolo,Nó na Orelha,Samba Sambei (Dub Mix),32,220653,False,0.795,0.664,11,-10.679,1,0.0519,0.188,0.89,0.172,0.854,136.029,4,afrobeat,270426,2020-01-01 16:29,APAC
16qGlEtbDQW4IFcRsIjmwm,BaianaSystem;VANDAL,O Futuro Não Demora,CertoPeloCertoh,34,165160,False,0.726,0.72,6,-6.841,1,0.31,0.327,0.0,0.287,0.874,149.995,4,afrobeat,562184,2020-01-01 16:30,APAC
5vilhku7KUCbRlog1d0lBy,Mandrill,Just Outside Of Town,Fat City Strut,34,199360,False,0.422,0.862,7,-6.534,0,0.153,0.602,0.00904,0.294,0.826,80.526,3,afrobeat,357442,2020-01-01 16:31,EU
0YLkH00Doh7W1IEEo9BA71,Juanafé,La Makinita,La Bala,34,213680,False,0.6,0.826,2,-5.654,1,0.0476,0.0555,0.0,0.0835,0.77,98.046,4,afrobeat,278142,2020-01-01 16:32,EU
31P1OdwMwFh8b6kGjdLUZV,Criolo,Viva Tim Maia,Chocolate,34,181013,False,0.759,0.79,11,-4.355,0,0.0656,0.264,3.91e-05,0.0707,0.914,135.953,4,afrobeat,967934,2020-01-01 16:33,EU
5K0z3idLxEFY0tv82NeMPe,Criolo,Criolo E Emicida Ao Vivo (Live),Mariô - Live,33,267480,False,0.572,0.874,5,-7.523,0,0.127,0.525,8.57e-06,0.711,0.681,94.006,4,afrobeat,279907,2020-01-01 16:34,LATAM
2SPPB8Wi85U3cn6ptXLsR4,Criolo;Emicida,Criolo E Emicida Ao Vivo (Live),Demorô - Live,33,213773,False,0.549,0.901,2,-6.208,1,0.296,0.721,0.0,0.913,0.35,152.298,4,afrobeat,184857,2020-01-01 16:35,US
4YUWeLwUwRMzuxW5H4ASYp,BaianaSystem;As Ganhadeiras de Itapuã,Duas Cidades,Panela,33,173413,False,0.666,0.761,7,-5.472,1,0.0926,0.000143,0.712,0.112,0.797,143.035,4,afrobeat,706543,2020-01-01 16:36,MENA
06yiYlbdcanbh4GJEFyhEj,BaianaSystem;BNegão,OXEAXEEXU,Reza Forte,35,232293,False,0.838,0.914,0,-4.026,0,0.124,0.378,0.00398,0.0979,0.855,146.0,4,afrobeat,880571,2020-01-01 16:37,EU
0uWCzZzI1A2yxreko4iEib,Plastilina Mosh,Tasty + B Sides,Human Disco Ball,35,214960,False,0.797,0.99,11,-8.001,0,0.0458,0.000375,0.419,0.0333,0.926,125.023,4,afrobeat,214746,2020-01-01 16:38,MENA
6LcDgsJUPj70eb0NONh5q6,BaianaSystem,Duas Cidades,Bala na Agulha,36,247000,False,0.688,,10,-4.957,0,0.151,0.269,0.000172,0.0357,0.667,180.052,4,afrobeat,737058,2020-01-01 16:39,APAC
6UV8gki3IIkVNP9jlxScM6,Juanafé,La Makinita,La Jardinera,33,222408,False,0.696,0.724,2,-4.86,1,0.0345,0.65,0.0,0.104,0.965,99.929,4,afrobeat,586711,2020-01-01 16:40,EU
6M0dUj7G1BBsFRUZVGFyma,Hugh Masekela,Africa Rising Vol.3,Makoti,0,274933,False,0.469,,8,-10.785,1,0.0944,0.478,0.268,0.076,0.781,220.081,4,afrobeat,847016,2020-01-01 16:41,EU
3nixiIoAj9SFIiNPxgUDH8,Hugh Masekela,Africa Rising Vol.4,Nontsokolo,0,356333,False,0.801,0.736,5,-8.897,1,0.0395,0.343,0.000183,0.0429,0.942,105.009,4,afrobeat,214258,2020-01-01 16:42,US
3U8py45D86LbBF6jZtaxMH,Manu Dibango,Afrodance Anthems,Soul Makossa,0,265586,False,0.817,0.794,0,-8.324,1,0.0752,0.0563,0.229,0.0687,0.921,116.423,4,afrobeat,978306,2020-01-01 16:43,US
19Oj8jiVAn3qRr0DhlLU1j,Criolo;Emicida,Criolo E Emicida Ao Vivo (Live),Triunfo - Live,34,273426,False,0.54,0.945,1,-5.021,1,0.271,0.315,0.0,0.405,0.551,92.013,4,afrobeat,657199,2020-01-01 16:44,US
0UZ3juSCFsN6lINBadUZNZ,Criolo;Emicida,Criolo E Emicida Ao Vivo (Live),Grajauex - Live,33,191453,False,0.358,0.905,5,-5.776,0,0.453,0.304,0.0,0.454,0.468,176.67,4,afrobeat,857938,2020-01-01 16:45,LATAM
4Z02tygBhQ3PZXKvwAl44s,Hugh Masekela,Africa Rising Vol.1,District Six - Live,0,527506,False,0.778,0.711,7,-11.367,1,0.0643,0.352,0.0473,0.969,0.858,108.127,4,afrobeat,425765,2020-01-01 16:46,EU
1Yxukx85EzhKgZpzbNywQv,Criolo;Emicida,Criolo E Emicida Ao Vivo (Live),Não Existe Amor Em SP - Live,35,392480,False,0.285,0.734,5,-6.956,0,0.0506,0.3,0.0231,0.903,0.243,140.224,4,afrobeat,949043,2020-01-01 16:47,EU
54OvaGEkwX2FnqIMS05S82,Hugh Masekela,Afrodance Anthems,Women Of The Sun,0,334520,False,0.806,0.478,5,-11.387,0,0.107,0.77,0.00036,0.0856,0.959,89.938,4,afrobeat,663725,2020-01-01 16:48,APAC
3xfUu8alkwuMg8UBht9TtW,Criolo;Emicida,Criolo E Emicida Ao Vivo (Live),Bogotá - Live,33,369773,False,0.532,0.908,5,-6.124,0,0.238,0.367,0.000142,0.992,0.737,126.229,4,afrobeat,214241,2020-01-01 16:49,MENA
3MZm4t1kRJ2e5JyaYQpjrF,Jackie Mittoo,The Keyboard King at Studio One,Black Organ,34,191506,False,0.837,0.598,1,-9.047,0,0.181,0.391,0.238,0.0598,0.983,145.219,4,afrobeat,930610,2020-01-01 16:50,US
33NVGT7agcN1ems0OLUlCX,Manu Dibango,Best Afrodance Tunes,Dikalo - Remix 97,0,247626,False,0.784,0.869,2,-6.595,1,0.0369,0.0107,0.83,0.0422,0.672,99.175,4,afrobeat,816208,2020-01-01 16:51,MENA
1AMkh8OSTuP6CcAvP59xL7,Hugh Masekela,Best Afrodance Tunes,District Six - Live,0,527506,False,0.778,0.711,7,-11.367,1,0.0643,0.352,0.0473,0.969,0.858,108.127,4,afrobeat,370180,2020-01-01 16:52,US
14XaLZBDGnMY4313d4G51A,Ernest Ranglin,Best Afrodance Tunes,Stop That Train,3,336933,False,0.766,0.375,5,-13.456,1,0.0763,0.297,0.862,0.128,0.62,81.626,4,afrobeat,591107,2020-01-01 16:53,US
1q8NdCAQ9QUjpYiqzdd3mv,Calle 13,Calle 13 (Explicit Version),Atrévete-Te-Te,75,239306,True,0.829,0.878,9,-5.951,1,0.101,0.0959,0.0,0.776,0.883,87.991,4,afrobeat,449253,2020-01-01 16:54,EU
0FLmR0blAIztjE7YsQpoYc,El Michels Affair,Enter The 37th Chamber,Shimmy Shimmy Ya,49,145880,False,,0.666,11,-5.77,1,0.0413,0.0234,0.647,0.0841,0.0865,100.138,4,afrobeat,589145,2020-01-01 16:55,LATAM
37IbDeC2CfODD3OGcAO8Vd,Ali Farka Touré;Toumani Diabaté,Ali & Toumani,Ruby,19,355840,False,0.361,0.31,9,-12.102,1,0.0398,0.802,0.687,0.128,0.408,177.659,4,afrobeat,968835,2020-01-01 16:56,LATAM
4CA1DhfgMg9iRDibIgTu1f,Criolo,Espiral de Ilusão - Deluxe Edition,4 da Manhã – Deluxe Edition,30,213480,False,0.6,0.476,0,-8.558,0,0.084,0.7,0.00488,0.104,0.572,142.033,4,afrobeat,909028,2020-01-01 16:57,APAC
7CJkTdcKr5NSlgSBAKTTD5,BaianaSystem;Orquestra Afrosinfônica;Antonio Carlos & Jocafi,Água (Versão Estendida),Água (Versão Estendida),34,306750,False,0.74,0.8,7,-6.65,0,0.0422,0.211,0.0969,0.11,0.763,96.998,4,afrobeat,293985,2020-01-01 16:58,EU
5mvGbNjKaqB63vFdN2MZ7m,Jorge Drexler,Bailar en la cueva,Organdí,31,400362,False,0.531,0.249,2,-10.041,1,0.0866,0.759,0.0812,0.0909,0.106,104.039,4,afrobeat,974622,2020-01-01 16:59,EU
2oOMI7Jf9Lo2801cgqepQf,Los Amigos Invisibles;Ferraz,Cool Love,Sólo los dos (feat. Ferraz),34,210870,False,0.806,0.573,6,-9.905,0,0.0557,0.317,0.125,0.149,0.696,104.994,4,afrobeat,494150,2020-01-01 17:00,LATAM
25WjhzidELBiE8WBROJIRs,Afrocidade,Afrocidade na Pista,Tô pra Onda,29,235567,False,0.71,0.846,4,-3.981,0,0.0479,0.0798,0.00352,0.395,0.505,118.025,4,afrobeat,734353,2020-01-01 17:01,EU
2rrptPZG55VZPKE2LzLFsO,Los Amigos Invisibles,El Paradise,Eres Mis Ganas,35,315600,False,0.562,0.876,5,-4.999,0,0.0356,0.00127,0.00513,0.265,0.547,124.003,4,afrobeat,787800,2020-01-01 17:02,EU
4iCQH7UCZiB1Tj35BPKFoN,Calle 13,Los De Atrás Vienen Conmigo,Bienvenidos A Mi Mundo,33,237026,True,0.658,0.715,10,-7.416,0,0.269,0.0174,0.0,0.307,0.543,189.895,4,afrobeat,534644,2020-01-01 17:03,APAC
63TbBqehgYbVYaj7vt7OAf,OQuadro;Dimak,OQuadro,Tá Amarrado,30,232826,False,0.881,0.834,0,-5.625,1,0.175,0.216,3.97e-05,0.127,,94.967,4,afrobeat,510991,2020-01-01 17:04,MENA
0DaMxhrFFLWFSs41y64XdP,BaianaSystem;Nação Zumbi,Alfazema,Alfazema,32,199095,False,0.677,0.929,5,-6.017,0,0.0418,0.309,0.00129,0.318,0.709,129.996,4,afrobeat,510763,2020-01-01 17:05,LATAM
5LgIR0Fzfc9vJy2Yx4WI0P,Jorge Drexler,Sea,Crece,31,190600,False,0.649,0.51,5,-11.928,1,0.228,0.466,0.00202,0.0983,0.476,174.931,3,afrobeat,876293,2020-01-01 17:06,EU
3c3SlCmGqAULLHI3eGuHTK,Romperayo,Romperayo,Alegria por un Zumo de Naranja Con Panela,30,213992,False,0.6,0.65,5,-16.989,1,0.0412,0.000416,0.795,0.178,0.868,131.078,4,afrobeat,447706,2020-01-01 17:07,MENA
09CcTt968KvhCgNMfoWgsl,Criolo,Duas de Cinco,Cóccix-ência,31,289947,False,0.564,0.903,1,-6.173,1,0.0786,0.0221,0.00198,0.3,0.568,164.047,4,afrobeat,351930,2020-01-01 17:08,LATAM
6sJRYw9CnzDyZ3mBOAVtNN,Los Amigos Invisibles,Commercial,Dulce,33,303213,False,0.758,0.819,11,-5.945,0,0.0528,0.0646,0.000168,0.138,0.827,117.971,4,afrobeat,425438,2020-01-01 17:09,APAC
52DcY4RSDQzvEEdLp1q02h,William Onyeabor,Crashes In Love (1977 Version),Ride On Baby - 1977 Version,31,390280,False,0.519,0.804,7,-4.716,0,0.084,0.696,0.268,0.0947,0.841,104.883,4,afrobeat,275394,2020-01-01 17:10,EU
4Gk58WahIU0EfGR6P0T8Tm,Jorge Drexler,Amar la trama,La nieve en la bola de nieve,30,295866,False,0.457,0.231,2,-17.316,1,0.0597,0.759,0.523,0.11,0.444,133.083,4,afrobeat,452355,2020-01-01 17:11,LATAM
3T7LettdukEd5Kf1s6MII4,BaianaSystem,OXEAXEEXU,Raminho,31,78880,False,0.588,0.711,0,-8.105,1,0.038,0.924,0.00698,0.31,0.951,145.818,3,afrobeat,202670,2020-01-01 17:12,EU
1wLaZctzZCnr9NJNZOjcVY,Jorge Drexler,Sea,Uno,30,169066,False,0.715,0.686,1,-9.727,1,0.036,0.227,0.657,0.11,0.86,130.945,4,afrobeat,180777,2020-01-01 17:13,APAC
382pQ7OIddHeCHHdaFxyYn,Plastilina Mosh,Aquamosh,Ode To Mauricio Garces,33,254080,False,0.463,0.718,4,-11.202,1,0.0275,0.205,0.0874,0.0541,0.855,174.112,4,afrobeat,751464,2020-01-01 17:14,US
1wYgb2WSoI95dYx2STlgDk,Jorge Drexler,Amar la trama,Aquiles por su talón es Aquiles,31,214253,False,0.523,0.282,9,-11.418,1,0.0791,0.776,0.00288,0.0819,0.317,132.44,4,afrobeat,169692,2020-01-01 17:15,MENA
3irY15zmv8TmHe8leleLbN,Samuca e a Selva,Madurar,Madurar,30,241322,False,0.716,0.713,0,-6.294,0,0.0289,0.41,0.00067,0.153,0.896,119.957,4,afrobeat,611384,2020-01-01 17:16,EU
6awMoxUFFPfHusyCQAhxDA,Plastilina Mosh,Hola Chicuelos,Te Lo Juro Por Madonna (Si Omba Ta Gueno),32,179840,False,0.539,0.968,9,-5.323,0,0.0476,0.00049,0.0616,0.169,0.673,98.113,4,afrobeat,801882,2020-01-01 17:17,APAC
6oNlBZwqefXprM721Bmksi,BaianaSystem;Carolaine,OXEAXEEXU,A Vida É Curta Pra Viver Depois,31,217866,False,0.682,0.703,8,-6.92,1,0.0531,0.356,0.00012,0.116,0.575,91.973,4,afrobeat,752032,2020-01-01 17:18,EU
3TcfOu4zC7qIXJEz30egWs,Plastilina Mosh,Aquamosh,Bungaloo Punta Cometa,35,239920,False,0.744,0.771,6,-9.034,0,0.0892,0.608,0.052,0.103,0.661,149.822,4,afrobeat,501465,2020-01-01 17:19,APAC
438mvglmmUAmK8OARQqFvd,BaianaSystem,OXEAXEEXU,Dança de Airumã,31,227573,False,0.683,0.862,7,-4.55,0,0.0619,0.157,0.00298,0.297,0.609,108.001,4,afrobeat,274268,2020-01-01 17:20,LATAM
0eaOuJKKnxlUoQqgMnEait,Bixiga 70,Bixiga 70 (2011),Desengano da Vista,31,406573,False,0.535,0.644,0,-8.617,0,0.0442,0.543,0.918,0.0939,0.744,149.872,4,afrobeat,937615,2020-01-01 17:21,MENA
3apWATxafGDKl8YxTwbiTx,Samuca e a Selva,Madurar,Flores Raras,31,267997,False,0.713,0.605,1,-8.45,1,0.0348,0.733,3.13e-06,0.552,0.885,100.014,4,afrobeat,851643,2020-01-01 17:22,APAC
79V8ZpQFYAICfLFHEhJq7T,BaianaSystem,Duas Cidades,Mercado,30,75026,False,0.596,0.394,10,-12.497,1,0.0334,0.94,0.431,0.321,0.694,97.048,4,afrobeat,650998,2020-01-01 17:23,US
3TyQrs62Ma2oMsDZkayXFM,Metá Metá,Metá Metá,Obá Iná,33,303882,False,0.605,0.708,9,-5.546,0,0.0923,0.425,0.0,0.229,0.708,113.755,4,afrobeat,178085,2020-01-01 17:24,EU
7zUyeooUE7M4sl06eas3uE,Jorge Drexler,Frontera,Río abajo,30,186773,False,0.718,,9,-11.107,1,0.0272,0.646,0.0012,0.123,0.509,95.564,4,afrobeat,131658,2020-01-01 17:25,LATAM
49NyAaqgD1KExP3L9IgqT8,Plastilina Mosh,Aquamosh,Niño Bomba,35,223666,False,0.73,0.775,1,-8.161,1,0.0372,0.000472,0.00188,0.0833,0.491,107.153,4,afrobeat,383697,2020-01-01 17:26,LATAM
6w1T511GDmnHWF1EqqZm2y,Hugh Masekela,Afropop 2022,Makoti,0,274933,False,0.469,0.824,8,-10.785,1,0.0944,0.478,0.268,0.076,0.781,220.081,4,afrobeat,241770,2020-01-01 17:27,EU
1wRsvFf2MuGa0KqnkCbaQw,Hugh Masekela,Afrodance 2022,District Six - Live,0,527506,False,0.778,0.711,7,-11.367,1,0.0643,0.352,0.0473,0.969,0.858,108.127,4,afrobeat,874320,2020-01-01 17:28,LATAM
7skh6P9IoZ4wQBqTHd0xku,BaianaSystem,Duas Cidades,Calamatraca,33,181706,False,0.657,0.72,9,-6.375,0,0.0858,0.00356,0.000948,0.0809,0.413,142.006,4,afrobeat,285237,2020-01-01 17:29,US
74FgXyMVJm4muoRSZQRCVw,Orquestra Brasileira de Música Jamaicana,Volume I,O Guarani,32,221506,False,0.683,0.783,6,-7.155,0,0.0438,0.0941,0.84,0.104,0.634,141.94,4,afrobeat,354385,2020-01-01 17:30,US
6qXJn6TJ6bTajeRdGApJ47,Jorge Drexler,12 segundos de oscuridad,La infidelidad de la era informática,30,183159,False,0.801,0.423,9,-4.918,0,0.0703,0.486,0.0106,0.0934,0.468,139.987,4,afrobeat,978161,2020-01-01 17:31,EU
3WlPw1UubxqvzMhO739BU8,Hugh Masekela;Gugu Shezi,Africa Rising Vol.2,Bambezela,0,261640,False,0.767,0.815,7,-9.309,1,0.0397,0.31,0.000122,0.142,0.787,111.992,4,afrobeat,836433,2020-01-01 17:32,US
2jR9xbXmW7L5W2qMLQprBy,BaianaSystem,OXEAXEEXU,Chapéu Panamá,31,183706,False,0.824,0.932,7,-4.664,1,0.256,0.414,0.0136,0.0594,0.471,105.01,4,afrobeat,296833,2020-01-01 17:33,US
2mvXJ9JNoxuX50uT2mLHhN,Hugh Masekela,Best Afrobeat Tunes,Makoti,0,274933,False,0.469,0.824,8,-10.785,1,0.0944,0.478,0.268,0.076,0.781,220.081,4,afrobeat,445188,2020-01-01 17:34,EU
1b0rnT35mqbls6Mh1EwVwE,Criolo;Emicida,Criolo E Emicida Ao Vivo (Live),Lion Man - Live,30,247680,False,0.438,0.702,2,-6.294,0,0.0405,0.587,0.0,0.504,0.249,84.176,4,afrobeat,564179,2020-01-01 17:35,LATAM
56EguJRcOCOiNV55dxin1f,Hugh Masekela,Afrobeats 2022,District Six - Live,0,527506,False,0.778,0.711,7,-11.367,1,0.0643,0.352,0.0473,0.969,0.858,108.127,4,afrobeat,697842,2020-01-01 17:36,US
6RgUXAzzRljhYRI78809Vx,Los Amigos Invisibles,Repeat After Me,Sex Appeal,32,169786,False,0.758,0.728,0,-5.127,1,0.044,0.00343,0.000182,0.294,0.846,120.961,4,afrobeat,942558,2020-01-01 17:37,EU
3kn7d9avE3lqlhmOK05O2X,Los Amigos Invisibles,Repeat After Me,Corazón Tatú,33,260693,False,,0.876,7,-6.438,1,0.0344,0.00421,0.0328,0.139,0.884,126.015,4,afrobeat,884012,2020-01-01 17:38,LATAM
4UGHgo35Dxa8ylKNaPH0yi,Hugh Masekela,Best Afropop Tunes,District Six - Live,0,527506,False,0.778,0.711,7,-11.367,1,0.0643,0.352,0.0473,0.969,0.858,108.127,4,afrobeat,979472,2020-01-01 17:39,EU
3lZqJ8lyCWUobZLJ0vIr0w,CalledOut Music,Thank You Lord,Thank You Lord,45,133053,False,0.714,0.44,2,-10.676,1,0.0953,0.319,0.000148,0.0685,0.532,91.997,4,afrobeat,136580,2020-01-01 17:40,MENA
5ksSzUpY892Gga1BlDN9ey,Ali Farka Touré,Talking Timbuktu (with Ry Cooder),Ai Du (with Ry Cooder),16,429973,False,0.57,0.225,5,-17.168,0,0.029,0.306,0.0586,0.0689,0.408,151.78,3,afrobeat,312724,2020-01-01 17:41,LATAM
3V9QiKuxrKSX5TspNd0MlV,Bang Data,Maldito Carnaval,Bang Data,42,180973,False,0.605,0.835,6,-6.477,0,0.14,0.0764,0.0,0.122,0.903,171.958,4,afrobeat,606700,2020-01-01 17:42,MENA
3ZYakLJ3Qva6MlVXmxnjmv,QUITAPENAS,Tigrada,La Educación,27,243560,False,0.497,0.916,9,-3.984,1,0.103,0.0774,1.97e-05,0.0635,0.934,136.705,4,afrobeat,144205,2020-01-01 17:43,MENA
3HQwAn3gDAfxTjXd93OhEv,Morbo y Mambo,Morbo y Mambo,gorila,27,162146,False,0.742,0.617,5,-10.134,0,0.044,0.397,0.888,0.14,0.847,101.999,4,afrobeat,419806,2020-01-01 17:44,MENA
3H4VxEjsbVroJdqIYkWE3z,Plastilina Mosh,Juan Manuel,Shampoo,28,139133,False,0.716,0.509,2,-6.926,1,0.0753,0.683,0.891,0.0884,0.374,170.117,4,afrobeat,238241,2020-01-01 17:45,LATAM
60RAYSlPmLbMwNF0UQRq54,Los Amigos Invisibles,Cool Love,Canción Ecológica,30,261885,False,0.76,0.649,6,-9.064,0,0.0579,0.0417,0.0,0.0825,0.715,105.009,4,afrobeat,939627,2020-01-01 17:46,LATAM
6i1eq94lroJKzDqz3ocjbC,Los Amigos Invisibles,Cool Love,Disco Ball,31,247646,False,0.754,0.818,6,-7.047,0,0.0342,0.000998,6.26e-05,0.93,0.78,105.0,4,afrobeat,156995,2020-01-01 17:47,APAC
5CQaB5tweelW95KQUn1j2S,Letta Mbulu,There's Music In The Air,There's Music In The Air,27,417600,False,0.607,0.34,9,-15.83,1,0.0486,0.826,0.344,0.0752,0.667,143.074,4,afrobeat,233563,2020-01-01 17:48,EU
3aYnx0DinQBKrjS5OjSDEq,Tony Allen;Damon Albarn,Été jazz,Go Back,29,337493,False,0.501,0.911,7,-6.49,0,0.154,0.0342,0.165,0.512,0.724,82.34,1,afrobeat,275611,2020-01-01 17:49,MENA
0H3GpvGeVrCXu0opyBwXs3,Los Amigos Invisibles,El Paradise,Contigo,30,252600,False,0.642,0.933,5,-5.562,1,0.0431,0.00928,2.31e-05,0.337,0.743,131.982,4,afrobeat,233734,2020-01-01 17:50,US
7dzIHCPzvdmVpIjgE0Hidr,Subhira,Transubhiriano Americano,Cumbia Elemental,27,250200,False,0.555,0.623,2,-7.464,1,0.0916,0.258,8.17e-05,0.259,0.464,90.922,4,afrobeat,611712,2020-01-01 17:51,EU
1CppY4y3oYEv6NIC4w9irf,La Misa Negra,La Misa Negra,Acosadora - Radio Edit,28,232826,False,0.634,0.892,9,-4.395,0,0.0519,0.0183,0.000177,0.233,0.648,99.998,4,afrobeat,427912,2020-01-01 17:52,US
76Id5YpwGnoxtFNceLXFMY,Plastilina Mosh,JAJAJA,JAJAJA,32,191472,False,0.714,0.889,0,-4.857,1,0.0367,0.0483,4.02e-05,0.413,0.935,122.757,4,afrobeat,921203,2020-01-01 17:53,US
0HaeGQdShN9VUjakBQfrp6,Plastilina Mosh,Hola Chicuelos,Enzo,31,235200,False,0.735,0.864,1,-4.801,1,0.0742,0.00434,0.598,0.765,0.851,90.037,4,afrobeat,334735,2020-01-01 17:54,EU
1sleIdUSkIg36nTMf10XPe,Juanafé;Demian Rodríguez,Fuiste un Trozo de Hielo en la Escarcha,Fuiste un Trozo de Hielo en la Escarcha,28,247750,False,0.714,0.532,7,-9.327,1,0.0296,0.573,0.0,0.0909,0.795,129.972,4,afrobeat,583496,2020-01-01 17:55,APAC
0FMXE6Tkdurx7pPcSfIezB,Jorge Drexler,Cara B,Sea - Cara B,29,252573,False,0.466,0.342,7,-15.497,1,0.195,0.746,1.74e-05,0.582,0.628,120.066,4,afrobeat,694080,2020-01-01 17:56,EU
4lCTl376EHJc2DMFkCtOPY,Newen Afrobeat,Curiche,Chaltumay,28,356800,False,0.789,0.869,8,-6.758,1,0.0482,0.168,0.391,0.0944,0.909,124.947,4,afrobeat,663389,2020-01-01 17:57,MENA
63nOQpjvgznL7lF5tEwsCs,Newen Afrobeat,Newen Afrobeat,Caminante,27,397573,False,0.604,0.904,6,-5.338,0,0.0483,0.0787,0.708,0.144,0.557,92.962,4,afrobeat,816743,2020-01-01 17:58,LATAM
3AWPLOOFNh8vxh8yS5z8dj,Juanafé,Parrilladas Vargas (Vol. II),Como Ayer,29,217217,False,0.732,0.613,1,-8.872,0,0.0352,0.765,1.16e-06,0.137,0.924,102.481,4,afrobeat,281680,2020-01-01 17:59,APAC
7DGciw6JNzvNtdmvvANsHV,BaianaSystem,BaianaSystem,Barravenida,27,297360,False,0.646,0.651,7,-10.789,0,0.0328,0.0025,0.739,0.17,0.672,133.985,4,afrobeat,556710,2020-01-01 18:00,US
058beKosGKglMtEQ3sZwq6,BaianaSystem,ATO 3: América do Sol,Corneteiro Luís,29,219746,False,0.762,0.858,9,-4.589,0,0.0313,0.321,0.0629,0.276,0.836,126.005,4,afrobeat,820524,2020-01-01 18:01,EU
15F5w6GELfrYu4M4Wq02Nt,Jorge Drexler,Llueve,De amor y de casualidad,28,191466,False,0.741,0.564,9,-9.052,1,0.051,0.225,6.71e-05,0.0964,0.359,117.859,4,afrobeat,876713,2020-01-01 18:02,EU
7Fy5yxwDFi71dQId1TEMjV,Mandrill,Just Outside Of Town,Mango Meat,28,286613,False,0.596,0.686,2,-7.915,1,0.103,0.28,0.00969,0.0726,0.729,103.949,4,afrobeat,656009,2020-01-01 18:03,APAC
49ieDVc3fyaSV6QUiusAWG,Criolo,Espiral de Ilusão - Deluxe Edition,Língua Felina – Deluxe Edition,26,180480,False,0.77,0.797,0,-4.778,1,0.0345,0.555,0.000122,0.0928,0.964,96.879,4,afrobeat,686701,2020-01-01 18:04,APAC
5zY1AEroeKrcz3t97TJZSN,Los Amigos Invisibles;C-Funk;Mcklopedia,Cool Love,Como te Gusta (feat. C-Funk & McKlopedia),30,167717,False,0.84,0.632,5,-7.338,0,0.0599,0.0674,0.0,0.164,0.764,93.985,4,afrobeat,877722,2020-01-01 18:05,US
0l2BHYyFjlGdnR0uunsImK,Los Amigos Invisibles,Super Pop Venezuela,Si Tú Te Vas,30,278093,False,0.783,0.491,5,-9.672,1,0.0351,0.044,0.000361,0.147,0.339,134.955,4,afrobeat,662383,2020-01-01 18:06,US
68jCHd8ltpjWwj0cDX2G1y,Jorge Drexler,Sea,Nada menos,30,220413,False,0.695,0.514,9,-9.933,1,0.0326,0.283,0.00019,0.116,0.439,132.065,4,afrobeat,953957,2020-01-01 18:07,MENA
793VAZ2ErvDgTgJmvlwRVW,El Hijo De La Cumbia,Freestyle de Ritmos,La Mara Tomaza,26,230635,False,0.598,0.929,7,-4.382,0,0.0629,0.0072,0.406,0.369,0.655,92.603,4,afrobeat,214834,2020-01-01 18:08,MENA
1sTIyJ58UqaMxjGllmkzx2,BaianaSystem,OXEAXEEXU,Tubarão,28,142333,False,0.738,0.925,0,-4.205,1,0.0429,0.0125,0.836,0.153,0.704,131.065,4,afrobeat,413110,2020-01-01 18:09,LATAM
7nTDFaGqZtkA0KDEays8vu,BaianaSystem;Bule Bule;Rapadura,OXEAXEEXU,Oxe,30,198213,False,0.765,0.912,7,-3.823,0,0.153,0.316,1.25e-06,0.0785,0.568,107.999,4,afrobeat,200963,2020-01-01 18:10,US
57ypE3GdN7ZLaZou7JAu9t,Jorge Drexler,Sea,Tamborero,29,264293,False,0.833,0.579,11,-9.205,0,0.101,0.451,0.294,0.152,0.819,94.008,4,afrobeat,181521,2020-01-01 18:11,US
6CdWVVb0fEm68YrJFHSOI2,Los Amigos Invisibles,El Paradise (Extended),Espérame (Extended Mix),31,337882,False,0.75,0.775,9,-7.086,1,0.0382,0.00914,0.0061,0.075,0.962,119.982,4,afrobeat,524746,2020-01-01 18:12,LATAM
7kM4yhMogdpiOZu0wL1UFy,BaianaSystem,BaianaSystem,Amerikha Expressa,28,179306,False,0.39,0.661,7,-9.916,0,0.0321,0.61,0.726,0.298,0.205,123.257,4,afrobeat,303335,2020-01-01 18:13,LATAM
0AJrAnMeFDG04VHuuvrC9Y,BaianaSystem,BaianaSystem,Jah Jah Revolta,30,321666,False,0.551,0.806,11,-8.328,0,0.0558,0.026,0.00122,0.0762,0.671,143.876,4,afrobeat,466441,2020-01-01 18:14,EU
6k0eY0m3EDzcV2tFSHGcnw,The Budos Band,The Budos Band II,King Cobra,28,220306,False,0.667,0.548,8,-4.813,1,0.0298,0.0181,0.739,0.206,0.823,104.668,4,afrobeat,494056,2020-01-01 18:15,EU
5jPPbInoWNDVOBCyKCvvec,BaianaSystem;Roberto Mendes,BaianaSystem,Nesse Mundo,30,222613,False,,0.521,2,-9.483,0,0.0325,0.638,0.0304,0.118,0.498,120.035,4,afrobeat,658830,2020-01-01 18:16,LATAM
4p6AGgNYuN2y5v7dTqDMu7,BaianaSystem;Claudia Manzo,OXEAXEEXU,Pachamama,29,158066,False,0.75,0.855,4,-4.441,0,0.0436,0.0789,0.00157,0.0851,0.879,150.03,3,afrobeat,951123,2020-01-01 18:17,APAC
6N4LDYOe8pjg7qF7Y89xnO,Samuca e a Selva;Criolo,Tudo Que Move É Sagrado,Cais,27,194777,False,0.714,0.431,10,-9.564,0,0.0327,0.781,0.00816,0.116,0.501,125.94,3,afrobeat,864448,2020-01-01 18:18,EU
0ZIsepDdpiFV9dGhIXyFau,The New Mastersounds;Spellbinder,Made for Pleasure,Fancy (feat. Spellbinder),30,358053,False,0.537,0.744,7,-7.267,1,0.0655,0.0896,0.337,0.202,0.826,153.109,4,afrobeat,440478,2020-01-01 18:19,LATAM
6QkjoJ4fgWczKVLkN3zsGR,Bixiga 70,Bixiga 70 (2011),Tema Di Malaika,27,247693,False,0.689,0.886,8,-8.548,0,0.0462,0.563,0.897,0.0744,0.884,107.983,4,afrobeat,393026,2020-01-01 18:20,EU
2TPCINjlzZ9Hbp0tCRQC2b,BaianaSystem,BaianaSystem,O Carnaval Quem É Que Faz?,29,263146,False,0.603,0.849,11,-8.917,0,0.0392,0.1,0.138,0.106,0.674,143.027,4,afrobeat,793695,2020-01-01 18:21,US
3A33sno00r6ooYuPjV8txe,BaianaSystem,OXEAXEEXU,Rádio África,28,198720,False,0.736,0.948,7,-5.486,1,0.0443,0.0586,0.694,0.854,0.848,130.013,4,afrobeat,211286,2020-01-01 18:22,APAC
5gqFvca45ESaMKJo40t19k,Jorge Drexler,Frontera,Princesa bacana,28,190000,False,0.718,0.428,5,-13.17,1,0.0307,0.676,0.00865,0.159,0.551,139.956,4,afrobeat,586428,2020-01-01 18:23,US
1vScxuyEa7X1HSP1HXLqZb,Jackie Mittoo,The Keyboard King at Studio One,Wall Street,29,434600,False,0.827,0.359,7,-12.863,1,0.0909,0.332,0.703,0.0911,0.684,135.421,4,afrobeat,480714,2020-01-01 18:24,US
6HuZyRmNgLkVALF4LS99TB,Plastilina Mosh,Juan Manuel,Human Disco Ball,28,214266,False,,0.99,11,-7.994,0,0.0455,0.000385,0.509,0.0305,0.921,125.026,4,afrobeat,264527,2020-01-01 18:25,MENA
1JF1nELbG0d3bxg7EPLGNQ,Los Amigos Invisibles,The New Sound of the Venezuelan Gozadera,Cachete a Cachete,30,287533,False,0.781,0.755,7,-7.015,1,0.0395,0.564,0.00267,0.126,0.597,118.168,4,afrobeat,654803,2020-01-01 18:26,EU
0CgaxyFnvXznq6GCM6XJeW,Criolo,Viva Tim Maia,Coroné Antonio Bento,28,202040,False,0.51,0.933,9,-4.89,1,0.18,0.0185,0.0,0.278,0.789,176.083,4,afrobeat,388660,2020-01-01 18:27,EU
51qhR6wqpb6Gm2PSOwBPCF,BaianaSystem,OXEAXEEXU,Corneteiro Luís,30,219826,False,0.764,0.857,9,-4.618,0,0.0323,0.289,0.0528,0.245,0.792,126.009,4,afrobeat,267038,2020-01-01 18:28,MENA
5Tjwl3oPSCD2o0nkAbiGW0,Jorge Drexler,Frontera,Aquellos tiempos,29,200026,False,0.552,0.499,2,-12.078,1,0.131,0.65,0.0685,0.117,0.665,131.952,4,afrobeat,687872,2020-01-01 18:29,LATAM
4bJ7tMJqfYmkKgCYzaaG4B,El Michels Affair,Enter The 37th Chamber,C.R.E.A.M.,55,174826,False,0.571,0.508,11,-8.118,0,0.0254,0.532,0.951,0.161,0.102,96.825,4,afrobeat,256778,2020-01-01 18:30,EU
4icYKOgfJLxp44GNWEZqyJ,Limoblaze;Moses Bliss,Grateful,Grateful,45,224634,False,0.729,0.866,9,-5.656,1,0.193,0.267,0.0,0.146,0.711,131.913,4,afrobeat,705567,2020-01-01 18:31,LATAM
5QbdIj9omsOxwpkZXGWDTU,CalledOut Music,Shout to the Lord,Shout to the Lord,38,158000,False,0.599,0.499,11,-14.386,1,0.196,0.105,0.0,0.0986,0.765,159.915,4,afrobeat,245884,2020-01-01 18:32,LATAM
38hOrmc7D0YqWZ2QYdxgK2,Limoblaze;Emandiong,Desire,Desire,49,204521,False,0.699,0.858,11,-6.603,0,0.089,0.0332,0.000204,0.0978,0.432,115.113,4,afrobeat,491283,2020-01-01 18:33,US
1gP3o6z0DgtdcOzffesabd,TJ Cream,The Vibe,The Vibe,26,163500,False,0.827,0.604,8,-8.976,0,0.244,0.643,1.86e-05,0.163,0.766,140.923,4,afrobeat,827192,2020-01-01 18:34,LATAM
5wzXA6J543VYmrDVrFN6Bg,Caê,O Caçador e a Flecha,O Caçador e a Flecha,25,211850,False,0.795,0.598,0,-7.021,1,0.0329,0.312,0.00807,0.0552,0.883,108.992,4,afrobeat,305780,2020-01-01 18:35,APAC
0iEmk7H1cg3eiwVckWHsSe,Afrocidade,Vivão,LadoB,25,180000,False,0.655,0.774,9,-5.295,0,0.171,0.0283,0.00235,0.0651,0.462,192.004,4,afrobeat,790864,2020-01-01 18:36,US
1d27EOdOzpEGWWT59hf1xm,Jor'dan Armstrong,YOU,YOU,27,188133,False,0.701,0.718,2,-5.677,1,0.0301,0.00647,0.0,0.173,0.608,93.028,4,afrobeat,749715,2020-01-01 18:37,MENA
5gzOvdhMvQnNl5a8NlZLs7,BaianaSystem,BaianaSystem,BembaDub,26,168560,False,0.353,0.721,6,-6.3,0,0.129,0.0643,0.344,0.112,0.652,170.026,3,afrobeat,912390,2020-01-01 18:38,LATAM
4VuK5i4dgHvc80zBMCcty0,Criolo,Espiral de Ilusão - Deluxe Edition,Dilúvio de Solidão,24,158040,False,0.73,0.646,9,-6.751,1,0.0345,0.669,0.00171,0.0866,0.938,98.012,4,afrobeat,251985,2020-01-01 18:39,MENA
2KCyx1wmIdWUwJPM7LItHS,Sarah Téibo;Sigag Lauren;Paola Carla,Belongs to You (EDM Remix),Belongs to You - EDM Remix,26,187500,False,0.746,0.828,0,-6.568,1,0.0409,0.113,0.0028,0.0635,0.31,104.974,4,afrobeat,743604,2020-01-01 18:40,EU
5uz0SWG61f8sK3YG37AuuU,Timoneki;Silvana Estrada,Vida,Mi Gente,25,237613,False,0.498,0.695,4,-6.89,0,0.0335,0.055,9.9e-06,0.126,0.59,175.815,4,afrobeat,943001,2020-01-01 18:41,US
2v7OzJaNF7ZCXrbnsYonGw,Jorge Drexler,Llueve,No pienses de más,27,190000,False,0.706,0.608,0,-8.304,1,0.031,0.227,4.36e-05,0.112,0.215,120.407,4,afrobeat,786716,2020-01-01 18:42,APAC
4DLl7PmnqhrYN6hDRO9Whu,Jorge Drexler,Codo Con Codo,Codo Con Codo,27,105438,False,0.667,0.218,4,-10.563,0,0.0351,0.941,1.45e-06,0.191,0.224,113.842,4,afrobeat,269113,2020-01-01 18:43,MENA
0ef9BxWhaAOvzqsDuDLp2a,Becca Folkes;Happi,12 Rounds (feat. Happi),12 Rounds (feat. Happi),25,166373,False,0.725,0.611,4,-7.218,0,0.128,0.086,0.0,0.504,0.415,101.012,4,afrobeat,839944,2020-01-01 18:44,US
6DU07zLVPOlPqqybYpQZDn,La Misa Negra,La Misa Negra,Dueña de Mi,25,183213,False,0.587,0.686,9,-5.113,0,0.122,0.00428,0.00705,0.0428,0.71,183.938,4,afrobeat,196581,2020-01-01 18:45,MENA
01ioXCMkGpxuKrdEO3TSob,Jor'dan Armstrong,GRACE,GRACE,27,255761,False,0.681,0.579,2,-6.141,0,0.0434,0.212,0.0,0.333,0.588,120.037,4,afrobeat,629959,2020-01-01 18:46,EU
0lG2LQ2t8sUXzVef5SYjEj,Thiago França,A Espetacular Charanga do França,Cumbia Cumbia,25,207307,False,0.893,0.728,5,-7.742,0,0.0893,0.327,0.000288,0.041,0.924,94.067,4,afrobeat,547882,2020-01-01 18:47,LATAM
2Fc99kfkQ1S2RilXcd6xIU,Money Chicha,Echo en Mexico,Quieren Efectos,24,167217,False,0.553,0.773,5,-6.446,1,0.0343,0.173,0.865,0.185,,96.617,4,afrobeat,577970,2020-01-01 18:48,US
3x048ys8VRKBAe4JHvi8kU,Criolo,Espiral de Ilusão - Deluxe Edition,Lá Vem Você,26,220320,False,0.784,0.597,2,-6.307,1,0.068,0.685,0.000273,0.11,0.961,81.984,4,afrobeat,567594,2020-01-01 18:49,LATAM
7bm92XIVukRUY8O3xEhWfX,Breakestra,Hit the Floor,Show & Prove,26,177453,False,0.668,0.874,7,-2.771,1,0.0731,0.587,0.0,0.109,0.836,107.346,4,afrobeat,128328,2020-01-01 18:50,MENA
4cFyYjAGsKwcAoo6V8EIAr,Metá Metá,MetaL MetaL,Tristeza Não,27,134008,False,0.719,0.202,11,-9.86,0,0.0593,0.819,0.000266,0.0692,0.806,75.073,4,afrobeat,557373,2020-01-01 18:51,APAC
0nMwIoIr5VdUiEeEPMWQ2Y,Criolo,Espiral de Ilusão - Deluxe Edition,Nas Águas,24,235560,False,0.756,0.652,5,-5.466,1,0.0501,0.742,8.49e-06,0.079,0.697,115.83,4,afrobeat,943069,2020-01-01 18:52,APAC
5v9NU6mZ8sbEUXcyEZeZlw,Criolo,Espiral de Ilusão - Deluxe Edition,Menino Mimado,25,227640,False,0.827,0.603,0,-5.248,0,0.0354,0.552,0.000798,0.214,0.83,144.001,4,afrobeat,493000,2020-01-01 18:53,US
5w7iYWCPAuf9CYfD9LkGJH,Africania,Ori,Oxalá Babá,26,193893,False,0.893,0.671,11,-8.777,1,0.0619,0.646,0.2,0.117,0.933,99.998,4,afrobeat,349221,2020-01-01 18:54,MENA
60nIzfXKC0Ej75nlXfYx9V,Samuca e a Selva,Ditados Populares Dançantes,Vem,24,73293,False,0.596,0.358,1,-13.075,1,0.0366,0.221,0.00233,0.19,0.606,81.112,3,afrobeat,995332,2020-01-01 18:55,LATAM
6WSzh5vVCF5CGg3Qr4ax2e,Jorge Drexler,Cara B,Gracias - Cara B,26,228413,False,0.707,0.283,2,-16.795,1,0.0652,0.848,0.00054,0.339,0.796,79.771,4,afrobeat,189093,2020-01-01 18:56,APAC
1z38CbWAVCe8mJ9r4uWTAa,Jorge Drexler,Sea,Durante,27,197506,False,0.608,0.706,1,-10.1,1,0.138,0.00226,0.000728,0.329,0.504,177.914,4,afrobeat,537652,2020-01-01 18:57,APAC
4PYtKS83Cg2UZa6rKrePyT,Los Amigos Invisibles,Dame el Mambo,Dame el Mambo,28,268580,False,0.738,0.868,2,-5.411,1,0.061,0.00763,0.0638,0.0844,0.802,119.988,4,afrobeat,561337,2020-01-01 18:58,APAC
4l5OJLb3AsvfEyeAYAJHpe,Juanafé,La Makinita,Venga Mi Vida,26,311453,False,0.698,0.542,9,-5.923,0,0.0276,0.639,0.000261,0.104,0.724,88.058,4,afrobeat,530151,2020-01-01 18:59,APAC
3jDxMQEuQvVjCuTdvcD6qO,Afrocidade,Afrocidade na Pista,Eu Vou no Gueto,26,234626,False,0.762,0.902,9,-4.341,0,0.0507,0.0256,3.93e-05,0.198,0.882,133.984,4,afrobeat,929552,2020-01-01 19:00,LATAM
4uvbpWSO8tnJFWwDCimjmU,Los Amigos Invisibles;Superthriller,Cool Love,Give us your money (feat. Superthriller),27,258104,True,0.776,0.793,7,-7.276,1,0.16,0.0702,7.82e-06,0.288,0.771,112.003,4,afrobeat,479589,2020-01-01 19:01,APAC
4KoSQS6Bs9ZjgkdvR7UFJM,Los Amigos Invisibles,Super Pop Venezuela,No Es Fácil Amar,29,249520,False,0.732,,4,-7.509,0,0.0453,0.0707,0.00598,0.204,0.79,117.893,4,afrobeat,975970,2020-01-01 19:02,MENA
5o0ehnApshT6XmXu3tT2OJ,Abayomy Afrobeat Orquestra,Abra Sua Cabeça,Abra Sua Cabeça,25,387165,False,0.695,0.895,1,-8.202,1,0.048,0.116,0.734,0.311,0.962,120.069,4,afrobeat,160143,2020-01-01 19:03,US
0T5qABWOBtr9qbTTx54PSG,Jorge Drexler,Frontera,Corazón de cristal,27,253293,False,0.686,0.212,7,-16.961,1,0.0495,0.791,5.73e-05,0.288,0.189,134.12,4,afrobeat,760541,2020-01-01 19:04,LATAM
31ao406OGaNbH3p8KydsV6,Calle 13,Los De Atrás Vienen Conmigo,Intro Crónica De Un Nacimiento,27,95733,True,0.443,0.453,8,-9.763,0,0.12,0.532,0.0,0.167,0.477,93.877,1,afrobeat,633660,2020-01-01 19:05,EU
47zhPBoQaIgrDlRTZn3e8Z,Los Amigos Invisibles,El Paradise,Viajero Frecuente del Amor,28,252106,False,0.609,0.92,5,-4.989,0,0.034,0.00647,0.143,0.194,0.661,133.924,4,afrobeat,316491,2020-01-01 19:06,US
0aRBk8abP2vA3wl7GV74SA,Newen Afrobeat,Curiche,Open Your Eyes,25,479053,False,0.802,0.702,5,-7.722,0,0.0525,0.229,0.581,0.173,0.855,113.073,4,afrobeat,305170,2020-01-01 19:07,APAC
3n4xOoTgs35OjmOnCDj1VX,The Budos Band,Burnt Offering,Magus Mountain,27,319026,False,0.486,0.803,7,-6.157,1,0.0363,7.89e-05,0.854,0.222,0.253,105.904,4,afrobeat,747711,2020-01-01 19:08,APAC
7yEfhrMbfp8XNUrBFM7660,BaianaSystem;Bule Bule,OXEAXEEXU,Vixe,26,66706,False,0.474,0.625,0,-6.241,1,0.0443,0.87,0.00138,0.237,0.553,108.396,4,afrobeat,673847,2020-01-01 19:09,US
1Ob6GLRM0pdmW6Nl8hnGNj,BaianaSystem;Tonho Matéria,OXEAXEEXU,Catraca,28,126120,False,0.742,0.939,7,-4.784,1,0.106,0.363,0.00604,0.157,,154.955,4,afrobeat,650052,2020-01-01 19:10,LATAM
4UI3qMUacIIev18bDTyRRR,BaianaSystem;Claudia Manzo,OXEAXEEXU,Capucha,28,174680,False,0.736,0.938,2,-4.176,1,0.156,0.168,5.29e-05,0.215,0.561,104.981,4,afrobeat,145750,2020-01-01 19:11,MENA
0ZmZP6aTs04W4GhXygWsXJ,Plastilina Mosh,Aquamosh,I´ve Got That Milton Pacheco Kinda Feeling - Melancolic Mix,28,262480,False,0.555,0.665,3,-10.47,0,0.0622,0.0352,0.596,0.116,0.399,178.064,4,afrobeat,638094,2020-01-01 19:12,EU
39xIDaeOVTKlUpSAwaG5Jr,Plastilina Mosh,Aquamosh,Monster Truck,28,258160,False,0.583,0.932,4,-7.734,0,0.0762,0.00208,0.0119,0.0674,0.492,96.899,4,afrobeat,983247,2020-01-01 19:13,EU
5qSIn5VR4Yp1xcb7krEJQy,BaianaSystem;Céu,OXEAXEEXU,O Que Não Me Destrói Me Fortalece,27,232773,False,0.737,0.571,11,-6.756,0,0.0303,0.0585,0.000707,0.126,0.655,119.054,4,afrobeat,115590,2020-01-01 19:14,US
16PU73LgqfTxxwqTmSp6Ch,Jorge Drexler,Frontera,Camino a La Paloma,25,175866,False,,0.243,9,-15.168,1,0.0596,0.64,0.00204,0.0823,0.714,166.027,3,afrobeat,522104,2020-01-01 19:15,APAC
05B4ROjViZEHFGATQzPQJI,Jorge Drexler,Frontera,Madre Tierra,26,210266,False,0.594,0.305,7,-12.028,1,0.0482,0.718,0.0231,0.108,0.694,166.7,4,afrobeat,544939,2020-01-01 19:16,US
2hUuLfZEqlAGqlp5aWmcaU,Jackie Mittoo,The Keyboard King at Studio One,Killer Diller,27,167493,False,0.591,0.748,5,-7.136,1,0.0292,0.0679,0.837,0.286,0.961,127.636,4,afrobeat,907078,2020-01-01 19:17,MENA
7cn8UphRWOPeGn4hxMvY0X,Los Amigos Invisibles,Repeat After Me,Invisible Love,29,274346,False,0.731,,11,-6.612,0,0.0305,0.0136,0.0301,0.09,0.962,125.98,4,afrobeat,354561,2020-01-01 19:18,MENA
2Pu5TsQ90hDVUZmuNDnzJc,Prinx Emmanuel;Grace Lokwa,Kumama Papa (Tiktok refix version),Kumama Papa - Tiktok refix version,44,124840,False,0.631,0.502,5,-10.195,1,0.242,0.835,3.75e-05,0.155,0.776,156.183,4,afrobeat,528004,2020-01-01 19:19,LATAM
4TbIOAb7FfbhHi2glq0EwA,Cymande,Cymande,Dove,48,655440,False,0.439,0.475,6,-12.559,0,0.0361,0.449,0.253,0.0903,0.428,111.717,4,afrobeat,745472,2020-01-01 19:20,US
1bZH8L8V2m454tdcSPEIl7,Menahan Street Band,Make the Road By Walking,The Traitor,55,162266,False,0.628,0.585,3,-8.036,0,0.0421,0.147,0.927,0.0465,0.618,100.95,4,afrobeat,154297,2020-01-01 19:21,EU
7DFA3k0QQtvAkItuNAwKh4,Monophonics;Kelly Finnigan,It's Only Us,Last One Standing,53,436840,False,0.588,0.576,6,-6.945,0,0.0367,0.218,0.0357,0.172,0.66,129.155,4,afrobeat,820979,2020-01-01 19:22,MENA
1ZrUkIAnUCZB7vlXxzrLrK,Jorge Drexler,Llueve,Tu piel,24,203000,False,0.868,0.367,5,-13.304,0,0.039,0.303,0.0066,0.0895,0.522,130.038,4,afrobeat,839991,2020-01-01 19:23,MENA
7sJh1Fj7dcuHnHSqL8FHf3,Amplexos;Digitaldubs;Leão Etíope do Méier;Lenine,Segura,Segura,23,238293,False,0.538,0.533,0,-12.113,1,0.0518,0.0184,0.0133,0.109,0.365,74.973,4,afrobeat,747681,2020-01-01 19:24,LATAM
6jiEHXIHZa65gPnkKHPGGE,Criolo,Espiral de Ilusão - Deluxe Edition,Espiral de Ilusão,24,220800,False,0.772,0.33,2,-9.51,1,0.0342,0.886,0.001,0.136,0.472,124.041,4,afrobeat,683364,2020-01-01 19:25,LATAM
41Bh60o6KY7dakdwBoIfUM,Jor'dan Armstrong,Tomorrow,Tomorrow,24,237584,False,0.547,0.627,10,-7.311,0,0.0359,0.0513,0.00145,0.112,0.615,174.967,4,afrobeat,772849,2020-01-01 19:26,APAC
7EytAw7jpuHSPDoro79Rc0,Breakestra;Choklate,Stand up,Take My Time,25,300973,False,0.641,0.884,7,-5.472,1,0.0602,0.0567,0.0,0.0219,,104.962,4,afrobeat,803580,2020-01-01 19:27,APAC
0QOkTTHHu298cUM38FZTd8,Jor'dan Armstrong,SHE,SHE,25,224000,False,0.704,0.692,11,-6.2,0,0.186,0.223,0.0,0.0796,0.614,92.527,4,afrobeat,913054,2020-01-01 19:28,EU
5IDX3criNsV6KTvV5gTfa9,Jorge Drexler,Vaivén,Vaivén,25,175026,False,0.561,0.346,6,15.562,1,0.0555,0.701,0.0129,0.0922,0.775,345.551,4,afrobeat,485352,2020-01-01 19:29,APAC
2JiDOs6xcdRVkMVtssm7NM,QUITAPENAS,QUITAPENAS,Papaya,22,201116,False,0.568,0.901,2,-5.337,1,0.0983,0.0894,0.000215,0.184,0.745,78.567,4,afrobeat,510450,2020-01-01 19:30,MENA
6wuKQTG5bX38pDnOQODK3M,Morbo y Mambo,Noches de Morbo Vol. 1,Rogers Nelson,25,322700,False,,0.536,4,-8.362,0,0.0465,0.115,0.692,0.179,0.845,83.986,4,afrobeat,674142,2020-01-01 19:31,APAC
1VO8xVwfozbNKhsaZlOEhe,Los Amigos Invisibles,Cool Love,Cool Love 3,25,37702,False,0.549,0.489,4,-13.621,0,0.0458,0.35,0.926,0.122,0.648,77.593,1,afrobeat,273780,2020-01-01 19:32,LATAM
6qZA2WW7WaPQ6fk3QT0dcw,Calle 13,Los De Atrás Vienen Conmigo,Esto Con Eso,25,250080,True,0.659,0.74,7,-6.524,1,0.198,0.108,0.0,0.115,0.91,190.001,4,afrobeat,870605,2020-01-01 19:33,LATAM
6nOG7P1UzG9vqhBtB9Bdab,The Bongo Hop;Dafuniks,The Red Hill,The Red Hill,24,166866,False,0.776,0.788,1,-7.785,1,0.18,0.0732,0.0578,0.0773,0.871,99.91,4,afrobeat,793461,2020-01-01 19:34,US
4FYOLa4OMokaDwZCUVXZvz,La Cumbia Chicharra;Emilie Rambaud,Hijo de Tigre,Mapalé,23,261240,False,0.595,0.633,1,-9.633,1,0.165,0.0172,0.209,0.0911,0.888,146.919,4,afrobeat,667958,2020-01-01 19:35,APAC
2oWex6rYoQ7Bl2D9zG8d3F,Fela Kuti,The Best of the Black President,Water No Get Enemy,48,591693,False,0.641,0.926,10,-7.718,0,0.0572,0.11,0.0246,0.09,0.883,90.934,4,afrobeat,371485,2020-01-01 19:36,US
3ObBmm3X92aff7Dct4drkj,Cymande,Promised Heights,Brothers On The Slide,56,251400,False,0.815,0.602,7,-10.192,0,0.196,0.3,0.00548,0.0737,0.805,109.704,4,afrobeat,412905,2020-01-01 19:37,US
2inOdpcpLUNsxeKaCbCg1r,Jor'dan Armstrong,Blsd (Deluxe),Clout,25,217674,False,0.699,0.62,7,-4.885,1,0.185,0.0887,0.0,0.17,0.311,158.04,4,afrobeat,491476,2020-01-01 19:38,US
4THV8iU0E5bW9uPLjDVWSC,Los Amigos Invisibles,Arepa 3000,Llegaste Tarde,26,416040,False,0.49,,5,-7.138,1,0.0684,0.799,0.0558,0.131,0.854,102.572,4,afrobeat,696275,2020-01-01 19:39,US
0rfLENWpXJIDhnqOF2IIOM,Calle 13,Los De Atrás Vienen Conmigo,Tal Para Cual,27,227826,True,0.726,0.871,4,-4.826,0,0.111,0.0714,7.87e-06,0.157,0.773,175.999,4,afrobeat,800230,2020-01-01 19:40,US
2NVK1qY94RNPBEururiknk,Orgone,The Killion Floor,Duck and Cover,25,169800,False,0.786,0.729,11,-8.323,0,0.0425,0.0484,0.844,0.151,0.907,100.995,4,afrobeat,704668,2020-01-01 19:41,EU
4alWdQ3c2rd0NuIwZ3nF5M,Jorge Drexler,Una cancion me trajo hasta aqui,Una canción me trajo hasta aquí,26,198773,False,0.669,0.843,0,-5.726,1,0.03,0.0641,0.000297,0.109,0.842,131.461,4,afrobeat,936938,2020-01-01 19:42,APAC
0pf5z9FfyTiAe8VBI6hmuU,La Misa Negra,Misa de Medianoche,Cumbia Milagrosa,23,203646,False,0.525,0.424,9,-9.356,0,0.101,0.00552,0.0044,0.062,0.631,203.01,4,afrobeat,964527,2020-01-01 19:43,LATAM
7JxdbxzHJZLP9kBtUNuwKt,Afrocidade,Vivão,Direto de Camaçacity,25,173071,False,0.821,0.779,10,-4.283,0,0.113,0.0976,0.0,0.0659,0.464,105.003,4,afrobeat,734414,2020-01-01 19:44,MENA
1o2QdOWqHDLt6Fv2pVfkNf,Samuca e a Selva,Ditados Populares Dançantes,Feitiço,24,262731,False,0.868,0.793,6,-3.828,1,0.0315,0.255,1.31e-06,0.0884,0.972,121.977,4,afrobeat,433820,2020-01-01 19:45,EU
1Y7JDqUVbaHRPsLJtSY8ie,Grupo Fantasma,Sonidos Gold,Arroz Con Frijoles,24,241520,False,0.382,0.931,6,-7.296,0,0.0591,0.137,0.649,0.0553,0.801,105.214,4,afrobeat,639161,2020-01-01 19:46,APAC
7bCFRx6rAl9nZpKMm0QAOs,Jorge Drexler,Cara B,Disneylandia - Cara B,25,285880,False,0.575,0.295,2,-19.252,0,0.204,0.877,0.000763,0.336,0.564,79.991,4,afrobeat,482573,2020-01-01 19:47,EU
2gDu2SBfDxy3s7eElrPs6Q,Calle 13,Los De Atrás Vienen Conmigo,Los De Atrás Vienen Conmigo,26,216093,True,0.641,0.66,2,-5.595,1,0.357,0.208,0.0,0.128,0.549,169.881,4,afrobeat,666186,2020-01-01 19:48,LATAM
7F9iD9cZBEQMZgeD9EuO4Z,Juanafé,Afrorumba Chilenera,El Volcán,25,174102,False,,0.897,2,-4.822,0,0.0635,0.432,0.0,0.15,0.839,96.891,3,afrobeat,830909,2020-01-01 19:49,LATAM
6ZKefbfRwoDdmiR1ktiM3g,The Budos Band,Burnt Offering,Black Hills,24,268333,False,0.44,0.728,5,-5.895,0,0.0348,0.00144,0.848,0.253,0.518,136.243,4,afrobeat,432398,2020-01-01 19:50,LATAM
04Y5KWj5JKfr4IaMoPlQP3,Samuca e a Selva,Feitiço,Feitiço,24,262425,False,0.869,0.797,6,-4.455,1,0.0318,0.414,0.0,0.0852,0.973,121.996,4,afrobeat,555185,2020-01-01 19:51,APAC
33j8pvz67cQFfKX6PshhXH,Juanafé;La Flor del Recuerdo,Mi Último Fracaso,Mi Último Fracaso,23,265086,False,0.457,0.332,0,-10.365,1,0.0356,0.791,8.22e-06,0.102,0.305,164.096,3,afrobeat,141072,2020-01-01 19:52,MENA
6m6huMZwZlXHORG96RIa8E,William Onyeabor,Atomic Bomb,Beautiful Baby,24,505973,False,0.852,0.442,11,-9.292,1,0.0403,0.446,0.228,0.0879,0.946,107.426,4,afrobeat,762915,2020-01-01 19:53,US
35Ocr7h38aa1erSPuyUUR9,Juanafé;Carmen Lienqueo,Parrilladas Vargas (Vol. II),Canto para Siempre,24,319077,False,0.43,0.829,4,-9.146,0,0.162,0.0845,0.0,0.112,0.445,141.277,3,afrobeat,540867,2020-01-01 19:54,MENA
48DWFHPOnkzvgyywwED5ZO,Los Amigos Invisibles,Commercial,Es la Verdad,26,305693,False,0.623,0.952,7,-7.348,1,0.0391,0.241,0.0113,0.121,0.714,108.004,4,afrobeat,513738,2020-01-01 19:55,EU
2YsFthSjFDrRepQTwQuVNW,Lack Of Afro;Wax;Herbal T,My Groove Your Move (Bonus Version),International,25,272466,False,0.659,0.736,11,-8.119,0,0.202,0.00473,0.0,0.239,0.63,96.971,4,afrobeat,579187,2020-01-01 19:56,US
1iNWWO3i1L4gpy7fZpdUwP,Mandrill,We Are One,Can You Get It,23,428853,False,0.854,0.928,0,-7.29,1,0.0621,0.152,0.0189,0.0481,0.782,122.487,4,afrobeat,293945,2020-01-01 19:57,US
34CpftIM0mTrUcBmjxN6uJ,Metá Metá,MetaL MetaL,Orunmilá,25,243617,False,0.623,0.66,5,-5.582,0,0.0546,0.405,1.68e-05,0.136,0.961,106.887,4,afrobeat,638170,2020-01-01 19:58,MENA
5KYjLjL8euKC7I1DhGS8nd,Samuca e a Selva;Illy,Ditados Populares Dançantes,Lambe-Lambe,23,205511,False,0.646,0.701,5,-6.938,0,0.0444,0.00283,0.00146,0.0414,0.944,172.055,4,afrobeat,770682,2020-01-01 19:59,EU
7p0h4RYJA700piwO1grdoz,Juanafé,Afrorumba Chilenera,Afrorumbachilenera,25,279376,False,0.588,0.745,9,-5.754,0,0.0886,0.515,0.0,0.179,0.432,95.071,4,afrobeat,414708,2020-01-01 20:00,US
08kI60xFWphU3ZYkHX00io,The New Mastersounds;Eddie Roberts;Lamar Williams Jr.,The Deplar Effect,Meet You In The Sunshine,26,364053,False,0.579,0.833,6,-9.369,0,0.0428,0.0785,0.165,0.221,0.732,95.838,4,afrobeat,218039,2020-01-01 20:01,LATAM
1KME77F9mu2RQS8vo6JVwa,BaianaSystem;Makavelli;Jay Mitta,OXEAXEEXU,Nauliza,26,220613,False,0.618,0.942,4,-4.511,0,0.13,0.0359,0.00416,0.247,0.736,170.005,4,afrobeat,448152,2020-01-01 20:02,MENA
7ikzBJC2N3h78r9Iu03aOG,Orquestra Brasileira de Música Jamaicana,Volume II,País Tropical,24,209066,False,0.816,0.77,5,-5.94,1,0.032,0.61,0.948,0.323,0.964,127.971,4,afrobeat,278725,2020-01-01 20:03,LATAM
1EcDq6wqhhQSdEfVK4mTjH,Plastilina Mosh,Aquamosh,Banano´s Bar,27,348826,False,0.605,0.842,1,-9.482,1,0.0553,0.0133,0.664,0.341,,116.151,4,afrobeat,436544,2020-01-01 20:04,MENA
3JhHQXwYAoG2ks4F6FQ6FB,Los Amigos Invisibles;Kinky,El Paradise,Anestesiada (feat. Kinky),26,224586,False,,0.951,4,-3.983,0,0.0436,0.0149,0.329,0.0833,0.932,116.001,4,afrobeat,664141,2020-01-01 20:05,APAC
1z8eYOOd1fjxbubkDd8Z9a,Jorge Drexler,Frontera,Memoria del cuero,25,304440,False,0.674,0.869,2,-9.837,1,0.0398,0.374,0.154,0.089,,117.999,4,afrobeat,202055,2020-01-01 20:06,APAC
4vZdynsnbBJh8WtLmo6wJa,Los Amigos Invisibles;Los Auténticos Decadentes,El Paradise,Aquí Nadie Esta Sano (feat. Los Auténticos Decadentes),27,226613,False,0.768,0.91,7,-2.398,1,0.0343,0.015,0.000121,0.143,0.96,123.023,4,afrobeat,772542,2020-01-01 20:07,APAC
6Pg4rb8siscryBP7et3wbX,BaianaSystem;Tropkillaz,Saci (Remix),Saci (Remix),42,183779,False,0.974,0.922,11,-3.983,0,0.174,0.0974,1.08e-06,0.0978,0.657,127.989,4,afrobeat,302152,2020-01-01 20:08,EU
3kNVYo6BJE9AENxzokM9YC,Calle 13,Entren Los Que Quieran,Muerte En Hawaii,71,189866,False,0.675,0.588,3,-7.168,1,0.177,0.789,0.0,0.95,0.879,79.989,4,afrobeat,905218,2020-01-01 20:09,LATAM
1Wb09hTo6O41UzdOq7Pd2i,The Bamboos,Hard Up (Deluxe Version),Hard Up,12,255227,False,0.782,0.922,11,-4.028,0,0.0497,0.00655,0.0118,0.0728,0.761,104.015,4,afrobeat,759198,2020-01-01 20:10,LATAM
5G2pbqhXrpVbGOYoWaz04J,Kutiman;Doctor Flake,Maasai (Doctor Flake Remix),Maasai - Doctor Flake Remix,43,470837,False,0.648,0.874,6,-5.851,0,0.0342,0.0104,0.932,0.107,0.339,101.994,4,afrobeat,345327,2020-01-01 20:11,US
1ETZhP9orTkDclKEyt0xqm,William Onyeabor,World Psychedelic Classics 5: Who Is William Onyeabor?,Fantastic Man,45,386160,False,0.7,0.756,2,-10.714,1,0.0575,0.00182,0.711,0.0575,0.944,114.28,4,afrobeat,606904,2020-01-01 20:12,EU
5nqd51nD2UACz5JQ83v878,Menahan Street Band;Saundra Williams,There's a New Day Coming / Tommy Don't,There's a New Day Coming,55,143120,False,0.382,0.507,2,-8.179,1,0.0323,0.787,0.0124,0.235,0.494,135.787,4,afrobeat,199651,2020-01-01 20:13,EU
7qUQGYIqnT3aySe3apNgUD,TJ Cream;Ozoro,Hard Talk,Sticks & Stones,23,159008,False,0.678,0.634,5,-6.606,0,0.274,0.656,0.0,0.31,,159.682,4,afrobeat,189765,2020-01-01 20:14,APAC
21s0bjVrP7RtQskeUKZxOu,Manu Dibango,Manu Dibango Anthology,Soul Makossa,49,264306,False,0.831,0.835,0,-3.768,1,0.142,0.128,0.00227,0.134,0.8,114.997,4,afrobeat,960441,2020-01-01 20:15,APAC
6NwRFywhc7oCdQjhsnNQmD,Thiago França,A Espetacular Charanga do França,Raggaxixe,23,146813,False,0.72,0.73,5,-6.385,0,0.0814,0.28,0.276,0.0392,0.773,93.414,4,afrobeat,822187,2020-01-01 20:16,US
1tSSc111CwyzxWmmIxyXRS,Sarah Téibo,Keep Walking,Lead the Way,22,240680,False,0.729,0.807,7,-5.803,1,0.0916,0.117,2.93e-05,0.072,0.488,98.969,4,afrobeat,238980,2020-01-01 20:17,APAC
2W8emJ02IeqnxsEHPHFWCZ,Thiago França,Na Gafieira,Um samba pra John Coltrane,23,100146,False,0.701,0.715,10,-7.829,0,0.0451,0.313,0.958,0.0418,0.774,139.733,4,afrobeat,354420,2020-01-01 20:18,APAC
2Ou1qva1FClzi7aMf5RQ6q,Nathanael,Chances,24/7,23,173871,False,0.337,0.623,6,-5.735,0,0.182,0.162,0.0,0.0817,0.461,56.499,5,afrobeat,277900,2020-01-01 20:19,MENA
5KdslOc1HHIL0IvV8SuI1o,Voilaaa;Pat Kalla,Des Promesses,Pour la vie,22,286876,False,0.863,0.687,2,-9.997,1,0.16,0.0575,6.84e-05,0.0472,0.77,133.901,4,afrobeat,455644,2020-01-01 20:20,MENA
2PZ0HBnevHMlXuWiH6uMyc,Big Ty;Markis,Le king m'a validé,Le king m'a validé,22,237599,False,0.662,0.93,6,-7.483,1,0.0378,0.176,0.0,0.112,0.954,125.014,4,afrobeat,362196,2020-01-01 20:21,MENA
3HgPOHHJWnMfv1Zw27Jh2V,The Poets Of Rhythm,Practice What You Preach,More Mess on My Thing,57,252000,False,0.542,0.869,0,-6.18,1,0.0954,0.225,0.891,0.0453,0.962,190.509,4,afrobeat,395256,2020-01-01 20:22,EU
0fxjsll9jmmRgMFbwdp4Xg,Mulatu Astatke,New York - Addis - London: The Story of Ethio Jazz 1965-1975,Yègellé Tezeta,51,194293,False,0.839,0.233,3,-13.539,1,0.0413,0.745,0.747,0.105,0.777,125.597,4,afrobeat,576451,2020-01-01 20:23,APAC
0mv4wsluGcvNmoB0UonpX9,Timoneki,Timoneki,Mictlán,23,276970,False,0.518,,0,13.715,1,0.045,0.112,0.162,0.191,0.683,323.444,3,afrobeat,270148,2020-01-01 20:24,US
0EKNvyq6JQXvaslzqnjZQf,Sarah Téibo;Fred Hammond,Keep Walking,Like a Child - Remix,23,186648,False,0.711,0.811,2,-5.59,1,0.127,0.122,7.09e-06,0.0775,0.417,100.065,4,afrobeat,894542,2020-01-01 20:25,LATAM
709RFIOjtGsMZ2ULy2OaM4,Morbo y Mambo;Andres Nusser,Muta,Plan de Vuelo,22,211500,False,0.647,0.688,11,-8.47,1,0.0308,0.0145,0.077,0.0998,0.395,123.996,4,afrobeat,754885,2020-01-01 20:26,APAC
6PnGujnRXNLYNkncUjlx32,Voilaaa;Hawa;Fouley Badiaga,On te l'avait dit,Vampires,21,301259,False,0.879,0.731,1,-9.609,1,0.0715,0.0584,0.455,0.0595,0.945,119.997,4,afrobeat,784490,2020-01-01 20:27,APAC
2hNvVIN88wlihfnm8Wbk5h,Los Amigos Invisibles,Arepa 3000,Si Estuvieras Aquí,25,251413,False,0.693,0.569,9,-9.466,0,0.0303,0.62,0.857,0.157,,130.011,4,afrobeat,252529,2020-01-01 20:28,LATAM
5e0gqHWLLKQgPcqXMuTeWH,Afrocidade,Vivão,Vivão (vinheta),22,69942,False,0.483,0.887,0,-8.489,0,0.924,0.977,0.000231,0.292,0.613,74.325,4,afrobeat,737341,2020-01-01 20:29,MENA
1r7ACDef4LjHS46dkS4Ufb,QUITAPENAS,QUITAPENAS,Guayabo,21,181655,False,0.589,0.827,5,-6.01,1,0.0337,0.0239,0.154,0.174,0.911,117.74,4,afrobeat,852619,2020-01-01 20:30,EU
1VJi7PtheTX2oJYIJZ7bWD,Son Palenque;Cerrero;El León Pardo,Adiós Batata (Cerrero Dub Mix),Adiós Batata - Cerrero Dub Mix,24,407295,False,0.625,0.703,9,-5.571,0,0.132,0.172,0.00493,0.174,0.487,114.113,4,afrobeat,257662,2020-01-01 20:31,EU
6pCS36MJgtQzD18Cwf2Yk6,The Bamboos;Washington,The Best of the Tru Thoughts Years,The Wilhelm Scream,23,268040,False,0.566,0.621,7,-5.62,1,0.0263,0.00773,0.0323,0.257,0.402,150.033,4,afrobeat,776149,2020-01-01 20:32,EU
0ut6MoPysgNdUVwaHBFk6h,Ikebe Shakedown,Ikebe Shakedown,Tujunga,22,201013,False,0.683,0.83,5,-5.994,0,0.0504,0.54,0.629,0.0595,0.883,127.237,4,afrobeat,421914,2020-01-01 20:33,MENA
03SLq7KvMQuOMl3sTeN2Kj,Nosa,We Mauve,Why You Love Me,0,216071,False,0.503,0.886,2,-5.085,1,0.101,0.0251,8.98e-05,0.304,0.587,133.931,4,afrobeat,808820,2020-01-01 20:34,LATAM
3wHSqWvBuGUXCiuQFUbdCo,The Mighty Imperials,Thunder Chicken,Cold Sweat,23,321160,False,0.537,0.619,7,-11.404,1,0.0339,0.101,0.887,0.582,0.897,119.222,4,afrobeat,530563,2020-01-01 20:35,LATAM
5aqzJkElPJ4mN16RGnn4bK,The Poets Of Rhythm,Discern / Define,Ham Gallery,23,201400,False,0.781,0.848,7,-9.61,1,0.0898,0.0276,0.767,0.0472,0.641,109.49,4,afrobeat,821987,2020-01-01 20:36,APAC
23P8ZlzwSC9Fi9xIMUf4Qh,Jorge Drexler,Vaivén,Cerca del mar,23,222040,False,0.749,0.391,7,-16.177,1,0.0767,0.603,3.66e-06,0.116,0.351,96.035,4,afrobeat,232683,2020-01-01 20:37,LATAM
44S8xPZQGvIWonst1gAnWK,Metá Metá,MetaL MetaL,Oya,23,323291,False,0.44,0.742,4,-5.234,0,0.124,0.227,0.000159,0.399,0.368,129.169,3,afrobeat,450171,2020-01-01 20:38,LATAM
7rTJtWW8I6ntHDHWZBgMg2,Criolo,Espiral de Ilusão - Deluxe Edition,Hora da Decisão,22,248520,False,0.742,0.577,9,-6.253,0,0.0434,0.669,1.02e-06,0.117,0.704,144.011,4,afrobeat,346086,2020-01-01 20:39,EU
1oyII2Kl8GDxhYORT8sfhd,Criolo,Espiral de Ilusão - Deluxe Edition,Filha do Maneco,22,105360,False,0.666,0.528,0,-6.618,1,0.082,0.752,1.02e-05,0.0897,0.532,133.916,5,afrobeat,323527,2020-01-01 20:40,EU
48ZWGv53ypEjCtpAvbhECr,Voilaaa;Pat Kalla,Water No Get Enemy,Water No Get Enemy,22,302341,False,0.886,0.646,5,-11.349,0,0.0825,0.00475,0.0215,0.0615,0.936,125.007,4,afrobeat,377499,2020-01-01 20:41,MENA
2eU6yZOsTESuFQfl0T4zVf,Mandrill,Mandrill Is,Lord Of The Golden Baboon,23,214306,False,0.571,0.845,7,-6.674,1,0.0837,0.0484,0.734,0.139,0.586,128.627,4,afrobeat,444189,2020-01-01 20:42,LATAM
7ACrwbWJLys1l6U4zVgcem,Criolo,Espiral de Ilusão - Deluxe Edition,Calçada,22,206760,False,0.815,0.768,5,-5.136,1,0.091,0.731,0.0,0.0877,0.76,111.077,4,afrobeat,214548,2020-01-01 20:43,EU
13vgkc4kKqZi14NzDInzId,BaianaSystem,OXEAXEEXU,Barbatana,24,142226,False,0.558,0.778,0,-6.747,1,0.0304,0.000658,0.663,0.134,0.385,131.049,4,afrobeat,736373,2020-01-01 20:44,US
7CPcdd139C0dnItn6nJefB,Plastilina Mosh,Tasty + B Sides,Kinkinzazo,25,206093,True,0.688,0.948,1,-4.961,1,0.074,0.0334,0.0,0.307,0.957,126.703,4,afrobeat,595215,2020-01-01 20:45,US
6up6hWbjoTzoe7166rPHW2,Juanafé,Afrorumba Chilenera,Chinchín,23,237180,False,0.665,0.792,5,-4.255,0,0.0521,0.317,0.0,0.279,0.945,121.831,4,afrobeat,846341,2020-01-01 20:46,US
5TMgvUss7jcR3HSdMUP9Cf,Jorge Drexler,Cara B,Club Tonight - Cara B,23,271080,False,0.677,0.268,7,-20.8,1,0.22,0.817,0.152,0.694,0.62,151.64,4,afrobeat,734524,2020-01-01 20:47,US
2JR5HmL68bHLqfgj888rvB,Los Amigos Invisibles,Commercial,Plastic Woman,25,205520,False,0.875,0.684,0,-6.257,1,0.0607,0.0284,3.55e-05,0.206,0.926,115.031,4,afrobeat,234139,2020-01-01 20:48,APAC
6fPJR1tK21mcWrLqCQ3QVX,Orquestra Brasileira de Música Jamaicana,Obmjazz (Ao Vivo Na Casa De Francisca),Take 5 - Ao Vivo Na Casa De Francisca,23,431640,False,0.734,0.444,0,-10.782,0,0.0523,0.489,0.941,0.626,0.624,136.305,4,afrobeat,162938,2020-01-01 20:49,EU
49FKW4e2yUqbKkzncXjjIH,Abayomy Afrobeat Orquestra;Otto,Abra Sua Cabeça,Mundo Sem Memória,20,256000,False,0.697,0.878,9,-7.686,0,0.0601,0.0557,0.000552,0.0918,0.751,102.012,4,afrobeat,480527,2020-01-01 20:50,US
1uzzzHuooaIxnburo0DAk7,Wganda Kenya,Palenque Palenque: Champeta Criolla & Afro Roots in Colombia 1975-91,El Lobo,23,182493,False,0.528,0.862,8,-7.348,1,0.0349,0.182,0.000103,0.0421,0.844,110.192,4,afrobeat,533010,2020-01-01 20:51,LATAM
5tCA3clelWA6MYU1bucRVS,Samuca e a Selva,Madurar,Afobado Peito Altivo,22,361001,False,0.424,0.754,4,-6.66,0,0.0327,0.0799,1.27e-06,0.105,0.883,100.955,4,afrobeat,316224,2020-01-01 20:52,LATAM
0MCmqLitiJMIh3qhp8xnmv,BaianaSystem;Thiago França,OXEAXEEXU,Reza Frevo,22,96524,False,0.454,0.98,2,-7.526,0,0.382,0.0972,0.979,0.115,0.348,161.12,4,afrobeat,803989,2020-01-01 20:53,MENA
6WwuU2Qa5bDgmu9Y7H9NPK,BaianaSystem,OXEAXEEXU,Monopólio,25,197600,False,0.532,0.93,5,-5.064,1,0.0966,0.0136,0.000119,0.496,0.785,169.997,4,afrobeat,623423,2020-01-01 20:54,MENA
54sxsI1fcUJSAmKyty00r5,Mandrill,Le monde de demain (Bande originale de la série),Can You Get It,7,427160,False,0.858,0.912,0,-8.237,1,0.0622,0.173,0.0254,0.0448,0.798,122.496,4,afrobeat,773190,2020-01-01 20:55,US
3uLmiHycG0TVCoi5yVcXCX,Jorge Drexler,Frontera,El sur del sur,23,225933,False,0.695,0.385,2,-12.691,1,0.0309,0.509,0.0172,0.0709,0.26,120.149,4,afrobeat,198109,2020-01-01 20:56,LATAM
03UnPfDS0FvZzi0Z3I7yue,Limoblaze;Ada Ehi,Okay,Okay,40,155468,False,0.787,0.751,6,-5.288,1,0.0621,0.394,0.000193,0.11,0.834,105.003,4,afrobeat,833564,2020-01-01 20:57,EU
74ZV02rTNGS72yVMhuydmg,Osibisa,The Very Best Of,Dance the Body Music,27,229480,False,0.731,0.831,5,-7.615,0,0.0366,0.0132,0.000148,0.0338,0.973,120.919,4,afrobeat,285481,2020-01-01 20:58,APAC
3VDMcm2WqOQdNpzLqlbp9B,Nero X,Yawa Dey,Yawa Dey,38,260220,False,0.858,0.634,9,-5.085,1,0.0498,0.406,0.0,0.0697,0.824,105.018,4,afrobeat,503416,2020-01-01 20:59,EU
2xKrjhPVU1d5hYzfNY6Ltb,Ikebe Shakedown,The Beast / Road Song,Road Song,51,180226,False,0.63,0.735,2,-7.682,0,0.0346,0.464,0.8,0.0817,0.727,106.589,4,afrobeat,495433,2020-01-01 21:00,EU
5F9Dl7OW3NWFRzPl06cDep,Angeloh;S.O,I Do It,I Do It,21,255122,False,0.699,0.493,7,-8.809,1,0.227,0.0737,2.39e-05,0.0669,0.528,140.029,4,afrobeat,838500,2020-01-01 21:01,APAC
1FhP3mymDoN2hX5p57uTnu,Lijadu Sisters,Horizon Unlimited,Come on Home,45,318785,False,0.537,,7,-11.22,1,0.093,0.0684,0.00366,0.0753,0.914,93.849,4,afrobeat,349161,2020-01-01 21:02,EU
0504BmZ0EdVRO4faj6q0Yc,Ali Farka Touré;Toumani Diabaté,In the Heart of the Moon,Monsieur le Maire de Niafunké,12,238906,False,0.589,0.427,5,-13.527,1,0.0295,0.804,0.905,0.124,0.376,99.648,4,afrobeat,316677,2020-01-01 21:03,LATAM
7JPNvoMjoIXkTDAMx9Aajj,Mulatu Astatke,New York - Addis - London: The Story of Ethio Jazz 1965-1975,Tezeta,49,368539,False,0.549,0.254,10,24.834,1,0.0416,0.962,0.931,0.0994,0.541,310.361,3,afrobeat,405664,2020-01-01 21:04,EU
5pm9QJLqinadjJD5vXpn2q,Ali Farka Touré,Talking Timbuktu (with Ry Cooder),Soukora (with Ry Cooder),12,365173,False,0.431,0.328,3,-17.312,1,0.0327,0.503,0.00107,0.347,0.695,90.316,4,afrobeat,424729,2020-01-01 21:05,APAC
2bNGrM7eeo3k0OwYk92Z4I,Brownout,Homenage,Brown Wind and Fire,22,181520,False,0.594,0.614,0,-10.175,0,0.0553,0.00298,0.712,0.0739,0.825,159.94,4,afrobeat,263516,2020-01-01 21:06,APAC
4KRAPYoTgdQ6eJCU78F589,QUITAPENAS,QUITAPENAS,Valle Moreno,21,219768,False,0.534,0.847,6,-8.527,0,0.0842,0.316,0.436,0.101,0.852,119.205,3,afrobeat,258719,2020-01-01 21:07,LATAM
4n6CwGRWj7dRtDqmQCX4Pz,Jorge Drexler,Silencio,Silencio,21,207986,False,0.887,0.568,4,-10.146,0,0.194,0.263,0.00285,0.0951,0.127,127.923,4,afrobeat,308204,2020-01-01 21:08,MENA
3OGKGvLhd2rN04g2iaCXVs,Abayomy Afrobeat Orquestra;Orlando Julius,Adará,Adará,21,267091,False,0.613,0.9,5,-8.293,1,0.0507,0.00838,0.253,0.0641,0.664,121.032,4,afrobeat,520735,2020-01-01 21:09,LATAM
5bPliWzRQhKfmcyPZcUJc6,Jorge Drexler,Vaivén,Tu voyeur,22,266000,False,0.738,0.355,4,-15.786,0,0.0595,0.292,0.00155,0.256,0.705,154.019,4,afrobeat,409019,2020-01-01 21:10,EU
0nlqorVbqYB3haNKIAbajE,Speedometer,Happy,Happy,22,220000,False,0.59,0.613,10,-9.547,1,0.0347,0.394,0.277,0.361,0.868,147.171,4,afrobeat,452853,2020-01-01 21:11,EU
43368zd7iBhYvS721LOYDE,Caê,A Nave de Odé,Incompletos,21,232800,False,0.753,0.514,3,-8.159,1,0.055,0.474,0.00147,0.184,0.65,120.073,4,afrobeat,747149,2020-01-01 21:12,US
2vpOX57SegPaUM8R43Ye9D,Eddie Neblett,Influence of Worship,Influence of Worship,22,245708,False,0.536,0.702,0,-5.748,1,0.0679,0.2,0.0,0.147,0.711,82.83,4,afrobeat,316834,2020-01-01 21:13,US
6p7KEJStN2J1EpsT3hZVqH,Mandrill,Composite Truth,Hang Loose,22,288933,False,0.54,0.797,7,-10.777,0,0.0617,0.434,0.165,0.12,0.935,128.291,4,afrobeat,918902,2020-01-01 21:14,US
76b25LFdtraV3KpMTZSF0H,Voilaaa;Pat Kalla,Des Promesses,Tu n'as pas de voiture,21,275433,False,0.876,0.72,11,-9.916,0,0.102,0.032,0.000164,0.0431,0.901,132.984,4,afrobeat,776601,2020-01-01 21:15,US
1hH6gstgij0Noc7UnOynAf,OQuadro;Jorge Du Peixe,Preto Sem Açúcar,Asas,21,192000,False,0.723,0.636,10,-10.265,0,0.25,0.3,2.37e-05,0.144,0.813,79.958,4,afrobeat,257218,2020-01-01 21:16,LATAM
0I3e0YkxjcnNAWj32n6lHr,Menahan Street Band,The Crossing,Ivory and Blue - Reprise,22,65026,False,0.329,0.84,3,-9.316,0,0.0662,0.222,0.837,0.148,0.962,174.761,3,afrobeat,382461,2020-01-01 21:17,EU
1LmZaecYKj4THjxxA9Gs22,Afrocidade;Luedji Luna,Vivão,Lua Branca,21,240000,False,0.81,0.858,3,-3.704,0,0.0696,0.12,4.2e-05,0.0771,0.69,110.993,4,afrobeat,265196,2020-01-01 21:18,APAC
3H5rILNszBFSLKsE63RrEa,São Paulo Ska Jazz;Ken Stewart,Gringo,Adiós Nonino,22,224281,False,0.776,0.673,5,-6.067,0,0.0666,0.427,0.486,0.261,0.617,141.032,4,afrobeat,345523,2020-01-01 21:19,US
3KqYGGXVWqWP6e7wMhcWKj,Jorge Drexler,Llueve,La huella de tu mirada,23,212493,False,0.651,0.371,0,-8.62,1,0.0258,0.56,1.13e-05,0.112,0.589,78.718,4,afrobeat,428946,2020-01-01 21:20,APAC
2M9GSIPgimCDpUStz0yauA,Criolo,Nó na Orelha (Instrumental),Não Existe Amor em SP (Instrumental),20,282093,False,0.76,0.35,5,-9.481,0,0.0336,0.0263,0.868,0.0767,0.31,141.988,4,afrobeat,217801,2020-01-01 21:21,LATAM
3r1cfu7qDpEP3A80TGDzsH,Jorge Drexler,Llueve,Llueve,23,249333,False,0.4,0.471,9,-9.494,1,0.0641,0.193,0.00031,0.131,0.0765,64.502,3,afrobeat,112990,2020-01-01 21:22,MENA
6r28y5CqVyxCG51sKZgZkl,Calle 13,Los De Atrás Vienen Conmigo,Bienvenidos A Mi Mundo,24,237026,True,0.658,0.715,10,-7.416,0,0.269,0.0174,0.0,0.306,0.543,189.895,4,afrobeat,494939,2020-01-01 21:23,LATAM
7AiB9ggkygd2xLF0x4HVN4,Jor'dan Armstrong,CHURCH GIRLS LOVE R&B,WILIN',22,249151,False,0.727,0.517,2,-6.88,0,0.0612,0.26,0.0,0.134,0.529,127.932,4,afrobeat,730891,2020-01-01 21:24,US
132Gi8vnL1YGS7DjHdjjiE,El Michels Affair,Sounding Out the City,Slide Show,21,136773,False,0.587,0.716,8,-7.943,1,0.0308,0.157,0.921,0.641,0.874,81.689,4,afrobeat,372667,2020-01-01 21:25,LATAM
20noxTXbVTYkDPmVSklVrw,Jorge Drexler,Cara B,Lontano lontano - Cara B,22,231493,False,0.7,0.344,0,-20.913,1,0.477,0.862,0.00386,0.138,0.473,89.845,4,afrobeat,874410,2020-01-01 21:26,APAC
6GgeQ4ZB0Y8hS0ngdWzahy,Plastilina Mosh,Juan Manuel,Aropador,21,240026,False,0.783,0.506,2,-14.552,1,0.0651,0.952,0.918,0.0676,0.397,117.147,4,afrobeat,432345,2020-01-01 21:27,LATAM
75WezzEju4RccHbL4comxw,El Michels Affair,Sounding Out the City,This Song's For You,22,165040,False,0.542,0.517,0,-8.13,1,0.0266,0.0159,0.322,0.13,0.326,66.552,4,afrobeat,910716,2020-01-01 21:28,LATAM
5pKUJLGKZjoPiYJnQYRH9a,The Budos Band,Burnt Offering,Turn and Burn,22,344840,False,0.445,0.833,9,-7.373,0,0.0279,0.00256,0.736,0.167,0.652,116.012,4,afrobeat,312397,2020-01-01 21:29,LATAM
6VDz8W9nlUYVp2340N4jl6,Afrocidade,Vivão,Até de Manhã,21,168000,False,0.746,0.83,7,-4.983,0,0.0919,0.0901,0.00118,0.0796,0.364,100.015,4,afrobeat,585399,2020-01-01 21:30,US
6nLKWrgDmM7BpxF4xVAotW,Juanafé,Maleducao,Maleducao,22,336000,False,0.764,0.681,4,-7.947,0,0.0366,0.015,0.00336,0.114,0.807,123.986,3,afrobeat,786839,2020-01-01 21:31,US
39GG1KFPegqcjknOasUrg3,Plastilina Mosh,All U Need Is Mosh,Danny Trejo,25,240200,True,0.771,0.968,7,-6.142,1,0.0584,0.288,0.0,0.0809,0.756,93.984,4,afrobeat,153135,2020-01-01 21:32,MENA
2RhJqgcxU7hy1KZ8xLGuky,The Budos Band,The Budos Band II,Deep in the Sand,22,225826,False,0.471,0.864,8,12.092,1,0.0383,0.000394,0.843,0.0526,0.486,321.422,4,afrobeat,937002,2020-01-01 21:33,APAC
337tTnKLdmVdLYjMcllLqR,Lafayette Afro Rock Band,Malik,Avi-Vo - Remastered,21,215322,False,0.709,0.868,0,-6.436,1,0.0486,0.428,0.814,0.131,0.693,118.125,4,afrobeat,428462,2020-01-01 21:34,EU
3yqzgSUrBZ3w3UiAat1OPY,Juanafé,Afrorumba Chilenera,La Dormida,21,156721,False,0.618,0.491,8,-9.164,1,0.0893,0.41,0.000399,0.104,0.659,89.827,4,afrobeat,548138,2020-01-01 21:35,MENA
5fLextG84qe7IYEL9lGnLW,Criolo,Espiral de Ilusão - Deluxe Edition,Boca Fofa,21,140280,False,0.723,0.782,6,-5.127,0,0.0345,0.738,0.0128,0.0864,0.98,167.865,4,afrobeat,665594,2020-01-01 21:36,APAC
3dvYujyJXn2fuNalpg6r0E,Femi Kuti,Hôtel Costes 2 - La Suite,Sorry Sorry - Old School Afro Dub,21,444159,False,0.763,0.871,4,-8.779,0,0.055,0.0238,0.14,0.438,,101.199,4,afrobeat,678697,2020-01-01 21:37,EU
2dpvUY3DfmybZ8aimDHNKs,BaianaSystem,ATO 1: Navio Pirata,Chapéu Panamá,24,185573,False,0.823,0.93,7,-4.663,1,0.257,0.419,0.00734,0.0519,0.487,105.017,4,afrobeat,121301,2020-01-01 21:38,APAC
5TX5HJiEjHBkkGw1SHVZ3U,Samuca e a Selva,Passeando em Mim,Passeando em Mim,21,202568,False,0.875,0.722,10,-5.276,0,0.0555,0.0772,7.37e-05,0.112,0.552,117.997,4,afrobeat,880454,2020-01-01 21:39,LATAM
0Tu9CVtudympO1AQStFlav,Metá Metá,MetaL MetaL,Logun,22,478197,False,0.617,0.868,0,-7.344,1,0.0404,0.554,0.559,0.0738,0.913,122.883,4,afrobeat,661243,2020-01-01 21:40,MENA
5s2cJ6oq5VJX8ECTiq0PUV,"Mandrill;""Michael Masser","Muhammed Ali in """"""""The Greatest""""""""""""",Ali Bombaye (Zaire Chant) I,21,223226,False,0.528,0.967,0,-8.212,0,0.0634,0.0143,0.429,0.361,0.725,128.446,4,afrobeat,998945,2020-01-01 21:41,LATAM
3heUStITF5r3GlNTZNnJqP,Los Amigos Invisibles;Oscar D'León,El Paradise,Sabrina (feat. Oscar D'León),23,262040,False,0.458,0.885,6,-4.31,0,0.0582,0.00259,0.00305,0.325,0.826,195.646,4,afrobeat,524361,2020-01-01 21:42,LATAM
14H4WPC9IGuN0OGbzqS1XY,Plastilina Mosh,Aquamosh,Aquamosh,24,236706,False,0.704,0.728,7,-10.712,1,0.0666,0.491,0.7,0.391,0.509,92.228,4,afrobeat,652164,2020-01-01 21:43,US
6fej0nLBxOC2WR2p85shDS,BaianaSystem,OXEAXEEXU,Criado Mudou,23,127960,False,0.549,0.704,4,-7.025,0,0.0399,0.58,0.0222,0.13,0.112,133.986,4,afrobeat,496956,2020-01-01 21:44,US
6lnXNuAixFoNuoEe2dXb6d,Limoblaze;Marizu,Afrobeats Rap and Jesus,For Me,43,194063,False,0.728,0.719,2,-4.201,0,0.0459,0.477,0.0,0.0713,0.719,107.95,4,afrobeat,900800,2020-01-01 21:45,APAC
42ikfAu8oK4573BrUa5Wtl,ATR;Luedji Luna,Batom,Batom,21,223092,False,,,6,-10.105,0,0.0956,0.295,0.505,0.0857,0.585,194.015,4,afrobeat,849147,2020-01-01 21:46,MENA
5zWd3igj3YbzlrWPLMzgqZ,Orchestra Baobab,Pirates Choice,Utrus Horas,10,523453,False,0.725,0.266,2,-15.384,1,0.0403,0.828,0.000531,0.303,0.617,86.727,4,afrobeat,917746,2020-01-01 21:47,MENA
5HI9ZiV2pWoQM3eTNf2TGx,ST-Saint;Mark Asari;Reblah;678NATH;Raptist & Marko;Leslie Skye;Zelijah & Konola;Gtay;Nizzy Nath;JL Poleon,Joy in the Pain,Ring the Alarm,20,375095,False,0.643,0.787,4,-5.843,0,0.316,0.339,0.0,0.34,0.747,140.279,4,afrobeat,553852,2020-01-01 21:48,APAC
5pqmDb9iQXoyvzuUi8riHi,Angeloh,Fill My Cup,Fill My Cup,20,259660,False,0.615,0.704,11,-7.582,0,0.0922,0.331,0.0,0.156,0.489,100.019,4,afrobeat,812305,2020-01-01 21:49,APAC
2wpQH0Zdn16of1a4Cb1bCd,A Mose;TBabz,Authentic,Authentic,20,153103,False,0.788,0.499,10,-9.061,0,0.185,0.205,0.0139,0.234,0.612,97.977,4,afrobeat,422914,2020-01-01 21:50,LATAM
1UIqpCB0b56K7U0JJPfskN,Voilaaa;Sir Jean,On te l'avait dit,Spies Are Watching Me,48,432963,False,0.892,0.708,4,-9.041,0,0.0782,0.0395,0.00147,0.0335,0.949,127.002,4,afrobeat,514837,2020-01-01 21:51,US
1gW5zzEe41Hdbd3l1CYllP,Les Mamans du Congo;RROBIN;João Selva,Mbila (João Selva Remix),Mbila - João Selva Remix,20,242355,False,0.821,0.769,11,-9.618,1,0.412,0.0299,0.0,0.0718,0.606,123.904,4,afrobeat,784195,2020-01-01 21:52,APAC
3RKzHk3thT1H4q85GmWDaG,Ocote Soul Sounds,The Alchemist Manifesto,Contra el Sol,20,96733,False,0.664,0.854,3,-10.352,1,0.0442,0.388,0.912,0.18,0.961,107.855,4,afrobeat,173038,2020-01-01 21:53,US
6ivwlk05kmqz1Sk9CNOYoX,Oba Reengy;Yoski,Rejoice,Rejoice,20,175072,False,0.55,0.557,8,-6.875,1,0.0987,0.0623,0.000231,0.154,0.439,111.383,4,afrobeat,739440,2020-01-01 21:54,US
5hDj4IZig0UoK3dGzEUhGF,Romperayo,Que Tumba,Que Tumba,20,196421,False,0.714,0.613,9,-10.434,0,0.0732,0.0479,5.08e-06,0.264,0.964,93.969,4,afrobeat,114224,2020-01-01 21:55,MENA
1TuWr81XEnKF2oyKxeYHWf,Calle 13,Residente o Visitante,Uiyi Guaye,22,305440,True,0.734,0.783,7,-7.379,1,0.154,0.0692,0.00323,0.563,0.767,183.918,4,afrobeat,622585,2020-01-01 21:56,LATAM
3iu6Z2EBJZF0VyK6y4vv8D,Orquestra Voadora,Pernas Voadoras,Pernas Voadoras,21,172695,False,,0.62,10,-7.736,1,0.0394,0.75,0.615,0.191,0.763,97.513,4,afrobeat,529480,2020-01-01 21:57,US
7K6RK6aNVvcRZPBDoegoWO,Limoblaze;Ada Betsabe;Principal,Blow My Mind,Blow My Mind - Spanish Remix,20,187547,False,0.709,0.594,8,-5.642,0,0.271,0.367,0.0227,0.0796,0.879,189.916,4,afrobeat,521810,2020-01-01 21:58,MENA
35Znh7IVSkowgAQFG7gq4j,Morbo y Mambo,Morbo y Mambo,blanco nigeria,20,188920,False,0.615,0.694,0,-10.525,1,0.0312,0.287,0.826,0.121,0.745,135.861,4,afrobeat,544882,2020-01-01 21:59,MENA
28O6p4dnSLFfasqPDhGgGS,Sarah Téibo;Tneek,Keep Walking,Safe in You,21,232240,False,0.5,0.778,9,-5.025,0,0.0742,0.0422,1.2e-06,0.116,0.514,75.145,4,afrobeat,542739,2020-01-01 22:00,US
6zcKml6Wm7YlcgxZnrMx5y,Star Feminine Band,Le mariage forcé,Le mariage forcé,21,162652,False,0.716,0.752,2,-6.036,1,0.0781,0.0569,0.0,0.211,0.776,118.591,4,afrobeat,466625,2020-01-01 22:01,LATAM
33gBrrrdgkR7jGQseC7fzs,Rehmahz;Asha Elia,Higher Life,Comfort Me,20,146311,False,0.804,0.625,2,-7.852,1,0.0823,0.488,0.000732,0.117,0.766,99.914,4,afrobeat,506218,2020-01-01 22:02,LATAM
26dxHzEGUtOSQ0M6661JNi,Victor Rice,Smoke,Tema,21,155479,False,0.634,0.664,11,-7.014,1,0.0339,0.216,0.898,0.211,0.872,130.962,4,afrobeat,611350,2020-01-01 22:03,APAC
5FtemPS1ZEhULQnIN8gmVT,The Souljazz Orchestra,Inner Fire,Agoya,20,306733,False,0.739,0.88,7,-5.531,1,0.0723,0.59,0.811,0.198,0.783,115.967,4,afrobeat,787118,2020-01-01 22:04,MENA
3BIJsd9pvBi8MNNIv3KiMY,Ondatrópica,Baile Bucanero,Boga Canoero,22,262586,False,0.648,0.68,5,-9.002,0,0.105,0.549,9.98e-06,0.0417,0.959,115.9,4,afrobeat,596945,2020-01-01 22:05,LATAM
0QaFDdirIxKcsVk62hbKDo,Thee Commons,Collecion De Oro,Juaneco Y La Negra,20,297665,False,0.343,0.886,0,-3.107,1,0.0313,0.000273,0.000233,0.19,0.828,192.492,4,afrobeat,678269,2020-01-01 22:06,APAC
40dOkG5POxk2F6e5dhqY1h,The Budos Band,Burnt Offering,Shattered Winds,22,160800,False,0.447,0.826,10,-6.556,0,0.0504,0.0226,0.876,0.232,0.685,105.475,4,afrobeat,852950,2020-01-01 22:07,LATAM
1mfyiFYroIwmtDUJ0GrNYk,BaianaSystem;Tonho Matéria,ATO 1: Navio Pirata,Catraca,22,125306,False,,0.93,7,-4.826,1,0.119,0.334,0.00235,0.153,0.96,154.929,4,afrobeat,990560,2020-01-01 22:08,MENA
5oqwZLFn1yTXPAOywFepK2,Kiko Dinucci e Bando Afro Macarrônico,Pastiche Nago,Engasga Gato,20,161000,False,0.799,0.606,0,-10.782,1,0.113,0.439,8.24e-06,0.168,0.845,114.941,4,afrobeat,197791,2020-01-01 22:09,LATAM
6k3fTbDyuULy9kYA7OShyK,Jorge Drexler,Sus primeras grabaciones 1992-1994 (La luz que sabe robar- Radar),La luna de espejos,21,221893,False,0.712,0.225,5,-10.017,1,0.0533,0.93,0.001,0.123,0.429,87.52,4,afrobeat,741632,2020-01-01 22:10,US
5VRB9PIlcUGON4w4PzdnT8,Gyedu-Blay Ambolley,Ketan,Simigwa-Do,20,258120,False,0.805,0.812,1,-5.43,1,0.0925,0.0318,0.000998,0.0804,,122.003,4,afrobeat,302659,2020-01-01 22:11,LATAM
6dQViwVNXyvpMaZjtLQYVu,The Souljazz Orchestra,Under Burning Skies,Is yeelyel,20,247533,False,0.843,0.805,4,-7.029,0,0.0381,0.0403,0.712,0.0755,0.914,116.002,4,afrobeat,277102,2020-01-01 22:12,MENA
6VvvT2WJCQFVlqyQ2fWXIN,Samuca e a Selva;Onã,Ditados Populares Dançantes,Haja Axé,20,283645,False,0.701,0.722,6,-7.221,0,0.11,0.0407,0.00188,0.0769,0.848,179.938,4,afrobeat,813703,2020-01-01 22:13,APAC
4xSSIGLw75qf2obUALnsPN,The New Mastersounds;Eddie Roberts,The Deplar Effect,Could've Been So Good,23,257071,False,0.589,0.675,0,-9.321,1,0.0332,0.515,0.285,0.0914,0.748,119.792,4,afrobeat,161822,2020-01-01 22:14,EU
40KeMi4kkYpAlT1VmjrxDb,Breakestra,Dusk Till Dawn,Get It Right,21,192013,False,0.743,0.962,6,-3.922,0,0.0508,0.127,2.65e-05,0.321,0.872,108.602,4,afrobeat,863052,2020-01-01 22:15,EU
4TAri40qArazLsYypb6YwG,Plastilina Mosh,Tasty + B Sides,Aló,24,246960,False,0.76,0.662,10,-8.879,1,0.227,0.0119,0.000343,0.743,0.835,142.012,4,afrobeat,793489,2020-01-01 22:16,LATAM
1LRnLcvfg4fC7Jt71OIFaB,Newen Afrobeat,Curiche,Curiche,20,369226,False,,0.711,10,-8.014,0,0.0486,0.221,0.0693,0.0998,0.861,110.063,4,afrobeat,995340,2020-01-01 22:17,MENA
37f6peyU40XhYpmm2bdiVL,William Onyeabor,Atomic Bomb,Shame,20,350640,False,0.829,0.448,11,-9.673,1,0.0427,0.34,0.000878,0.0873,0.749,103.306,4,afrobeat,701147,2020-01-01 22:18,LATAM
4DKO2CA6oURAbnG2shWVOC,Criolo,Espiral de Ilusão - Deluxe Edition,Cria de Favela,20,171600,False,0.695,0.751,7,-4.966,1,0.0443,0.441,8.84e-05,0.132,0.701,111.96,4,afrobeat,885619,2020-01-01 22:19,LATAM
6LqsZMJ4CS4bu13W5lUfC7,The Budos Band,The Budos Band III,Budos Dirge,22,158760,False,0.571,0.877,6,-9.563,1,0.0342,0.344,0.922,0.166,0.814,120.907,4,afrobeat,206681,2020-01-01 22:20,APAC
4XOHLTfx8BmRO4piDKyHGw,Jackie Mittoo,Soul Jazz Records Presents Studio One Story,Freak Out,22,136000,False,0.715,0.635,11,-9.616,0,0.0471,0.0241,0.191,0.276,0.956,79.255,4,afrobeat,900908,2020-01-01 22:21,LATAM
0J3d7RX3QVjjT3LDdBQEqJ,Jor'dan Armstrong,52 Weeks of Summer,You Should Know,21,239866,False,0.393,0.616,7,-7.564,1,0.0428,0.0444,0.0,0.152,0.275,97.458,4,afrobeat,244293,2020-01-01 22:22,MENA
6JmYFFgDAZA69GgDfLfHkP,Lack Of Afro;Roxie Ray,My Groove Your Move (Bonus Version),Closer to Me,22,266200,False,0.677,0.902,6,-7.584,0,0.0373,0.016,0.00114,0.285,0.893,111.925,4,afrobeat,382912,2020-01-01 22:23,APAC
2KR6wfZkGkBVYrwKQkuAxR,The Budos Band,The Budos Band III,Reppirt Yad,22,177253,False,0.509,0.511,0,-11.24,1,0.0294,0.0238,0.913,0.0748,0.611,116.851,4,afrobeat,215373,2020-01-01 22:24,APAC
5fvRDiB75q9s9cvtcZIyAZ,Newen Afrobeat,Newen Afrobeat,Polvo de Inti,20,300760,False,0.553,0.847,4,-5.1,0,0.0366,0.0176,0.621,0.0668,0.795,159.896,3,afrobeat,461495,2020-01-01 22:25,APAC
1a08XzvFiWYAgn5xZswA8o,Plastilina Mosh,Tasty + B Sides,Mr. P-Mosh,23,257640,False,0.791,0.642,11,-8.502,0,0.182,0.0213,0.000279,0.356,0.477,94.585,4,afrobeat,774098,2020-01-01 22:26,APAC
5sS5Jqw2h7WFw5yWVk3kPr,Jor'dan Armstrong,Vibes,Count It,21,177738,False,0.517,0.858,9,-5.168,0,0.103,0.132,0.0,0.092,0.55,100.04,4,afrobeat,341276,2020-01-01 22:27,EU
60KZzvMOCeuDMwT8yVp84N,Plastilina Mosh,Tasty + B Sides,El Sirenito,23,235186,True,0.671,0.898,7,-6.861,1,0.0771,0.11,2.61e-05,0.117,0.875,92.953,4,afrobeat,839974,2020-01-01 22:28,LATAM
2Z3IaUbfcS8oqxmipQTkGh,Jorge Drexler,Sus primeras grabaciones 1992-1994 (La luz que sabe robar- Radar),La aparecida,22,276906,False,0.539,0.372,7,-8.864,1,0.0304,0.853,0.0299,0.106,0.313,147.078,3,afrobeat,645668,2020-01-01 22:29,EU
3Wgg2Se9D2QL9I3oR8GUy8,Ebo Taylor,Love & Death,Mizin,22,312419,False,0.808,0.841,8,-5.99,1,0.048,0.402,0.00048,0.185,0.891,106.477,4,afrobeat,666032,2020-01-01 22:30,LATAM
6ycLgWUCewpOvJfLmwCcBx,Calle 13,Pa'l Norte (Beauty Brain Remix),Pa'l Norte - Beauty Brain Remix,23,266432,False,0.791,0.835,3,-6.807,0,0.0584,0.0223,0.234,0.0506,0.8,140.027,4,afrobeat,944923,2020-01-01 22:31,EU
00hPnVmMynXSUIeIXapFZE,Jackie Mittoo,The Keyboard King at Studio One,Reggae Rock,22,117733,False,0.752,0.451,5,-9.922,0,0.0544,0.368,0.396,0.124,0.886,81.468,4,afrobeat,488660,2020-01-01 22:32,LATAM
01zkbVsJQrtL1kwefeULG8,Juanafé,Afrorumba Chilenera,El Que Te Quiere Te Quiere,21,211576,False,0.722,0.904,7,-5.661,1,0.157,0.451,1.19e-06,0.0949,0.783,93.94,4,afrobeat,410176,2020-01-01 22:33,US
3VhI9Y8WXoKSME4BBgUnWx,Metá Metá,Metá Metá,Ora Iê Iê O,21,152372,False,0.682,0.815,11,-7.55,0,0.062,0.528,0.0,0.0995,,106.068,4,afrobeat,995098,2020-01-01 22:34,EU
4YEU9N2XAE0DfUwxWI5ijA,Jorge Drexler,Eco,Todo se transforma,63,217146,False,0.761,0.488,9,-7.326,1,0.043,0.199,0.00236,0.0864,0.682,100.024,4,afrobeat,601301,2020-01-01 22:35,EU
6J0HEZmMPkLGLljiW3mBJZ,El Michels Affair,Adult Themes,Villa,48,165735,False,0.503,0.733,11,-7.272,1,0.188,0.676,0.809,0.0983,0.377,167.935,4,afrobeat,653143,2020-01-01 22:36,LATAM
0rnDmgcZvn9WPsOPqHbt16,Osibisa,Ojah Awake,Ojah Awake,9,296093,False,,0.709,2,-13.307,1,0.0436,0.0268,0.232,0.0398,0.816,132.096,4,afrobeat,366669,2020-01-01 22:37,EU
0iHvpSHYsp4tSrYlvgEh7l,Greyboy;Nino Moschella,15 Years of West Coast Cool,Love,53,216080,False,,0.414,11,-8.518,0,0.0314,0.0498,0.00135,0.11,0.581,102.807,4,afrobeat,293892,2020-01-01 22:38,MENA
5r2cbcTE0HhvRO2avP8GAh,Rex Williams,Nigeria 70 - Lagos Jump,You Are My Heart,46,193000,False,0.675,0.681,7,-7.458,1,0.0364,0.481,0.0232,0.225,0.604,97.442,4,afrobeat,252819,2020-01-01 22:39,APAC
4Ic3yQiH5UmyyevTsp08tY,Akalé Wubé;Manu Dibango,Sost,Anbessa,49,221720,False,0.82,,10,-7.3,0,0.0454,0.293,0.861,0.136,0.645,120.066,4,afrobeat,301202,2020-01-01 22:40,APAC
6btBxRX5cmgzNw2uCNUU2K,The Budos Band,V,Old Engine Oil,40,191213,False,0.366,0.91,2,-6.157,1,0.0415,0.00119,0.834,0.101,0.322,92.94,4,afrobeat,275666,2020-01-01 22:41,EU
7E1qzc9yPdkNnwcrsDc2K2,Ilover,Amoureux,Amoureux,20,228115,False,0.703,0.859,6,-3.991,1,0.0752,0.222,0.0,0.174,,82.069,4,afrobeat,772047,2020-01-01 22:42,APAC
4rEp8rVONwpPNdFyYzRw0H,Limoblaze;Dj Horphuray,Afrobeats Rap and Jesus,Your Love,42,224208,False,,0.719,6,-4.791,1,0.0642,0.115,0.0051,0.0525,0.958,110.02,4,afrobeat,152150,2020-01-01 22:43,APAC
6tkSDxoNHMQ6eoeJGB2Q22,Cymande,Cymande,Bra,47,306360,False,,0.769,7,-10.142,1,0.0535,0.00545,0.0256,0.131,0.891,117.733,4,afrobeat,666445,2020-01-01 22:44,US
6CXjlzqcrZgKH8j3UhVm4y,Sarah Téibo;Jason Nicholson-Porter;Tehillah Daniels,Keep Walking,Like a Child,20,246596,False,0.631,0.703,9,-6.242,0,0.226,0.0209,0.0,0.267,0.611,90.066,4,afrobeat,954363,2020-01-01 22:45,EU
04MBRGMFYIHMwepawOcf2Z,Morbo y Mambo,Muta,Bs80,20,220550,False,0.484,0.783,11,-7.923,0,0.0313,0.0119,0.899,0.103,0.77,164.006,4,afrobeat,788996,2020-01-01 22:46,LATAM
4WflBT5aJpDmDZUx9ILewW,Caê,Brasil Novo,Bim-Bim-Bim,20,195891,False,0.778,0.76,7,-6.408,1,0.044,0.521,0.0747,0.175,0.895,122.108,4,afrobeat,462591,2020-01-01 22:47,APAC
28HE2hcTggk9F46G9Ra6PY,Ali Farka Touré,Talking Timbuktu (with Ry Cooder),Bonde (with Ry Cooder),11,328826,False,0.514,0.532,2,-17.026,1,0.0936,0.712,0.00523,0.0816,0.553,113.821,4,afrobeat,153462,2020-01-01 22:48,EU
3vkQehpUmpIPXNeuQeFeDC,Sarah Téibo,Never Leave Me,Never Leave Me,19,187000,False,0.723,0.558,5,-7.514,0,0.027,0.344,1.4e-06,0.115,0.547,103.983,4,afrobeat,850707,2020-01-01 22:49,EU
6K8y9WcUbgv0j7RGceHvym,Tony Allen,Afrobeat Makers (Tony Allen Rhythms Revisited),Ikeja Roads,48,160948,False,0.777,0.598,2,-13.803,0,0.0412,0.023,0.89,0.106,0.684,100.007,4,afrobeat,102833,2020-01-01 22:50,US
7bH0vuNH2UMpgJ57reuEr1,Orquestra Voadora,Revoar,Revoar,21,271189,False,0.413,0.744,3,-9.798,0,0.0694,0.24,0.602,0.109,0.963,88.561,4,afrobeat,713195,2020-01-01 22:51,LATAM
0uln709ghU7gvFT38aIOqq,TBabz;Naffymar,Original Joy,Original Joy,20,177272,False,0.79,,2,-8.194,1,0.125,0.237,2.03e-05,0.22,0.59,87.996,4,afrobeat,703853,2020-01-01 22:52,LATAM
1kCEEv2VBnskoFDUCY0egw,Nomade Orquestra,Na Terra das Primaveras,Ginga Ponteiro in Versão,19,320058,False,0.809,0.677,11,-4.825,0,0.0335,0.166,0.92,0.0542,0.875,110.001,4,afrobeat,272728,2020-01-01 22:53,LATAM
6kmxXd854XIWqAM3Foa8Ox,Jaron Nurse,Tell Somebody Bout Jesus,Tell Somebody Bout Jesus,19,195000,False,0.668,0.612,11,-7.168,0,0.219,0.0712,0.0,0.105,0.722,82.861,4,afrobeat,765882,2020-01-01 22:54,US
6r1qi0ljLHnb7mOiE83au7,Bantunagojeje,Abre-Caminho,Abre-Caminho,19,226095,False,0.572,0.73,1,-12.687,1,0.0392,8.14e-05,0.822,0.105,0.815,129.706,4,afrobeat,257915,2020-01-01 22:55,EU
6k0gBOHRIUoRU5NxUPq1uO,BaianaSystem,ATO 1: Navio Pirata,Raminho,21,78390,False,0.548,0.691,7,-8.069,0,0.0404,0.917,0.00683,0.338,0.92,145.933,3,afrobeat,303082,2020-01-01 22:56,EU
62vanxxd2ya187PcF6Pc59,The Sound Stylistics,Greasin The Wheels,KNUCKLEHEAD,21,333986,False,0.688,0.897,0,-5.623,1,0.0311,0.467,0.706,0.0332,0.942,113.784,4,afrobeat,830788,2020-01-01 22:57,EU
5utbwhNY1zcrYkqEFWvMkx,The Soul Snatchers,Unique's New Testament of Funk (The Definite Collection),Sniffin' & Snatchin',21,215800,False,0.785,0.862,7,-7.252,1,0.059,0.016,0.947,0.108,0.682,106.052,4,afrobeat,981215,2020-01-01 22:58,APAC
4pjyykvlKHC8wBUmRxEvcy,Vaudou Game,Otodi,Pas la peine,20,214272,False,0.82,0.788,0,-5.81,1,0.0392,0.0599,1.52e-05,0.222,0.8,122.712,4,afrobeat,338240,2020-01-01 22:59,APAC
0JrylPRXs9uPGmp2KjON40,Kiko Dinucci e Bando Afro Macarrônico,Pastiche Nago,Santa Bamba,19,208013,False,0.734,0.463,11,-9.349,1,0.0395,0.695,0.000153,0.112,0.828,85.988,4,afrobeat,929203,2020-01-01 23:00,LATAM
0ln5lNsSNM69EJSUjxZEIE,Breakestra,Joyful Noise,Posed To Be - Instrumental,21,213666,False,0.783,0.864,11,-8.554,0,0.0388,0.00106,0.868,0.166,0.687,104.356,4,afrobeat,921955,2020-01-01 23:01,EU
79dawNsHM3DBoGwkzeMeXf,Criolo,Duas de Cinco,Duas de Cinco,20,224880,False,0.658,0.718,5,-8.128,0,0.076,0.0446,0.0036,0.2,0.514,80.112,4,afrobeat,792466,2020-01-01 23:02,LATAM
2PLzuEn3jAK5NkSZ0wGe8m,Criolo,Nó na Orelha (Instrumental),Subirusdoistiozin (Instrumental),19,210280,False,0.787,0.385,1,-7.672,1,0.0566,0.0194,0.879,0.208,0.448,86.456,4,afrobeat,226049,2020-01-01 23:03,MENA
2sxfEN8hXpVuT71WHTrmGp,Romperayo,Romperayo,Tuntuna Rebajada,20,241375,False,0.7,0.713,6,-9.615,1,0.0357,0.834,0.936,0.106,0.934,83.493,4,afrobeat,369477,2020-01-01 23:04,US
50OIIM4GNp5iidK4fPlthO,Jorge Drexler,Al Otro Lado Del Río (342 Amazônia ao Vivo no Circo Voador),Al Otro Lado Del Río (342 Amazônia ao Vivo no Circo Voador),21,189386,False,0.705,0.435,7,-12.185,1,0.0927,0.597,0.00149,0.933,0.535,124.705,4,afrobeat,709937,2020-01-01 23:05,LATAM
50Jrmqeu2Ko23HjJygRjbU,Star Feminine Band,Star Feminine Band,Femme africaine,21,224568,False,0.517,0.834,2,-6.918,1,0.0676,0.13,0.627,0.0894,0.871,113.778,3,afrobeat,999296,2020-01-01 23:06,LATAM
6ERSeYdw1JMv58g3CHrOQU,Lack Of Afro,This Time,The Importance of Elsewhere,21,243186,False,0.795,0.727,4,-9.737,1,0.0494,0.155,0.0112,0.131,0.826,108.036,4,afrobeat,833025,2020-01-01 23:07,US
5HJzIQ6RNQpuyy50wvQ8Ux,Plastilina Mosh,Mjlm,Mjlm,23,240466,False,0.739,0.854,1,-3.464,1,0.0738,0.133,8.09e-06,0.16,0.792,126.39,4,afrobeat,478241,2020-01-01 23:08,LATAM
7eG4wGLxKZmNtMKfaSVM4a,Samuca e a Selva,Jussara,Jussara,19,226642,False,0.806,0.685,9,-5.217,1,0.0578,0.0521,0.0,0.0662,0.967,104.011,4,afrobeat,311730,2020-01-01 23:09,LATAM
7HGpejbjHQb4WE5VFKuAfm,The Budos Band,The Budos Band EP,The Proposition,21,172506,False,0.507,0.905,5,-7.304,0,0.0629,0.0967,0.431,0.369,0.579,97.327,4,afrobeat,964302,2020-01-01 23:10,LATAM
5gnfa0m0V9BPc4txlYtB9E,BaianaSystem,Terapia,Amendoim Pão de Mel,22,206349,False,,0.855,2,-6.381,1,0.0487,0.0218,0.0472,0.172,0.698,148.022,4,afrobeat,348586,2020-01-01 23:11,APAC
6kChpaCoPoh7WY84iSpWk9,Greatman Takit,Energy (Afropop Gospel Vol 1),Story,20,190546,False,0.845,0.849,8,-5.77,0,0.163,0.711,0.0,0.329,0.808,106.873,4,afrobeat,407996,2020-01-01 23:12,LATAM
5SeUD53c2e4fyuHZ7cPOyM,The New Mastersounds;Eddie Roberts,The Deplar Effect,Georgie Famous,22,218106,False,0.442,0.804,11,-9.555,0,0.0806,0.0115,0.854,0.162,0.589,150.144,4,afrobeat,968066,2020-01-01 23:13,EU
2sSxCkBPaHbTlbLUdO7v6X,Samuca e a Selva,Ditados Populares Dançantes,Reflertar,19,198722,False,0.663,0.478,0,-8.649,0,0.0279,0.114,0.000515,0.124,0.386,149.957,4,afrobeat,605497,2020-01-01 23:14,EU
5MYEsQRQLp9H82wBUHq8cP,Los Amigos Invisibles,Commercial,Burundanga,22,299400,False,0.759,0.914,9,-7.616,1,0.0374,0.0186,0.803,0.342,,109.998,4,afrobeat,338137,2020-01-01 23:15,LATAM
5TgyYzvxGsPAQwcdpY5f5X,Jorge Drexler,Cara B,Fractura de escafoides tarsiano derecho - Cara B,21,208026,False,0.481,0.442,7,-20.759,1,0.868,0.507,0.0139,0.983,0.709,151.445,4,afrobeat,104810,2020-01-01 23:16,MENA
6vCaE0f8dWkjgytfnTka9v,The Budos Band,The Budos Band III,Mark of the Unnamed,21,239693,False,0.622,0.797,7,-8.958,0,0.0312,0.117,0.909,0.16,0.795,114.822,4,afrobeat,486960,2020-01-01 23:17,EU
6wWH1NP5tx5nogRyrD4EbT,Euforquestra;Kyle Hollingsworth,Fire,Instant Coffee (feat. Kyle Hollingsworth),19,306200,False,0.717,0.777,5,-4.229,1,0.0744,0.239,0.725,0.162,0.792,101.941,4,afrobeat,987400,2020-01-01 23:18,EU
29CBLtJrvyVxdJ41seRiZp,The New Mastersounds,Out On the Faultline,You Mess Me Up,22,128973,False,,0.995,7,-3.365,1,0.0621,0.116,0.972,0.176,0.921,98.171,4,afrobeat,489263,2020-01-01 23:19,APAC
6ktAmfgWeLggafxIDw374F,BaianaSystem;BNegão,BaianaSystem,Systema Fobica,22,394840,False,0.795,0.63,11,-9.01,0,0.1,0.119,3.42e-05,0.0663,0.343,93.006,4,afrobeat,729575,2020-01-01 23:20,LATAM
09z2Sw68BabiCQ4ZEKjPfu,Orquestra Brasileira de Música Jamaicana,#10,Cotidiano,21,208885,False,0.803,0.661,1,-10.578,0,0.0369,0.544,0.402,0.0563,0.96,140.018,4,afrobeat,327731,2020-01-01 23:21,US
3cYQvXCTPcolOTsDSTfV0j,Jackie Mittoo,Keyboard King at Studio One,Henry the Great,20,212493,False,0.937,0.5,7,-11.622,1,0.198,0.544,0.861,0.104,0.711,101.665,4,afrobeat,798050,2020-01-01 23:22,US
7dfQM5NkuXIuUOGojEhjNd,Los Amigos Invisibles,Super Pop Venezuela,All Day Today,22,263320,False,0.75,0.932,7,-5.68,1,0.0718,0.00341,0.0823,0.344,0.82,124.012,4,afrobeat,798211,2020-01-01 23:23,APAC
1jlKdNbOA90rjnt88GJnwO,Calle 13,Entren Los Que Quieran,La Vuelta Al Mundo,70,234133,False,0.748,0.538,0,-9.943,1,0.222,0.159,1.62e-06,0.167,0.779,124.974,4,afrobeat,647470,2020-01-01 23:24,LATAM
3lB31lvF4GEwKwMgFWwCJ7,Letta Mbulu,In The Music The Village Never Ends,Nomalizo,51,311866,False,0.86,0.41,9,-13.625,0,0.0473,0.306,0.000669,0.0424,0.653,98.269,4,afrobeat,794663,2020-01-01 23:25,APAC
6GL0fX7lcTWiWqdCocOLk7,Eben,Victory,Victory,41,230505,False,0.751,0.697,2,-3.45,1,0.111,0.372,0.0,0.149,0.879,125.924,4,afrobeat,620939,2020-01-01 23:26,US
3JIKbZm4XjwM2BcuK5pSHw,Ali Farka Touré;Toumani Diabaté,Ali & Toumani,Sabu Yerkoy,10,248986,False,0.599,0.364,4,-12.63,1,0.0333,0.787,0.0658,0.0614,0.697,81.317,4,afrobeat,440485,2020-01-01 23:27,LATAM
1W6txMoK3kxBkc5IttrwiA,The Dynamics,Version Excursions,Move on Up,53,359213,False,0.836,0.709,11,-9.135,0,0.0352,0.154,0.392,0.0894,0.969,145.952,4,afrobeat,764091,2020-01-01 23:28,MENA
3RZoPvPHZsPTTc94DfWSCL,Fela Kuti,Zombie,Zombie,41,745653,False,,0.942,2,-5.145,0,0.186,0.386,0.0142,0.384,0.574,131.45,4,afrobeat,851612,2020-01-01 23:29,US
3bMQUvGEAib8rYvKWWKu9m,Ikebe Shakedown,Stone by Stone,Dram,50,243693,False,0.595,0.765,6,-8.626,0,0.0574,0.056,0.851,0.169,0.736,149.58,4,afrobeat,856953,2020-01-01 23:30,US
5GMhgIyKbUlcw05h394yvl,El Michels Affair;Piya Malik,Yeti Season (Deluxe Version),Murkit Gem,42,192404,False,0.536,0.632,3,-10.067,0,0.0641,0.599,0.921,0.159,0.566,117.796,4,afrobeat,291767,2020-01-01 23:31,EU
1lwEMGPkTdq4DezUUS36cS,Matata,Feelin' Funky,Gimme Some Lovin',20,170026,False,0.831,0.658,10,-12.597,0,0.054,0.415,0.0297,0.148,0.961,116.698,4,afrobeat,708932,2020-01-01 23:32,APAC
7dTzsEPl84MJwS9Nj4M2IM,Jungle Fire,Beats & Culture (BNC002),Snake Pit - Stove Mix,19,245818,False,0.806,0.716,0,-5.483,1,0.081,0.14,0.892,0.182,0.87,124.778,4,afrobeat,103875,2020-01-01 23:33,EU
2Z6Vb2vK1IBI6RTnqCbeCA,The Dynamics,Version Excursions,Rock It,19,189920,False,0.814,0.824,2,-9.559,1,0.036,0.219,0.898,0.0869,0.902,129.01,4,afrobeat,614798,2020-01-01 23:34,US
66EEMEodoRLzZ4grinLinM,Buyepongo,Túmbalo,Musica Alegre,19,288733,False,0.794,0.736,2,-5.008,1,0.0872,0.27,0.000972,0.0734,0.872,126.032,4,afrobeat,614050,2020-01-01 23:35,APAC
3tAJQ21Hp60pa9qImKcjOl,Voilaaa;Lass,Des Promesses,Mandjou,19,323278,False,0.843,0.801,6,-8.712,0,0.0385,0.0195,0.116,0.12,0.908,116.017,4,afrobeat,427145,2020-01-01 23:36,EU
3NGkNPtXtTXV5VqiLpGgLd,BaianaSystem;Bule Bule;Rapadura,ATO 3: América do Sol,Oxe,21,198466,False,0.793,0.913,7,-3.816,0,0.116,0.324,3.25e-06,0.092,0.533,108.013,4,afrobeat,994669,2020-01-01 23:37,MENA
0RDBflsJy6WW3dB88RHRR5,QUITAPENAS,Tranquilidad,Tranquilidad,19,209723,False,0.555,0.904,2,-7.099,0,0.0543,0.0734,0.0178,0.307,0.932,146.4,4,afrobeat,894663,2020-01-01 23:38,LATAM
6hFPFh4rr1gJiO6JE1BVbD,Oba Reengy,Aware,Increase Comes From You,19,168030,False,0.811,0.37,10,-10.857,0,0.238,0.369,0.433,0.108,0.549,112.012,3,afrobeat,134779,2020-01-01 23:39,US
6e5hyCF3qVFEtPm7QsRiw1,Plastilina Mosh,Hola Chicuelos,Magic Fever,22,291373,False,0.61,0.808,6,-5.957,1,0.0549,0.0952,0.44,0.362,0.556,137.086,4,afrobeat,287951,2020-01-01 23:40,LATAM
66K7mJTgNut9ID8UHFs3V7,Lack Of Afro;Wayne Gidden,This Time,A Time For,21,274720,False,0.642,0.673,10,-9.835,1,0.0497,0.404,0.000119,0.139,0.835,93.881,4,afrobeat,287198,2020-01-01 23:41,APAC
2tj57Lw8MfcLdnYis7zWne,Ikebe Shakedown,Kings Left Behind,Unqualified,19,204853,False,0.599,0.907,6,-5.236,0,0.0299,0.101,0.394,0.285,0.866,122.843,4,afrobeat,907802,2020-01-01 23:42,LATAM
6RrPNGP67F2mH28EPxqmGY,Ricardo Lemvo,Shall We Salsa,Africa Havana Paris,19,295333,False,0.756,0.629,0,-8.176,0,0.0348,0.608,2.93e-05,0.0976,0.932,156.029,4,afrobeat,567022,2020-01-01 23:43,MENA
2SrhBEuMawaayICmckMdlM,Los Amigos Invisibles,Arepa 3000,Mami Te Extraño,22,201080,False,0.806,,9,25.659,0,0.0556,0.0517,0.0102,0.7,0.808,399.378,4,afrobeat,755986,2020-01-01 23:44,MENA
1QmgrcZquzAfW1OMALh1yb,Lafayette Afro Rock Band,Malik,Conga - Remastered,19,301617,False,0.705,0.83,2,-9.266,1,0.0946,0.0659,0.00445,0.078,0.602,119.099,4,afrobeat,828945,2020-01-01 23:45,US
0AAk1eycDCCsCe3AP7NKhq,The New Mastersounds;Eddie Roberts;Lamar Williams Jr.,The Deplar Effect,Before,21,244560,False,0.58,0.549,4,-12.382,0,0.0379,0.166,0.000344,0.0907,0.629,144.091,4,afrobeat,790857,2020-01-01 23:46,APAC
1f525vw1csOSQWAezL0YKf,Kiko Dinucci e Bando Afro Macarrônico,Pastiche Nago,Rainha das Cabeças,19,167293,False,0.73,0.736,5,-6.807,1,0.0404,0.763,0.00369,0.119,0.937,139.961,4,afrobeat,180137,2020-01-01 23:47,US
7Ig85CHnKlZUzicGbgVjhJ,Afrocidade,Vivão,Topo do Mundo,19,185864,False,0.744,0.863,1,-4.424,1,0.0375,0.0242,0.000183,0.151,0.676,132.983,4,afrobeat,226301,2020-01-01 23:48,MENA
2Ef4mtuC9eXOa37ESXA7QO,Criolo,Nó na Orelha (Instrumental),Bogotá (Instrumental),19,280546,False,0.751,0.882,5,-7.125,0,0.0603,0.00323,0.875,0.137,0.872,122.037,4,afrobeat,455710,2020-01-01 23:49,US
5cvUZ6S7CavCGeGPTJGa7f,Jorge Drexler,Las 100 mejores canciones de amor del Pop Español,La trama y el desenlace,21,246013,False,0.578,0.49,11,-7.965,0,0.0343,0.0929,5.72e-05,0.119,0.72,150.016,4,afrobeat,404540,2020-01-01 23:50,US
62GZeJlAOU3GM6BY6Myg3Q,Foli Griô Orquestra;DJ Vinimax;Cebolinha do Passinho,Aquecimento Caboclo Roxo,Aquecimento Caboclo Roxo,19,479204,False,0.633,0.79,9,-7.266,0,0.102,0.42,0.473,0.064,0.867,127.623,4,afrobeat,772367,2020-01-01 23:51,APAC
7eXA7AJdR992WM2oo7C5fN,Ricardo Lemvo;Makina Loca,São Salvador,Boom Boom Tarará,19,287026,False,0.778,0.871,5,-6.088,1,0.0366,0.35,0.00915,0.0628,0.961,123.06,4,afrobeat,240611,2020-01-01 23:52,APAC
36aaYsnvpWRGRByxTOdRhF,Ondatrópica,Baile Bucanero,Malaria,21,220280,False,0.647,0.798,7,-9.506,0,0.0384,0.125,0.0132,0.819,0.906,109.897,4,afrobeat,434388,2020-01-01 23:53,EU
6kWy9wZQbKVT7nmn9VWSjF,Lack Of Afro;Wax;Herbal T,Jack of All Trades,Back in Business,21,226515,False,0.815,0.925,5,-6.041,0,0.103,0.0594,0.0,0.128,,116.057,4,afrobeat,312916,2020-01-01 23:54,LATAM
33oCXKT4yR7tMR9o1E174r,Plastilina Mosh,Hola Chicuelos,Naranjada,23,216933,False,0.739,0.886,7,-5.927,1,0.12,0.553,0.0112,0.307,0.814,145.02,4,afrobeat,269952,2020-01-01 23:55,US
22zhfelopv8Xv6s26aoJof,BaianaSystem,ATO 3: América do Sol,Dança de Airumã,21,227986,False,0.683,0.852,7,-4.568,0,0.0654,0.179,0.00309,0.296,0.635,108.033,4,afrobeat,255523,2020-01-01 23:56,APAC
2YihM9XOmwQHahqSpOui9C,Plastilina Mosh,All U Need Is Mosh,Toll Free,22,201746,False,0.746,0.722,0,-5.389,0,0.0545,0.031,0.0,0.641,0.889,138.153,4,afrobeat,275946,2020-01-01 23:57,LATAM
5KPjNZYPSOzFycfWtwuAaX,Newen Afrobeat,Curiche,Cántaros,19,432213,False,0.698,0.63,1,-8.342,0,0.0496,0.239,0.519,0.087,0.855,100.014,4,afrobeat,607935,2020-01-01 23:58,MENA
73II8WjkIk5TyuUiHeYYHw,Mulatu Astatke;The Heliocentrics,Inspiration Information 3,An Epic Story,20,301133,False,0.389,0.672,11,-8.768,0,0.0688,0.302,0.79,0.345,0.584,173.954,4,afrobeat,469043,2020-01-01 23:59,MENA
3nbKTtv513rzhGFgtWhGJ4,Jor'dan Armstrong;Lowell Pye,Blsd (Deluxe),Miracle,20,230225,False,0.307,0.68,6,-4.153,1,0.074,0.58,2.05e-06,0.102,0.224,74.151,5,afrobeat,491758,2020-01-02 00:00,APAC
7JC0cOaZHSSH5865V7d44K,Los Amigos Invisibles,Arepa 3000,El Baile Del Sobón,22,226146,False,0.735,0.92,10,-7.772,1,0.269,0.0104,3.2e-05,0.699,0.68,154.988,4,afrobeat,531474,2020-01-02 00:01,APAC
5QkUh3JKMlKETQEdz4RjAs,Samuca e a Selva,Ditados Populares Dançantes,Chama Arteira,19,262000,False,0.694,0.731,4,-5.111,0,0.0411,0.0856,2.8e-05,0.305,0.62,125.769,4,afrobeat,766953,2020-01-02 00:02,MENA
2A6GDPdffUJyF3ubEqCWbQ,BaianaSystem;Mulú,Outras Cidades,Lucro/Descomprimindo (Mulú Remix),21,190066,False,0.853,0.607,9,-7.932,1,0.138,0.00186,0.00339,0.0897,,104.984,4,afrobeat,875632,2020-01-02 00:03,EU
74ZYdKyVYgiemIALe3w5Za,William Onyeabor,Hypertension,The Moon and The Sun,20,560280,False,0.616,0.838,4,-6.462,1,0.0562,0.279,0.00596,0.124,0.849,145.936,3,afrobeat,573791,2020-01-02 00:04,APAC
6tQHdDEbTulw2cMhO5SxEA,Plastilina Mosh,Tasty + B Sides,Oxidados,20,145253,False,0.463,0.996,2,-6.017,1,0.0821,0.000356,0.847,0.139,0.671,182.069,4,afrobeat,678026,2020-01-02 00:05,APAC
5Vmk3HHkPcatdSUHdrSwzk,Plastilina Mosh,Tasty + B Sides,Afroman,23,221266,False,0.644,0.883,1,-8.481,0,0.0884,0.638,2.58e-05,0.0952,0.783,104.159,4,afrobeat,764701,2020-01-02 00:06,EU
3wyxQsKqIesrKkca3nGMWJ,Orquestra Brasileira de Música Jamaicana,Volume I,Águas de Março,20,179866,False,0.851,0.498,5,-7.259,1,0.0427,0.741,0.888,0.162,0.896,129.1,4,afrobeat,721361,2020-01-02 00:07,MENA
7pEd3kku2USJMe8EsA67cL,Los Amigos Invisibles,The New Sound of the Venezuelan Gozadera,Mi Linda,22,226333,False,,0.897,0,-6.356,1,0.0422,0.0159,0.00999,0.286,0.897,135.087,4,afrobeat,220836,2020-01-02 00:08,APAC
7f9WCjVd3u8XGYJ5jfrDpJ,Calle 13;Rubén Blades;La Chilinga,Los De Atrás Vienen Conmigo,La Perla (feat. Rubén Blades & La Chilinga),22,416133,False,0.735,0.681,10,-7.757,1,0.316,0.673,0.0,0.0584,0.968,90.003,4,afrobeat,984687,2020-01-02 00:09,US
1nIecoI1sx4ssu9Q0T7dnz,Metá Metá,Metá Metá,Oranian,21,238811,False,0.561,0.561,7,-6.909,0,0.044,0.77,9.3e-05,0.188,0.701,106.187,4,afrobeat,248329,2020-01-02 00:10,LATAM
3hlQG5mVjjR5MupseJXkid,Limoblaze;Ada Ehi,Gold,Gold,0,174146,False,0.479,0.719,6,-7.075,0,0.109,0.214,4.85e-05,0.166,0.699,113.017,4,afrobeat,470658,2020-01-02 00:11,LATAM
6vxVWANYDzpoWJcF4vVbr2,Eben,Victory,Jesus at the Centre,41,369529,False,,0.557,7,-6.027,1,0.0379,0.0329,0.0,0.208,0.11,135.907,4,afrobeat,687341,2020-01-02 00:12,MENA
74G3HqFHDBqvev3Gow0luE,ST-Saint,4:ME,4:ME,18,226586,False,0.637,0.671,7,-6.762,0,0.231,0.0869,0.0,0.665,0.593,97.602,4,afrobeat,463018,2020-01-02 00:13,MENA
1dxYM3qSzXe2O2RJ3rK3KI,El Michels Affair;Piya Malik,Yeti Season (Deluxe Version),Unathi,43,213749,False,0.524,0.65,4,-7.307,0,0.0415,0.0954,0.00655,0.126,0.826,107.493,4,afrobeat,318817,2020-01-02 00:14,MENA
41irZgb5B8FQrOghV9nMtg,Ali Farka Touré;Toumani Diabaté,Ali & Toumani,56,10,417186,False,0.448,0.411,11,-10.141,1,0.0292,0.807,0.807,0.121,0.471,89.475,4,afrobeat,931011,2020-01-02 00:15,APAC
2m6S1lrrGejWr1FOYyW7kP,TJ Cream;Edz,Many Are Called,Many Are Called,19,206958,False,0.882,0.722,2,-8.223,0,0.107,0.57,0.0,0.118,0.941,140.028,4,afrobeat,164376,2020-01-02 00:16,EU
7f80RhVUNhBp0c0P0uqUT3,Iconili,Tupi Novo Mundo,Mulato,18,199080,False,0.635,0.752,8,-7.316,1,0.0343,0.00616,0.851,0.226,0.832,121.92,4,afrobeat,321287,2020-01-02 00:17,MENA
7tUhh4MxnkgNvasB6ZxlAu,Hektombe,La Negra,La Negra,18,359045,False,0.717,0.683,8,-10.197,0,0.0433,0.0364,0.00564,0.104,,113.016,4,afrobeat,993696,2020-01-02 00:18,EU
6pwSBqZPf8gT6mWrCqrAAh,Sharyn,In Full Bloom,Mercy,18,243377,False,0.765,0.434,0,-8.515,0,0.096,0.366,0.0,0.0978,0.267,141.939,4,afrobeat,756832,2020-01-02 00:19,EU
4RmKtKTlBwyfeRXjzADJGl,Qyubi,Woso,Woso,19,238001,False,0.778,0.619,3,-10.109,0,0.0692,0.623,0.000922,0.144,0.684,102.017,4,afrobeat,178278,2020-01-02 00:20,EU
2IbztleYrj67nOjHQATCQ2,Eddie Neblett,Walking in Authority,River,19,232586,False,0.569,,5,-10.146,1,0.109,0.13,0.0,0.0725,0.865,104.725,4,afrobeat,779115,2020-01-02 00:21,MENA
0hvUNtmLVhnOXhZmkNtyqh,Victor Rice,Drink,La Mura,20,186909,False,0.545,0.608,8,-8.642,0,0.0309,0.409,0.881,0.312,0.975,141.849,4,afrobeat,972558,2020-01-02 00:22,LATAM
4ZlesHyYfr8PQPUs0SnWDE,The Dynamics,After Laughter Comes Tears,After Laughter Comes Tears,19,284102,False,0.791,0.358,0,-12.384,1,0.0645,0.291,0.00644,0.156,0.78,83.007,4,afrobeat,188009,2020-01-02 00:23,US
3tFS1lOvSjabTFmOPTNifs,BANTU;Megaloh;Ghanaian Stallion,Cash and Carry (Remix),Cash and Carry - Remix,19,237301,False,0.846,0.814,10,-4.997,1,0.227,0.0553,0.0,0.114,0.784,114.886,4,afrobeat,472646,2020-01-02 00:24,EU
11XWPGHeK0e82Jmtu56G4R,La Cumbia Chicharra,Hijo de Tigre,Rita,18,202640,False,0.754,0.434,5,-10.196,0,0.0664,0.0989,9.01e-05,0.133,0.946,86.01,4,afrobeat,521407,2020-01-02 00:25,LATAM
19AnofCWfqlq9Hh36CLxpI,Soothsayers,Tradition,Nothing Can Stop Us,18,229719,False,0.78,0.758,4,-7.629,0,0.0353,0.159,0.00466,0.1,0.911,111.038,4,afrobeat,217911,2020-01-02 00:26,APAC
7l4KRMSrdLkC3M25I7HpoR,Jor'dan Armstrong,CHURCH GIRLS LOVE R&B,EMOTIONS,19,253815,False,0.484,0.572,10,-6.248,0,0.106,0.245,0.0,0.177,0.397,138.342,4,afrobeat,280506,2020-01-02 00:27,MENA
6y53DcvbGDE8APnShmAuUA,Voilaaa;Renaud Bilombo,On te l'avait dit,Tomowa,19,330372,False,0.902,0.75,0,-8.803,1,0.0492,0.101,0.0957,0.0506,0.964,121.989,4,afrobeat,256378,2020-01-02 00:28,LATAM
3ykTMt7CD5jgJOY27NWceD,Voilaaa;Sir Jean;Patchworks,Remixes,Spies Are Watching Me - Patchworks Remix,18,468693,False,0.861,0.671,4,-8.737,0,0.0711,0.0424,0.219,0.0543,0.961,127.015,4,afrobeat,266837,2020-01-02 00:29,APAC
0tXQlZrIM2qHF1TpUYtZ5Z,Romperayo,Asi No Se Puede Muchaches,Asi No Se Puede Muchaches,19,240640,False,0.736,0.885,6,-5.579,0,0.0485,0.0684,0.822,0.0923,0.832,112.01,4,afrobeat,463175,2020-01-02 00:30,MENA
1NdstGJRxpP8qhiYzfJTBX,OQuadro,OQuadro,Evolui (Bem Aventurados),19,247560,False,0.851,0.772,4,-6.516,0,0.136,0.0462,0.0,0.15,0.922,93.521,4,afrobeat,517444,2020-01-02 00:31,MENA
3wkG6NehREVt1DhwFP0fuB,Calle 13,Calle 13 (Clean Version),Pi-di-di-di,21,211080,False,0.817,0.676,10,-5.619,0,0.312,0.0509,0.0,0.139,0.64,94.943,4,afrobeat,314185,2020-01-02 00:32,US
1QaPhw2LrjGzkNtqgl3klY,Newen Afrobeat,Curiche,Vuela Junto a Mí,18,395720,False,0.795,0.904,8,-7.685,1,0.0547,0.339,0.0589,0.108,0.85,100.045,4,afrobeat,360486,2020-01-02 00:33,MENA
6351i7WOJI5fYE74IJFksw,Afrocidade;Nildes Bomfim,Vivão,Canoeiro (vinheta),19,36006,False,0.573,0.92,11,-8.486,1,0.61,0.786,0.0,0.87,0.4,110.488,4,afrobeat,273012,2020-01-02 00:34,LATAM
2MknNWM4STvGCbemt1Xk6G,Gyedu-Blay Ambolley,Ketan,Walk 4 Ground,19,457539,False,0.798,0.728,8,-6.235,1,0.0345,0.0437,0.462,0.348,0.822,120.001,4,afrobeat,816453,2020-01-02 00:35,MENA
7ciR1EdFZByMTaORkD7DkH,Metá Metá,MetaL MetaL,Exu,20,107624,False,0.643,0.507,2,-6.524,0,0.0511,0.927,0.854,0.0736,0.611,116.743,4,afrobeat,290578,2020-01-02 00:36,EU
030RVDutkfRcbxnvP4OjuK,Euforquestra;Alan Evans,That Woman (feat. Alan Evans),That Woman (Congo Sanchez Remix) [feat. Alan Evans],18,301346,False,0.735,0.721,10,-6.701,0,0.0557,0.271,0.000204,0.325,0.792,93.0,4,afrobeat,916843,2020-01-02 00:37,EU
0s6ISXTrjKbtUM6dO5KXo8,Money Chicha,Echo en Mexico,Chicha Negra,19,254238,False,0.452,0.853,0,-6.06,0,0.0337,0.0139,0.893,0.21,0.937,97.222,4,afrobeat,584969,2020-01-02 00:38,MENA
17bl9u71tBl57OoNH5yA40,Ikebe Shakedown,Ikebe Shakedown,Tame the Beats,18,202466,False,0.826,0.744,8,-8.207,1,0.0528,0.396,0.901,0.0672,0.977,144.981,4,afrobeat,822447,2020-01-02 00:39,APAC
50LJqLWGPbFdDK8wUmdjxe,Calle 13,Los De Atrás Vienen Conmigo,Intro Crónica De Un Nacimiento,21,95733,True,0.429,0.456,8,12.214,0,0.121,0.529,0.0,0.178,0.485,389.053,1,afrobeat,672754,2020-01-02 00:40,EU
62UAojbZVLY5VpkV3jHJHK,Jackie Mittoo,Studio One Soul,Deeper and Deeper,19,170120,False,0.577,0.593,6,-8.646,1,0.289,0.859,0.768,0.0981,0.536,78.238,4,afrobeat,339427,2020-01-02 00:41,MENA
2sGffckrjh7SGWh2cot4nz,The Budos Band,Burnt Offering,Trail of Tears,20,162360,False,0.532,0.641,0,-6.999,0,0.0274,0.0235,0.922,0.103,0.604,96.142,4,afrobeat,641225,2020-01-02 00:42,EU
3q4Nj8MNPkiESXmnBnJc97,Jor'dan Armstrong,52 Weeks of Summer,I'm Wit It,20,217720,False,0.82,0.587,6,-6.91,1,0.0736,0.231,0.0,0.117,0.55,100.014,4,afrobeat,346720,2020-01-02 00:43,APAC
2kXcbzDysxMAoOcM4Gtrkq,Newen Afrobeat,Newen Afrobeat,Nación Nueva,18,579760,False,0.668,0.75,1,-6.718,1,0.049,0.0175,0.231,0.13,0.705,134.96,4,afrobeat,206704,2020-01-02 00:44,US
6tLJ6F2PNFmQfZlaJQqblS,Manu Dibango;Cuarteto Patria,Cubafrica,Son de la Loma,19,259160,False,0.485,0.741,8,-4.425,1,0.0294,0.317,0.000579,0.0683,0.936,103.72,4,afrobeat,329255,2020-01-02 00:45,EU
63PxVRm13C7DunBBLlxJVo,El Hijo De La Cumbia;La Dame Blanche,Genero Genero,Che Revolution (feat. La Dame Blanche),19,220183,False,0.735,0.919,7,-4.58,1,0.0571,0.0371,9.37e-05,0.139,0.155,109.022,4,afrobeat,348076,2020-01-02 00:46,MENA
4IjqZHdMBD6hAGSSNcAWZc,Samuca e a Selva,Ditados Populares Dançantes,Só,19,229854,False,0.757,0.84,5,-7.052,1,0.0375,0.0278,0.0335,0.147,0.734,112.081,4,afrobeat,221534,2020-01-02 00:47,MENA
589SiueQ3yldZpKQMBGKk5,Jor'dan Armstrong,Blsd (Deluxe),Higher,19,267910,False,0.765,0.888,9,-5.344,1,0.172,0.27,0.0,0.263,0.625,120.042,4,afrobeat,121248,2020-01-02 00:48,EU
2knuucaDknfBuwjUMqDo75,BaianaSystem;Céu,ATO 1: Navio Pirata,O Que Não Me Destrói Me Fortalece,21,233894,False,0.739,0.582,2,-6.831,1,0.0309,0.0496,0.00175,0.11,0.674,119.028,4,afrobeat,949417,2020-01-02 00:49,EU
01WVTVy1SxkOJ9wtwSioWL,Warsaw Afrobeat Orchestra;Bosq,Only Now,Only Now - Bosq Remix,18,400000,False,0.788,0.917,10,-6.353,0,0.0414,0.117,0.741,0.0843,0.747,108.991,4,afrobeat,562079,2020-01-02 00:50,APAC
5BMVxBrKnM0kJ7PsQ7zj0d,Jorge Drexler,Sus primeras grabaciones 1992-1994 (La luz que sabe robar- Radar),Era de amar,20,239026,False,0.697,0.632,2,-7.845,1,0.0342,0.608,0.00364,0.0925,0.792,74.359,4,afrobeat,461842,2020-01-02 00:51,EU
0XHkGVCs5hxW2gtHnPHkJi,Ernest Ranglin,Memories Of Barber Mack,Five Thirty,19,389106,False,,0.279,9,-14.352,0,0.066,0.0933,0.868,0.119,0.41,138.848,4,afrobeat,936956,2020-01-02 00:52,APAC
0MOJfHIEDvEmhLzZnvDQ16,Samuca e a Selva;Liniker,Tudo Que Move É Sagrado,O Trem Azul,19,283950,False,0.718,0.458,8,-8.916,1,0.135,0.382,0.000813,0.0666,0.569,170.92,4,afrobeat,302220,2020-01-02 00:53,MENA
4fYTQfOVDBxlPrugtBgtIt,Calle 13,Los De Atrás Vienen Conmigo,Fiesta de Locos,21,267533,False,0.775,0.922,9,-4.866,1,0.287,0.285,0.0,0.0989,0.712,105.085,4,afrobeat,462583,2020-01-02 00:54,APAC
3mecpQUsNEqBgIk35tdkf4,Los Amigos Invisibles,The New Sound of the Venezuelan Gozadera,Groupie,21,280440,False,0.761,0.756,7,-7.656,1,0.0354,0.00953,0.017,0.126,0.702,126.122,4,afrobeat,862003,2020-01-02 00:55,US
3pl6CTfTPwJKYbRn39oidc,Plastilina Mosh,Singles,Human Disco Ball,19,214960,False,0.795,0.989,11,-7.986,0,0.0461,0.000324,0.425,0.0319,0.926,125.028,4,afrobeat,668828,2020-01-02 00:56,EU
0TRn6e7Sh2xxivVePHv0J0,Plastilina Mosh,Aquamosh,Encendedor,21,156920,False,,0.855,11,-9.225,1,0.0776,0.000331,0.809,0.687,0.816,107.859,4,afrobeat,459275,2020-01-02 00:57,APAC
622TQRdxU1ELBgpEkkn1SS,The New Mastersounds,Breaks from the Border,On the Border,20,251186,False,0.78,0.934,11,-4.843,0,0.0426,0.118,0.738,0.0588,0.879,102.038,4,afrobeat,330244,2020-01-02 00:58,EU
4fb7CtOq5pb3gNcC6ebfQF,Ali Farka Touré;Toumani Diabaté,Ali & Toumani,Warbé,10,291226,False,0.601,0.247,4,-17.785,1,0.045,0.938,0.872,0.363,0.373,148.516,4,afrobeat,131605,2020-01-02 00:59,LATAM
0Xe9Yb3MKkQvJuxgBXMleu,Höröyá,Gri Gri Bá,Gri Gri Bá Dön,18,345022,False,0.767,,5,-4.364,0,0.0487,0.0981,0.918,0.0555,0.493,135.972,4,afrobeat,176547,2020-01-02 01:00,LATAM
7t6NlBZL2MmNjcF70Xl71G,El Michels Affair;Lee Fields;The Shacks,Return To The 37th Chamber,Tearz,49,151926,False,0.75,0.382,8,-8.466,1,0.0312,0.29,0.298,0.279,0.454,97.226,4,afrobeat,245747,2020-01-02 01:01,APAC
67PY8HBV98iVLodNXhBk8V,Ali Farka Touré;Toumani Diabaté,Ali & Toumani,Doudou,9,287146,False,,0.397,4,-11.112,1,0.0371,0.848,0.725,0.156,0.69,171.012,3,afrobeat,807956,2020-01-02 01:02,US
0Wqht20X3ZII115vByDReU,Ali Farka Touré,Savane,Savane,9,463920,False,0.764,0.282,4,-10.46,0,0.0652,0.77,0.0833,0.0592,0.504,135.736,4,afrobeat,675324,2020-01-02 01:03,APAC
1IrPSbGITPaMwMMEXfb2DJ,Ali Farka Touré;Toumani Diabaté,Ali & Toumani,Be Mankan,9,306960,False,0.583,0.206,4,-12.297,1,0.0416,0.9,0.38,0.123,0.483,123.362,3,afrobeat,490120,2020-01-02 01:04,APAC
6G2M6vvToPz12ghZpeJSGe,William Onyeabor;Hot Chip,What?!,Atomic Bomb - William Onyeabor vs. Hot Chip,44,436236,False,0.834,0.56,8,-10.062,0,0.0439,0.0145,0.282,0.446,0.78,125.798,4,afrobeat,804613,2020-01-02 01:05,US
7EAIgk0EOZMFg8jr4uKaR8,Calle 13,Residente o Visitante,La Crema,21,241240,True,0.579,0.748,11,-5.933,0,0.192,0.273,0.0,0.15,0.722,91.944,4,afrobeat,244702,2020-01-02 01:06,US
2nxcxBKWmYn4U2dLb5JDKT,Rehmahz;Oba Reengy,Sound of Life,By My Side,18,150334,False,0.614,0.629,7,-5.336,1,0.228,0.307,3.11e-05,0.163,0.755,90.524,4,afrobeat,289840,2020-01-02 01:07,EU
1nsFilaPOtrUhxmRnP2qWi,Sharyn,In Full Bloom,Anyway,18,274297,False,0.541,0.31,11,-9.523,0,0.0479,0.813,3.66e-05,0.308,0.324,137.956,4,afrobeat,453455,2020-01-02 01:08,LATAM
64SXxSKy3ZIKuGk5vyve7Z,Lefties Soul Connection,Akathisia,The Waddle,20,182234,False,0.641,0.837,2,-5.248,1,0.0583,0.0497,0.943,0.14,,86.177,4,afrobeat,925655,2020-01-02 01:09,US
0fOHb3pGgqNVoF857LeWmN,Marizu,Quiet Time,Stay Here,19,196363,False,0.575,0.441,9,-9.141,0,0.0552,0.806,0.000432,0.108,0.665,98.868,4,afrobeat,652808,2020-01-02 01:10,EU
5ILzb89zqyneogu0oPTEEk,TJ Cream;Marko,Hard Talk,Hard Talk,19,130750,False,0.682,0.569,2,-6.317,1,0.286,0.206,0.0,0.0896,,151.09,4,afrobeat,865896,2020-01-02 01:11,LATAM
5mEJHNaQvNQUuXvAtXXhGK,Calle 13,Calle 13 (Clean Version),Se Vale To-To,21,230306,False,0.699,0.739,10,-6.256,0,0.0641,0.00428,3.65e-06,0.076,0.429,175.979,4,afrobeat,323345,2020-01-02 01:12,LATAM
6SrS9vl9994H54jBT4q4Ff,Jorge Drexler,Llueve,Paisaje lunar,20,176173,False,0.699,0.503,5,-11.113,0,0.0473,0.841,0.000362,0.11,0.664,152.933,3,afrobeat,863541,2020-01-02 01:13,EU
1goimUATGsvwX5d6aXYSOV,J Prince,Let Jesus Row,Let Jesus Row,18,212000,False,0.813,0.83,9,-5.57,1,0.199,0.0389,0.0,0.0975,0.809,113.985,4,afrobeat,165231,2020-01-02 01:14,EU
43OczYqGoSzZAXpa3VntDY,Alogte Oho & His Sounds of Joy,Mam Yinne Wa,Allema Timba,18,279595,False,0.631,0.458,5,-8.889,0,0.0327,0.384,0.0316,0.186,0.945,141.12,4,afrobeat,304894,2020-01-02 01:15,EU
7vCz8K2qr4adELUmCvuGDg,Oba Reengy,Aware,Save Me From Myself,18,197718,False,,0.657,11,-5.355,0,0.217,0.328,0.0,0.139,0.364,87.384,4,afrobeat,570722,2020-01-02 01:16,APAC
7dEpUFOczDDfWP4FekfocW,Bacao Rhythm & Steel Band,55,Beetham Highway Ride,18,187570,False,0.831,0.758,0,-4.227,1,0.0761,0.107,0.92,0.068,0.902,96.293,4,afrobeat,145482,2020-01-02 01:17,US
2vtsCV5XDM4nuBKD0d17mK,Soothsayers;Village Cuts,Tradition Remixed,Good Vibration - Village Cuts Remix,18,299124,False,0.86,0.676,0,-9.245,0,0.363,0.268,0.134,0.094,0.602,94.025,4,afrobeat,872434,2020-01-02 01:18,EU
1OJpFc9AKsEfBFCywsa6ds,Romperayo,Tacutun / Cumbia Reggae Funky,Tacutun,17,186666,False,0.785,0.671,10,-7.913,1,0.15,0.019,0.748,0.203,0.601,122.966,4,afrobeat,880680,2020-01-02 01:19,EU
1xI62yXrvcXuLTzUmkmlje,Mandrill,Mandrill,Mandrill,19,260360,False,0.536,0.734,0,-14.068,1,0.0584,0.0785,0.712,0.181,,133.655,4,afrobeat,587319,2020-01-02 01:20,MENA
5UFtEx81UIPjQtugmesmcN,Los Pirañas,Historia natural,Palermo's Grunch,18,308864,False,0.55,0.871,2,-4.931,1,0.0436,0.0483,0.815,0.177,0.888,131.439,4,afrobeat,375219,2020-01-02 01:21,US
3cgDIBKGbvEhdWbDsofQzB,Jungle Fire,Tropicoso,Chalupa,17,283440,False,0.643,0.808,7,-7.507,0,0.0474,0.32,0.885,0.111,0.931,116.886,4,afrobeat,189067,2020-01-02 01:22,APAC
3iQ0daGW8MTp2I4UQvy1ee,Letta Mbulu,Naturally,Noma Themba,19,206066,False,0.734,0.411,0,-8.984,1,0.0253,0.656,0.000775,0.0924,0.532,90.629,4,afrobeat,657024,2020-01-02 01:23,LATAM
2iwuZ15yjlWFvd4pEyiWAr,Jungle Fire;Felipe Gordon,Atómico (Felipe Gordon Remix - Single Edit),Atómico - Felipe Gordon Remix - Single Edit,18,271761,False,,0.816,0,-9.181,1,0.0342,0.0265,0.9,0.283,0.715,120.996,4,afrobeat,583903,2020-01-02 01:24,EU
0MmVBZEFMkmzb837pW9K1H,Morbo y Mambo,Morbo y Mambo,la espada de cadorna,18,262773,False,0.513,0.845,0,-8.334,1,0.0565,0.0152,0.848,0.345,0.706,130.117,4,afrobeat,783969,2020-01-02 01:25,US
3Lrltof1vDyKndb4Gwzuoj,Voilaaa;Pat Kalla,Des Promesses,Des promesses,18,423668,False,0.83,0.785,7,-9.46,0,0.0382,0.00709,0.0301,0.0878,,134.019,4,afrobeat,642280,2020-01-02 01:26,EU
07TdcTMx1hzMh3jWXVdZT1,The Bamboos,4,The Ghost,19,217733,False,0.688,0.763,7,-8.545,1,0.0294,0.0111,1.3e-05,0.218,0.713,99.022,4,afrobeat,215463,2020-01-02 01:27,APAC
00Ys2R4wKqpKbGMgpZBirL,Lack Of Afro,Press On,Rusty,20,237026,False,0.611,0.973,8,-6.378,0,0.0555,0.0637,0.682,0.0851,0.898,100.403,4,afrobeat,209588,2020-01-02 01:28,US
4BqC9W4fV9irOrKgStgKYr,Pacific Express;Jonathan Bulter,Anthology. Pt. 2,Look at the Smile,18,197600,False,0.688,0.638,6,-11.181,0,0.0801,0.0149,0.0,0.102,0.958,97.743,4,afrobeat,802753,2020-01-02 01:29,LATAM
6hdMslBOhzTh8jsSrJJsHY,A Mose;Nolly,Kullez Kid in Africa,Confirm,18,145610,False,0.853,0.576,11,-9.167,0,0.157,0.0218,0.00219,0.0906,0.642,104.012,4,afrobeat,243121,2020-01-02 01:30,EU
72owuO04tFBFbYbGw84tai,William Onyeabor;The Vaccines;John Hill;Rich Costey,What?!,Do You Want a Man - Heaven & Hell Remix,18,145773,False,0.603,0.921,5,-3.555,0,0.0931,0.198,0.00035,0.133,0.816,122.978,4,afrobeat,944659,2020-01-02 01:31,MENA
2hoTBcSjmzGEVNyR5sL8Qj,The Sorcerers,In Search of the Lost City of the Monkey God,Escape from the Catacombs,18,183783,False,0.595,0.721,0,-7.033,0,0.0537,0.428,0.864,0.156,0.831,166.305,4,afrobeat,195352,2020-01-02 01:32,US
4DSM0sLjFLTBI9Vm5eyaLC,Juanafé;La Flor del Recuerdo,Parrilladas Vargas (Vol. II),Si Tu Me Quisieras,19,172157,False,0.659,0.53,4,-10.444,1,0.0347,0.743,2.09e-06,0.189,0.726,126.031,3,afrobeat,755536,2020-01-02 01:33,LATAM
4HVmE0XxxufxDQYbOTm4f1,Manu Dibango;Cuarteto Patria,Cubafrica,Carnaval,18,350906,False,0.44,0.739,8,-4.719,1,0.0327,0.294,0.0028,0.05,0.927,101.033,4,afrobeat,977706,2020-01-02 01:34,MENA
1thso08cTysSSnNaYPVo0D,Thee Commons,Collecion De Oro,Cumbia Del Sol,18,195265,False,,,5,-3.337,1,0.029,0.00457,5.36e-06,0.203,0.944,96.243,4,afrobeat,497100,2020-01-02 01:35,APAC
3mPoQffWmAwupicwjGub6p,Afrocidade,Vivão,Novos Mundos,18,240000,False,0.816,0.88,6,-4.251,0,0.0503,0.165,0.0,0.106,0.752,120.079,4,afrobeat,151042,2020-01-02 01:36,APAC
1JfcfNnW1pfsaYdqO6Vrkn,Orgone;Cyril Neville,I Sold My Heart to the Junkman,I Sold My Heart to the Junkman,20,301059,False,0.534,0.672,5,-7.066,0,0.0477,0.00784,0.000598,0.156,0.819,102.071,4,afrobeat,889009,2020-01-02 01:37,MENA
3Px454rzMHtIRc9R04QSlB,The Souljazz Orchestra,Resistance,Soleil Couchant,18,225953,False,0.618,0.831,9,-7.018,0,0.0802,0.429,0.321,0.168,0.92,126.058,4,afrobeat,268576,2020-01-02 01:38,EU
5tSJNsX4IOsnkjvwq7DGYg,Eddie Neblett,Motives - What Have We Come Here to Do Church?,Motives - What Have We Come Here to Do Church?,18,196259,False,0.715,0.698,1,-5.12,1,0.357,0.377,0.0,0.0803,0.661,84.653,4,afrobeat,574711,2020-01-02 01:39,MENA
7yIlnsnvzTlOAK14ue9IkF,King Sunny Ade,Nigeria 70 - Funky Lagos,Ja Fun Mi - Instrumental,19,433426,False,0.464,0.683,10,-12.301,0,0.0415,0.165,0.591,0.232,0.833,105.437,4,afrobeat,986081,2020-01-02 01:40,LATAM
16zRyplwDUve1JKipYBdEt,Newen Afrobeat,Newen Afrobeat,Qué Sabemos,18,625066,False,0.677,0.799,0,-6.388,1,0.0473,0.0397,0.144,0.0797,0.775,125.041,4,afrobeat,770293,2020-01-02 01:41,LATAM
3WrBkEccov25wDOcHj2laq,Calle 13,Top Latino V.6,Baile De Los Pobres,21,207160,False,0.501,0.82,11,-6.617,0,0.291,0.0868,2.62e-06,0.113,,179.996,4,afrobeat,141684,2020-01-02 01:42,US
77r13JXhYWifX2up1zcecR,Jackie Mittoo,The Keyboard King at Studio One,Drum Song,20,264133,False,0.696,0.415,6,-12.57,1,0.0379,0.169,0.847,0.0888,0.637,95.801,4,afrobeat,838454,2020-01-02 01:43,APAC
4Q9ZdYqNIF1UhxKsrDkitE,Samuca e a Selva,Ditados Populares Dançantes,Imensidão,18,196343,False,0.758,0.803,11,-4.762,0,0.0329,0.0336,4.08e-06,0.203,0.791,108.015,4,afrobeat,245117,2020-01-02 01:44,MENA
1nEyUPeVFCAjIywCDz2LAP,Los Amigos Invisibles,The New Sound of the Venezuelan Gozadera,Las Lycras del Avila,21,181493,False,0.691,0.624,0,-8.47,1,0.0358,0.32,0.67,0.0869,0.734,132.297,4,afrobeat,774416,2020-01-02 01:45,APAC
6yO6OJnhpAHAhngPB2Wb5g,Los Amigos Invisibles,Repeat After Me,Mostro,21,160200,False,0.853,0.799,9,-5.904,0,0.0344,0.159,0.0204,0.782,0.798,125.015,4,afrobeat,658859,2020-01-02 01:46,EU
1RIhd7jjWDQwSKsbxxGArN,Calle 13;Silvio Rodríguez,MultiViral,Ojos Color Sol (feat. Silvio Rodríguez),68,215813,False,0.582,0.443,2,-7.816,1,0.0436,0.664,0.0,0.0703,0.452,78.071,4,afrobeat,359069,2020-01-02 01:47,LATAM
1TdaQqgKRbiFdO15q1kv6e,Los Amigos Invisibles,Repeat After Me,La Que Me Gusta,71,239626,False,0.721,0.833,7,-7.469,1,0.0777,0.122,0.000115,0.135,0.549,100.005,4,afrobeat,481248,2020-01-02 01:48,APAC
3WXd8AWDD0oormqfYpSqJA,CalledOut Music,My Prayer (Yahweh),My Prayer (Yahweh),42,217446,False,0.583,0.31,5,-14.911,1,0.159,0.688,0.0,0.104,0.563,140.974,4,afrobeat,206059,2020-01-02 01:49,US
0kJg1vDAXOvuPUe4bLii7F,The Bamboos,Rawville,I Don't Wanna Stop,50,249200,False,0.69,0.775,5,-5.116,0,0.0306,0.119,0.000533,0.125,0.962,93.241,4,afrobeat,988104,2020-01-02 01:50,APAC
1tndejgd7TG98A3fhYZ8zD,Angeloh,Highway,Use Me,18,204638,False,0.581,0.491,1,-7.539,0,0.111,0.281,0.0,0.0943,0.877,126.273,5,afrobeat,314504,2020-01-02 01:51,APAC
6bsVfiqCFmdUJk0GtGd0R5,Calle 13,Residente o Visitante,Un Beso de Desayuno,20,290666,False,,0.854,5,-5.375,0,0.15,0.295,0.0,0.0684,0.786,84.894,4,afrobeat,377810,2020-01-02 01:52,EU
2BPrkxZ7JBCwTzyGyJyNaQ,La BOA,La Bestia,Vuelo Antillano,18,266986,False,0.771,0.735,9,-7.033,1,0.0376,0.0142,0.763,0.319,0.95,107.975,4,afrobeat,552586,2020-01-02 01:53,LATAM
4bsl2cD0lDdXcZ0PZkz1J7,Bacao Rhythm & Steel Band,Love Like This (45 Edit),Love Like This - 45 Edit,18,205457,False,0.91,0.837,0,-2.343,1,0.0856,0.427,0.898,0.0516,0.969,101.494,4,afrobeat,705141,2020-01-02 01:54,EU
4BgtIY3mw52U8YqwKImWPl,IFÁ;Okwei V. Odili,IFÁ Afrobeat + Okwei V. Odili,Suffer,18,336053,False,0.718,0.748,9,-9.315,0,0.0367,0.0885,5.72e-05,0.0779,0.963,99.014,4,afrobeat,554748,2020-01-02 01:55,LATAM
47jJmSxhqyuGUc6VkWYBJt,IFÁ;Okwei V. Odili,IFÁ Afrobeat + Okwei V. Odili,Axé!,18,359173,False,0.712,0.728,9,-8.818,0,0.0366,0.0867,0.142,0.107,0.965,115.967,4,afrobeat,554624,2020-01-02 01:56,US
3NyYDbTIBwCTiW0svrcVjy,Eddie Neblett,One Way Out,Forgiveness,18,207674,False,0.496,0.594,5,-7.131,0,0.294,0.437,0.0,0.244,0.73,172.031,4,afrobeat,624379,2020-01-02 01:57,MENA
3EsHMpDnakftfaFCPctwjo,Bacao Rhythm & Steel Band,Expansions,Kaiso Noir (Bonus Track),18,240464,False,0.815,0.618,4,-8.167,1,0.0515,0.0231,0.824,0.142,0.964,119.882,4,afrobeat,871925,2020-01-02 01:58,MENA
6J2iYZyg1msLFo37600hLs,Whitefield Brothers,In The Raw,Thunderbird,18,242626,False,0.709,0.978,7,-4.67,1,0.0441,0.026,0.851,0.266,0.744,94.391,3,afrobeat,455591,2020-01-02 01:59,LATAM
7vQpf3W7HaMeqjgYN1a6mu,Brownout;Brown Sabbath,Brownout Presents Brown Sabbath,Into the Void,19,388877,False,0.34,0.729,6,-5.995,1,0.0401,0.0134,0.833,0.112,0.415,154.28,4,afrobeat,848916,2020-01-02 02:00,LATAM
6PJ11hU6MSUwm8aB0SYXO0,Los Amigos Invisibles,The Venezuelan Zinga Son Vol. 1,Playa Azul,21,279800,False,0.629,0.745,1,-8.188,1,0.04,0.229,0.266,0.0624,0.704,175.979,4,afrobeat,808201,2020-01-02 02:01,APAC
27C5Nl5mQgWjlFNtNiVeHc,Abayomy Afrobeat Orquestra,Abayomy,Eru,17,421645,False,0.565,0.906,2,-7.053,1,0.0957,0.0553,0.0266,0.0975,0.84,133.283,4,afrobeat,964904,2020-01-02 02:02,APAC
0ummD95aMfyssMGkd2pV6f,Los Amigos Invisibles,Something,Something,21,215205,False,0.695,0.714,8,-4.386,1,0.0611,0.00374,0.000302,0.177,0.77,116.035,4,afrobeat,921837,2020-01-02 02:03,APAC
1CLz0R5abfm5rKzNO6h4MP,Los Amigos Invisibles,Arepa 3000,Domingo Echao,20,154906,False,0.86,0.457,0,-9.046,1,0.0702,0.0598,0.584,0.102,0.672,114.972,4,afrobeat,818361,2020-01-02 02:04,APAC
6C5bUHukEBdkwYwNFtHWaC,BaianaSystem;Mateus Aleluia,Calundu,Pangeia,19,202645,False,0.743,0.631,9,-7.35,0,0.026,0.29,0.752,0.7,0.686,110.034,4,afrobeat,322052,2020-01-02 02:05,MENA
60Lqpl9aw7eWRD8KDjzPwO,El Michels Affair,Sounding Out the City,Yennicita,18,188960,False,0.44,0.682,9,-6.555,1,0.0575,0.0422,0.907,0.103,0.397,168.385,3,afrobeat,796866,2020-01-02 02:06,MENA
0uBOGmKxjIEXUx2pRsxRDB,Voilaaa,Road by hotelF1,C'est le voyage,18,257706,False,0.868,0.806,2,-7.644,1,0.0568,0.304,0.0201,0.105,0.941,121.918,4,afrobeat,762870,2020-01-02 02:07,EU
6arJwZcEnNDWG4La4Rs0zl,Orgone,Orgone,Nasty Hats,19,218226,False,0.745,0.82,7,-7.176,1,0.0449,0.0177,0.607,0.104,0.962,93.978,4,afrobeat,360551,2020-01-02 02:08,LATAM
6mCl1YEddP0ZB9xM0UnvGy,Lefties Soul Connection,Hutspot,It's Your Thing / Hey Pocky a-Way,19,302506,False,0.508,0.882,5,-4.505,0,0.121,0.0351,0.00264,0.178,0.842,170.223,4,afrobeat,710173,2020-01-02 02:09,LATAM
5zc9sDB5u1KGA1CF8ej2gY,Hugh Masekela;Black Coffee,Black Coffee,Stimela (Coal Train) - Black Coffee Remix,17,452666,False,0.818,0.942,9,-8.364,0,0.0589,0.126,0.546,0.0665,0.735,123.015,4,afrobeat,327672,2020-01-02 02:10,LATAM
5ye2faNgoLNjbtxQfJqCys,Abayomy Afrobeat Orquestra,Abayomy,Obatalá,17,412300,False,0.577,0.773,5,-5.597,0,0.0525,0.0709,0.00663,0.071,0.469,93.111,4,afrobeat,570780,2020-01-02 02:11,LATAM
5HXiUV3myUIJbC2v1zs282,Cymande,Promised Heights,Losin' Ground,18,263400,False,0.77,0.3,0,-14.659,1,0.237,0.232,7.92e-05,0.104,0.707,93.169,4,afrobeat,817073,2020-01-02 02:12,APAC
0bF5cHljGnTv14Rio2BBGL,The Dynamics,Version Excursions,The Creator Has a Masterplan,18,293626,False,0.781,0.601,8,-7.788,1,0.0286,0.322,0.0028,0.0933,0.822,121.001,4,afrobeat,269677,2020-01-02 02:13,LATAM
4Ygli0ds2PASXt19mG4j8m,Los Amigos Invisibles,Arepa 3000,Arepa 3000,20,155173,False,0.661,0.877,5,-6.969,1,0.0326,0.0252,0.729,0.161,0.911,110.111,3,afrobeat,403257,2020-01-02 02:14,US
0CbNE0yI2EZv9uIwXnP4p5,Jorge Drexler,Sus primeras grabaciones 1992-1994 (La luz que sabe robar- Radar),El valle de las leñas amarillas,18,353946,False,0.794,,2,-9.849,1,0.034,0.855,0.55,0.141,0.437,108.622,3,afrobeat,815708,2020-01-02 02:15,LATAM
3zkJuZ7sP69YTS3h8VNVME,BaianaSystem;Mahal Pita,Outras Cidades,Playsom (Mahal Pita Remix),20,155853,False,0.696,0.686,7,-8.207,1,0.0653,0.00899,0.000956,0.116,0.477,128.102,4,afrobeat,508411,2020-01-02 02:16,MENA
3Rx4fQLLlupxqm3inilnhd,Jor'dan Armstrong;Tim Bowman Jr.,Blsd (Deluxe),Pull Me Through,19,242428,False,0.669,0.754,5,-4.809,0,0.0875,0.339,0.0,0.646,0.543,118.091,4,afrobeat,964562,2020-01-02 02:17,US
6Io6ZmvDOYKm0WM8LY8l9b,Ricardo Lemvo,Shall We Salsa,Tata Masamba,18,284826,False,0.807,0.696,0,-8.106,0,0.0341,0.714,4.57e-06,0.247,0.931,91.029,4,afrobeat,107164,2020-01-02 02:18,EU
6BOncpUpOAP1kKJO13gOkA,The Bamboos,Rawville,My Baby's Cheating - I Sure Got the Feeling,19,223280,False,0.716,0.947,7,-6.244,1,0.0761,0.0548,0.000769,0.345,0.805,101.628,4,afrobeat,749651,2020-01-02 02:19,MENA
38raqcTQ3GEuJ48yBWoJaX,Orgone,Orgone,Karma Sutra,19,228173,False,0.651,0.949,6,-5.316,0,0.0497,0.019,0.85,0.11,0.963,98.336,4,afrobeat,832777,2020-01-02 02:20,EU
61h8qyAeuCoAPQEMhAcZWf,Femi Kuti,Hôtel Costes 2 La Suite,Sorry Sorry - Old School Afro Dub,18,444159,False,0.763,0.871,4,-8.779,0,0.055,0.0238,0.14,0.438,0.618,101.199,4,afrobeat,926073,2020-01-02 02:21,APAC
2ZOMnAID3cCIrboS3rWhqx,BaianaSystem,BaianaSystem,Vinheta Baiana,19,82760,False,,,9,-12.379,0,0.0645,0.82,0.834,0.241,0.722,121.578,4,afrobeat,241078,2020-01-02 02:22,MENA
7gZlWT3hzZnNJa6Zo45POE,The Shaolin Afronauts,Follow the Path,Baie de Sangareya,18,254106,False,0.605,0.74,5,-7.875,0,0.0385,0.0772,0.911,0.194,0.745,102.605,4,afrobeat,985765,2020-01-02 02:23,US
0y3MztD4t3mIPJdKTzYI2Z,Newen Afrobeat,Newen Afrobeat,P.D.T.N. (Prostituto de Transnacional),18,402386,False,0.68,0.777,5,-5.853,0,0.0317,0.0808,0.522,0.161,,105.052,3,afrobeat,453049,2020-01-02 02:24,US
7qGrjVQQmh6blinO4DyK3c,Fela Kuti,The Best of the Black President,Lady,18,828586,False,0.747,0.858,1,-8.081,1,0.0544,0.302,8.49e-05,0.115,0.536,106.693,4,afrobeat,416845,2020-01-02 02:25,US
1AkJ0KWEvJaziCj9XIdt1v,Manoel Cordeiro,Manoel Cordeiro & Sonora Amazônia,Cumbia da Simone,18,184832,False,0.721,0.777,4,-5.589,0,0.0362,0.504,0.85,0.128,0.782,114.014,4,afrobeat,419987,2020-01-02 02:26,EU
0OZt04ueuAb8LlRdyqY6BP,Orlando Julius;The Heliocentrics,Jaiyede Afro,Love Thy Neighbour,19,258333,False,0.628,0.93,7,-6.005,0,0.088,0.00866,0.804,0.103,0.699,108.168,4,afrobeat,674400,2020-01-02 02:27,EU
3wbqAY2w7UZCHbDyqn1ycV,The New Mastersounds;Jeff Franca;Lamar Williams Jr.,Shake It,Taking Me Down,20,281986,False,0.692,0.854,7,-8.608,1,0.0804,0.333,0.774,0.265,0.782,95.026,4,afrobeat,693363,2020-01-02 02:28,EU
4ejyjfSHDLKR2AtArlJJ0T,The Poets Of Rhythm,Practice What You Preach,The Plan,18,186226,False,0.782,0.935,2,-5.135,0,0.0632,0.127,0.0184,0.17,0.853,123.248,4,afrobeat,526538,2020-01-02 02:29,LATAM
4eJR8xYDtn8EhS3yUD8S3F,Ondatrópica,Café del Mar XXV (Vol. 25),Cumbia Espacial,20,244594,False,0.705,0.859,10,-9.539,0,0.0501,0.373,0.78,0.158,0.754,91.263,4,afrobeat,163932,2020-01-02 02:30,LATAM
2SxZhIMY31SHc73awIteKR,Metá Metá,MetaL MetaL,Rainha das Cabeças,19,230739,False,0.359,0.953,0,-5.549,1,0.0773,0.299,5.97e-05,0.112,0.658,98.935,3,afrobeat,987964,2020-01-02 02:31,EU
13wF870pnYuvSdrCHnqyvf,Jorge Drexler,Sus primeras grabaciones 1992-1994 (La luz que sabe robar- Radar),Vaivén,19,170693,False,,0.388,4,-9.831,1,0.0352,0.902,0.000169,0.154,0.539,155.018,3,afrobeat,299892,2020-01-02 02:32,MENA
5KvJ9xhL93jx9Q8IjDUbdw,Orquestra Brasileira de Música Jamaicana,Volume II,Pagode Russo,19,146906,False,0.751,0.868,10,-4.753,0,0.032,0.708,0.587,0.116,0.985,150.052,4,afrobeat,184426,2020-01-02 02:33,APAC
5MA7jaAdA1oZ2Jcrz5gqaJ,William Onyeabor,World Psychedelic Classics 5: Who Is William Onyeabor?,Let's Fall in Love,18,439280,False,0.713,0.958,8,-4.755,0,0.0605,0.461,0.952,0.109,0.961,131.462,4,afrobeat,637643,2020-01-02 02:34,EU
4HkGf5ZzUMMtN3bgZRGxhh,Plastilina Mosh,Aquamosh,Pornoshop,21,211160,False,0.635,0.822,2,-7.123,0,0.0378,0.000989,0.114,0.247,0.601,103.05,4,afrobeat,471137,2020-01-02 02:35,MENA
5aESR5wti306SsXUYGkEbU,Jackie Mittoo,The Keyboard King at Studio One,Stereo Freeze,19,185506,False,0.679,0.648,10,-9.967,1,0.0424,0.000521,0.0273,0.0871,0.952,102.627,4,afrobeat,654009,2020-01-02 02:36,EU
3NBweAfNWhU9Zu1xDLHAR8,Kutiman;Dekel,My Everything,My Everything,41,238577,False,0.594,0.552,7,-5.97,0,0.0254,0.105,0.000816,0.1,0.52,110.038,4,afrobeat,887984,2020-01-02 02:37,LATAM
1Trsjxw3OfwzIVsSuItgIa,Limoblaze;Johnny Drille,This Loving,This Loving,38,156831,False,0.564,0.483,11,-7.82,0,0.167,0.53,3.09e-06,0.0679,0.569,101.095,4,afrobeat,187592,2020-01-02 02:38,LATAM
5rJSFuBV3QBGTrywHJt5sA,Manu Dibango,African Voodoo,Coconut,44,131045,False,0.652,0.84,7,-7.198,0,0.0305,0.145,0.136,0.0468,0.955,113.623,4,afrobeat,355645,2020-01-02 02:39,LATAM
0Wm1tsC40GiduI9BgTcGDv,La Cumbia Chicharra,El Grito,¿ Quien Es ?,17,204360,False,0.79,0.647,10,-9.688,0,0.0475,0.602,0.862,0.0605,0.967,93.99,4,afrobeat,564913,2020-01-02 02:40,MENA
0oBjCx63OwKT7anxNGO48A,Limoblaze;Ada Ehi,God's Favourite Baby,Good God,37,215733,False,0.285,0.513,0,-7.324,1,0.0545,0.656,0.0,0.127,0.221,82.303,4,afrobeat,809012,2020-01-02 02:41,MENA
2Yayy5TW88lYwaA2ILPdix,TJ Cream;First Fire;Marko,Everyday,Everyday,17,188683,False,0.522,0.727,6,-5.118,1,0.0965,0.633,0.0,0.366,0.714,93.37,4,afrobeat,640578,2020-01-02 02:42,US
6aM1dvHvOjUSNbWsp3zLdJ,Rehmahz;Limoblaze,Victory,Victory,18,216868,False,0.672,,2,-8.284,0,0.336,0.486,0.0,0.149,0.411,126.599,5,afrobeat,444504,2020-01-02 02:43,LATAM
5CWqahxkgdxav7Exsx6qZ9,Elikem Kofi,Highly Confidential,Fever,17,200124,False,0.766,0.696,4,-7.859,0,0.128,0.0988,4.73e-05,0.557,0.521,107.977,4,afrobeat,649054,2020-01-02 02:44,MENA
2yLm7Y9foI71By8rAdYsFE,Dos Santos,Dos Santos,El Pescador,17,213186,False,0.562,0.722,4,-5.625,0,0.028,0.0132,0.897,0.114,0.887,100.747,4,afrobeat,981979,2020-01-02 02:45,APAC
5pptzEI1LJFtNrhFDH8Vet,Angeloh,Highway,What You Want,17,237918,False,0.77,0.584,4,-5.837,0,0.102,0.288,0.0,0.0926,0.669,114.96,4,afrobeat,532047,2020-01-02 02:46,MENA
5w7p6ON8mq80UkYrpg88S6,Zé Bigode Orquestra,Tikulafe,Tikulafe,17,295219,False,,0.77,11,-8.25,0,0.0394,0.0631,0.549,0.108,0.643,121.956,4,afrobeat,895175,2020-01-02 02:47,LATAM
1r3UZRusrbX8rz9YdWj6rx,Whitefield Brothers,In The Raw,Yakuba,18,194813,False,0.809,0.946,6,-4.464,1,0.0617,0.192,0.798,0.0577,0.911,90.73,4,afrobeat,801959,2020-01-02 02:48,US
6ysVxh7xhytlvlawdKCklQ,Orquestra Voadora,Ferro Velho,Amor,18,197746,False,0.664,0.875,5,-4.688,1,0.139,0.0917,0.449,0.132,0.626,104.925,4,afrobeat,371188,2020-01-02 02:49,LATAM
18OzYEBhFuusiRbvkhf6Zl,Menahan Street Band,Make the Road By Walking,Make the Road By Walking,51,183213,False,0.615,,10,-8.393,0,0.0317,0.0186,0.053,0.0825,0.902,90.847,4,afrobeat,324552,2020-01-02 02:50,MENA
5gDTvqxpIAAAXLIUPYKsTM,Limoblaze,Blind,Eledumare,17,200412,False,0.709,0.854,11,16.383,0,0.247,0.492,0.0,0.11,0.816,330.815,4,afrobeat,793173,2020-01-02 02:51,MENA
4K42ppHKqdf3798vUg1ult,Foli Griô Orquestra;Carlos Malta;Dofono de Omulu;Ekedi Nicinha,AJO,Awo,17,494532,False,0.594,0.716,11,-6.656,0,0.0472,0.217,0.0533,0.0539,0.931,133.407,4,afrobeat,286731,2020-01-02 02:52,APAC
1GXMf1AsiM1cdMMCtsffa1,Orgone,The Killion Floor,Do Your Thing,18,241200,False,0.586,0.702,4,-6.324,0,0.0482,0.553,0.00312,0.0943,0.69,143.434,4,afrobeat,403170,2020-01-02 02:53,APAC
0bIcfdH8VWCXcR0KNjDRF2,Chief Checker,Nigeria 70 - Lagos Jump,Africa Irie,17,342013,False,0.745,0.587,9,-8.101,0,0.163,0.0329,0.273,0.0922,0.86,131.977,4,afrobeat,311856,2020-01-02 02:54,LATAM
60xdLXU4rTPmPTPrfelJDf,Mandrill,Mandrill Is,I Refuse To Smile,18,247760,False,0.544,0.697,4,-7.36,0,0.0323,0.205,0.000121,0.193,0.654,87.557,4,afrobeat,645725,2020-01-02 02:55,US
78DMTISae46jqQmAAYHjJo,Zé Bigode Orquestra,Clube da Fumaça,Vai C Bom,18,193887,False,0.615,0.874,7,-6.186,0,0.0531,0.176,1.66e-05,0.0536,0.389,189.944,4,afrobeat,364725,2020-01-02 02:56,LATAM
0SOmYqBeGm7Hrd0lXseV2e,Criolo,Ainda Há Tempo,Ainda Há Tempo,18,318360,False,0.58,0.8,6,-7.528,1,0.345,0.281,0.0,0.0708,,81.303,4,afrobeat,692632,2020-01-02 02:57,LATAM
2Szjsv5SLiGyCPAraUnNvk,Gyedu-Blay Ambolley,Ketan,Ketan,17,357074,False,0.644,0.823,10,-6.564,1,0.0518,0.145,0.194,0.12,0.508,104.967,4,afrobeat,941358,2020-01-02 02:58,MENA
3iRkhxe3TU2fiwOLRJWzwx,Jor'dan Armstrong,CHURCH GIRLS LOVE R&B,WRONGS,18,192277,False,0.534,,11,-8.067,0,0.119,0.272,0.0,0.0961,0.506,126.018,4,afrobeat,846635,2020-01-02 02:59,LATAM
71JFDYGUhoBkH4w4CPMlUf,Lo'Jo;Vincent Ségal;Robert Wyatt,Cinéma El Mundo,Tout est fragile,17,255735,False,0.66,0.57,0,-8.677,1,0.0612,0.473,0.0,0.0687,0.808,120.104,4,afrobeat,953157,2020-01-02 03:00,APAC
3pbjRPcTq1UXgojOXxtkm4,Ikebe Shakedown,Ikebe Shakedown,Don't Contradict,17,236053,False,0.776,0.961,10,-5.986,0,0.0406,0.53,0.905,0.0897,0.942,136.005,4,afrobeat,122005,2020-01-02 03:01,EU
0JPGmJFun8zJ7c15Stj6Sk,Pat Kalla;Le Super Mojo,Hymne à la vie,Président,17,347772,False,0.774,0.719,10,-8.976,0,0.0486,0.0181,0.128,0.0781,0.89,132.025,4,afrobeat,509909,2020-01-02 03:02,APAC
0dHPFpfkj1PamVC5agtPkt,The Shaolin Afronauts,Follow the Path,Sissoko,17,246106,False,0.705,0.547,11,-9.558,0,0.0391,0.025,0.807,0.0814,,120.336,4,afrobeat,298141,2020-01-02 03:03,LATAM
3soJuLHTbi96kVgbLTKyeH,Ikebe Shakedown,Ikebe Shakedown,Five Points,17,203760,False,0.511,0.678,5,-9.048,1,0.0775,0.0387,0.926,0.0543,0.83,82.041,4,afrobeat,926080,2020-01-02 03:04,MENA
4VlJMfwRPnJHZ60TDZDshW,Jor'dan Armstrong,52 Weeks of Summer,Came Up,19,199876,False,0.72,0.441,5,-9.626,0,0.172,0.668,3.96e-05,0.116,0.309,96.01,4,afrobeat,740725,2020-01-02 03:05,LATAM
7cROqgeNkyYTMdQ5u5moGS,Cymande,Second Time Round,For Baby Ooh,18,137400,False,0.817,0.211,9,-16.785,1,0.136,0.948,2.62e-06,0.11,0.71,112.21,4,afrobeat,388198,2020-01-02 03:06,LATAM
0y5kQLkbgdCq6ezuXhaT4b,Samuca e a Selva,Coragem,Coragem,17,268181,False,0.802,0.644,9,-6.115,0,0.0511,0.0866,2.38e-06,0.529,0.813,124.029,4,afrobeat,607170,2020-01-02 03:07,EU
4cAKvnal7hgdawfCUOIx0T,El Michels Affair,Loose Change,Yennicita - Alternate Version,18,184560,False,0.619,0.585,2,-11.715,1,0.106,0.00463,0.882,0.35,0.642,167.942,4,afrobeat,644888,2020-01-02 03:08,MENA
7dUyPK22oxzTZ6NQKj1t4N,BaianaSystem,Lucro/Descomprimindo,Lucro/Descomprimindo,19,246280,False,0.713,0.825,9,-5.44,0,0.0335,0.147,0.00095,0.212,0.68,100.04,4,afrobeat,546044,2020-01-02 03:09,APAC
6ijWDxNwRbDbxh4QqxkRak,The Mauskovic Dance Band,Down in the Basement - EP,Tuto Bay,18,209805,False,0.716,0.511,6,-12.005,0,0.0792,0.00678,0.906,0.0633,0.929,133.028,4,afrobeat,526916,2020-01-02 03:10,MENA
3au2mSWBCtWcWsXUdx6WrH,Ernest Ranglin,Surfside,Surfing,19,225133,False,0.793,0.436,0,-7.624,0,0.0666,0.132,0.0143,0.0651,0.821,142.011,4,afrobeat,149688,2020-01-02 03:11,EU
4OnPHIPgUZq569yffEjt2G,Afrocidade,Afrocidade na Pista,Caju,18,31824,False,0.343,0.472,4,-17.477,0,0.401,0.314,2.26e-06,0.866,0.764,93.945,3,afrobeat,507215,2020-01-02 03:12,US
0YHoJxHfIM1vW9APg2nDCw,Orchestra Baobab,Bamba,Boulmamine,18,355933,False,0.649,0.618,9,-11.815,0,0.0418,0.737,0.163,0.098,0.752,139.307,4,afrobeat,413447,2020-01-02 03:13,MENA
188TDPhgzmi4Aul27nWlEf,The Bamboos,Tighten Up - Single,Tighten Up,18,230960,False,0.569,0.949,0,-4.694,1,0.0502,0.0224,0.862,0.0701,,131.921,4,afrobeat,836424,2020-01-02 03:14,EU
3EtsTQGKkUXaGDmMi7GRfD,BaianaSystem;Claudia Manzo,ATO 3: América do Sol,Capucha,20,174680,False,0.737,0.934,7,-4.171,1,0.147,0.162,6.58e-05,0.233,0.614,104.965,4,afrobeat,878589,2020-01-02 03:15,LATAM
1kDAQBl23CrUwt7FQOB8ef,Newen Afrobeat,Curiche,Voráz,18,327493,False,0.679,0.774,1,-8.074,1,0.0467,0.218,0.183,0.087,0.932,145.009,4,afrobeat,775373,2020-01-02 03:16,LATAM
3ZucFCxCGG9Jv1xuPJQF6t,BaianaSystem;ÀTTØØXXÁ,Outras Cidades,Calamatraca (ÀTTØØXXÁ Remix),19,182773,False,0.748,0.626,4,-6.909,0,0.212,0.0135,4.66e-05,0.0385,0.44,149.933,4,afrobeat,127803,2020-01-02 03:17,MENA
3hefAnE3N74TyKr9IB5LRf,Breakestra,Dusk Till Dawn,Back At The Boathouse,18,171704,False,0.763,0.925,11,-3.819,0,0.0406,0.0533,0.893,0.102,0.761,98.51,4,afrobeat,857103,2020-01-02 03:18,MENA
3mDXkZA0M9fmPU74QhmbgT,Newen Afrobeat,No Les Creeré,No Les Creeré,18,258662,False,0.746,0.829,1,-6.49,0,0.0603,0.153,4.9e-05,0.144,0.834,117.714,4,afrobeat,456792,2020-01-02 03:19,MENA
4JiXeUJqbIroO8Llxgjxwg,The Budos Band,Burnt Offering,Tomahawk,19,209213,False,0.514,0.85,9,-6.281,0,0.0371,0.00179,0.804,0.358,0.684,110.897,3,afrobeat,474731,2020-01-02 03:20,US
5sJFoe1ln1AzL3wr5AebUo,William Onyeabor,Atomic Bomb,Atomic Bomb,17,480146,False,0.761,0.382,1,-8.703,1,0.035,0.0279,0.00676,0.0562,0.966,116.887,4,afrobeat,950632,2020-01-02 03:21,LATAM
1ckR3uxg55MdmCJPL2vWrT,Los Amigos Invisibles,Live En Una Noche Tan Linda Como Esta Vol 1,Esto Es Lo Que Hay,20,445727,False,0.589,0.789,8,-7.194,1,0.0697,0.496,0.00134,0.771,0.312,104.178,4,afrobeat,880565,2020-01-02 03:22,APAC
4ApDoilVOSDv95B0pssAHy,Plastilina Mosh,All U Need Is Mosh,Jonaz Goes to Hollywood,21,244786,False,0.677,0.925,4,-5.607,0,0.343,0.178,6.78e-06,0.186,0.396,102.52,4,afrobeat,145792,2020-01-02 03:23,MENA
47uN75sZhcmhu947dzPkuo,Jorge Drexler,Sus primeras grabaciones 1992-1994 (La luz que sabe robar- Radar),Edén,18,177946,False,0.643,0.311,6,-12.188,1,0.0671,0.921,0.0477,0.111,0.773,137.278,4,afrobeat,423849,2020-01-02 03:24,EU
3N9qP0bV95JnvDvicZCIKQ,Jorge Drexler,Sus primeras grabaciones 1992-1994 (La luz que sabe robar- Radar),Equipaje,18,239360,False,0.785,0.393,4,-9.533,1,0.0429,0.928,0.218,0.0978,0.333,126.776,4,afrobeat,774734,2020-01-02 03:25,MENA
77R3mOaInbXGRjTjWlwjug,Hugh Masekela,60's Gold,Grazing In The Grass,19,156946,False,0.673,0.697,5,-6.953,1,0.0271,0.518,0.831,0.256,,107.46,4,afrobeat,584961,2020-01-02 03:26,US
1B6d6tSoQTZyYalEFVu86p,Eben;Nathaniel Bassey,No One Like You,No One Like You,40,317675,False,0.652,0.529,10,-5.761,1,0.0464,0.357,2.05e-05,0.235,0.488,129.861,4,afrobeat,331851,2020-01-02 03:27,EU
5aJI7OzC1n3XKVLgYAxgwj,Bacao Rhythm & Steel Band,55,PIMP,49,194972,False,0.672,0.858,3,-5.233,0,0.145,0.456,0.811,0.104,0.963,166.689,4,afrobeat,572298,2020-01-02 03:28,APAC
0z9GDwllWJctFf1u4b3QhZ,El Michels Affair;Piya Malik,Yeti Season (Deluxe Version),Zaharila,31,221097,False,0.378,0.596,0,-6.61,1,0.0316,0.0788,0.000628,0.488,0.501,81.873,4,afrobeat,879947,2020-01-02 03:29,APAC
1k3QxdsAYJMstaAV31ssId,The Poets Of Rhythm,Discern / Define,Plus Plus,17,306160,False,0.723,0.722,0,-7.085,0,0.0708,0.0218,0.686,0.219,0.604,95.558,4,afrobeat,300960,2020-01-02 03:30,EU
78UQDRUSnojL4fbcXNFSzQ,Jor'dan Armstrong,Blsd,Favor,18,277600,False,0.467,0.615,1,-6.037,1,0.0686,0.0881,0.0,0.194,,142.076,4,afrobeat,771460,2020-01-02 03:31,EU
5RfNONcEtbhBEGwAiDjoEv,Ocote Soul Sounds;Chico Mann;Quantic,A Pesar La Vida / Not Yet,A Pesar La Vida,18,197500,False,0.496,0.753,9,-6.673,0,0.139,0.0204,0.0547,0.363,0.456,99.876,4,afrobeat,761284,2020-01-02 03:32,MENA
2lR5gm2BEy1PFxPSuyTWBU,Morbo y Mambo,Boa,442,17,354253,False,0.558,0.819,7,-4.246,1,0.0401,0.000621,0.921,0.0898,0.276,132.005,4,afrobeat,897133,2020-01-02 03:33,MENA
7znOiQvrH4BlKqL7asr54l,The Sorcerers,In Search of the Lost City of the Monkey God,The People of the Forest,17,223619,False,0.86,0.548,10,-7.875,1,0.107,0.573,0.859,0.162,0.905,138.786,4,afrobeat,368147,2020-01-02 03:34,EU
1JBy48ChNqcBo6VDqD9f7y,TJ Cream;Beloved Music,Wisdom Seeker,Wisdom Seeker,18,223529,False,0.825,0.68,6,-6.816,0,0.156,0.135,0.0,0.109,0.722,96.029,4,afrobeat,294332,2020-01-02 03:35,MENA
672sXt55h2Ol2MTcbKR5Sw,Manu Dibango,African Voodoo,Groovy Flute,47,153097,False,0.678,0.845,3,-9.412,1,0.0392,0.791,0.782,0.0637,0.965,104.653,4,afrobeat,592888,2020-01-02 03:36,MENA
6cPzGLgdF4KW6U4Yr5AdTX,Marizu,Amazing,Amazing,17,183946,False,0.508,0.483,10,-6.883,0,0.0418,0.639,0.0,0.0902,0.523,133.207,5,afrobeat,578162,2020-01-02 03:37,MENA
2N8b6fVhlEfI5jObBLQF8k,Nomade Orquestra,Nômade Orquestra,Samurai,17,358947,False,,0.67,7,-8.638,0,0.0446,0.504,0.824,0.081,0.314,94.01,4,afrobeat,468581,2020-01-02 03:38,US
5x790rgT6jBLWKiWo2EeKU,Ocote Soul Sounds,Coconut Rock,Coconut Rock,16,195952,False,0.796,0.904,7,-10.571,0,0.106,0.503,0.531,0.675,0.762,88.001,4,afrobeat,801342,2020-01-02 03:39,LATAM
2C68iHWkQU0S8O2F1F0nqy,Sharyn;Triple O,In Full Bloom,Life,17,249102,False,0.666,0.565,1,-9.782,1,0.389,0.0722,0.0,0.104,0.263,180.071,4,afrobeat,819142,2020-01-02 03:40,MENA
3UhgLTSdfCO6MCEOnjchNx,La Misa Negra,La Misa Negra,Tierra,17,74520,False,0.629,,11,-6.696,1,0.0412,0.0259,0.784,0.078,0.193,120.042,4,afrobeat,321129,2020-01-02 03:41,MENA
2dm8zEG6pMfPJH6OffiHFJ,Maga Bo;BNegão,Quilombo do Futuro,Tempos Insanos,18,123901,False,0.871,0.889,6,-7.84,0,0.394,0.0218,4.07e-05,0.336,0.557,99.926,4,afrobeat,815975,2020-01-02 03:42,APAC
66BiFRIcXMTc1zxbU3Sh9a,Calle 13,Residente o Visitante,A Limpiar El Sucio,20,253426,True,0.618,0.825,2,-6.014,1,0.29,0.484,0.0,0.139,0.896,79.439,4,afrobeat,307671,2020-01-02 03:43,EU
5i2F9XzhI2nFcoxOOENe93,The Poets Of Rhythm,Discern / Define,The Jaunt,18,190680,False,,0.58,5,-6.879,1,0.0669,0.173,0.811,0.0761,0.626,108.304,4,afrobeat,466870,2020-01-02 03:44,EU
1l0rlELGQxoCAjaUer7jXw,Bacao Rhythm & Steel Band,The Serpents Mouth,Touchdown,18,154624,False,0.81,0.621,7,-6.077,0,0.0472,0.0264,0.816,0.201,0.837,95.911,4,afrobeat,124463,2020-01-02 03:45,US
6AYmNlxHIzmAW7mYeaqpNo,Metá Metá,M M 3,Ossanyn,18,283308,False,0.454,0.636,5,-7.768,0,0.0314,0.271,0.824,0.108,0.455,138.448,4,afrobeat,406354,2020-01-02 03:46,EU
2dowoN9yWHcP9yuOSbVSBm,Whitefield Brothers,In The Raw,Sol Walk,18,211226,False,0.7,0.933,5,-4.084,1,0.0605,0.166,0.195,0.0501,0.863,115.711,4,afrobeat,962662,2020-01-02 03:47,EU
7rUxkhbAsfGNg3YOqwwX4R,Jor'dan Armstrong,God Got Me,God Got Me,18,175856,False,0.787,0.726,7,-5.637,1,0.164,0.0719,0.00313,0.087,0.407,107.024,4,afrobeat,498305,2020-01-02 03:48,EU
1TVxTQCQmmjAB4IynAjX6g,Ocote Soul Sounds,Taurus,Agua Santa,16,247320,False,0.718,0.872,9,-5.572,0,0.0486,0.397,0.531,0.111,0.949,164.013,4,afrobeat,739014,2020-01-02 03:49,APAC
3yPZQKUWJp0iQxCkAh3hoM,Voilaaa,Manu écoute ça...,Manu écoute ça...,17,270193,False,0.851,0.776,11,-6.162,1,0.0737,0.29,0.027,0.0371,0.907,118.019,4,afrobeat,197133,2020-01-02 03:50,LATAM
74tjFjv7tXcKXCZsCJnwmy,The Sugarman 3,Sugar's Boogaloo,Sugar's Boogaloo,18,187933,False,0.62,0.559,3,-7.15,1,0.0311,0.661,0.577,0.0661,0.625,127.721,5,afrobeat,672003,2020-01-02 03:51,LATAM
4DQvQ14fFSaasGyaAQao6W,The Poets Of Rhythm,Discern / Define,Guiding Resolution,17,214706,False,0.639,0.638,10,-8.087,1,0.0434,0.228,0.807,0.0931,0.936,101.687,4,afrobeat,434417,2020-01-02 03:52,MENA
5MO8ptEfzOB2vL0Em14CmO,Voilaaa,On te l'avait dit,Jungle Fire,17,378020,False,0.81,0.612,10,-11.387,0,0.0571,0.156,0.925,0.22,0.598,116.803,4,afrobeat,769594,2020-01-02 03:53,LATAM
4amfVFqZ4yyDaKlJHYQ3ex,Romperayo,El Busetero Buscapleitos,El Busetero Buscapleitos,17,260580,False,0.434,0.87,8,-7.957,1,0.0354,0.0146,0.78,0.225,0.898,124.228,4,afrobeat,935216,2020-01-02 03:54,LATAM
0zSAH4WmhEvjbyCsjAn8Cl,El Michels Affair,Sounding Out the City,Ocho Rios,18,155306,False,0.775,,7,-7.105,1,0.0471,0.0791,0.847,0.129,0.529,94.62,4,afrobeat,578451,2020-01-02 03:55,US
5l0lm6XqgUfUVfo87EuTpD,Criolo,Nó na Orelha (Instrumental),Mariô (Instrumental),16,218600,False,0.724,0.585,10,-6.768,0,0.0919,0.00692,0.8,0.1,0.516,89.933,4,afrobeat,192544,2020-01-02 03:56,LATAM
5lARm9DU4b7mCHuTe8kbKb,Jackie Mittoo,Fire Selection,Drum Ting,19,259917,False,0.735,0.637,10,-9.044,0,0.15,0.715,0.915,0.179,0.964,83.352,4,afrobeat,528519,2020-01-02 03:57,EU
63FdlZpB78PwdeH29U7aTd,Jor'dan Armstrong,52 Weeks of Summer,Friends,18,202277,False,0.742,0.668,2,-3.871,0,0.0313,0.0152,0.0,0.156,0.806,97.009,4,afrobeat,210797,2020-01-02 03:58,LATAM
68B0UiX7JPWB8YKEDMK7ru,El Hijo De La Cumbia,Freestyle de Ritmos,Cumbia Regional,17,209711,False,0.576,0.887,2,-2.424,1,0.0325,0.00013,0.0642,0.165,0.592,109.957,4,afrobeat,504578,2020-01-02 03:59,MENA
5p5FBWIR81bz0IDza2Dozm,Lack Of Afro;Emma Noble,Hello Baby,Fires Glow,19,242940,False,0.633,0.681,5,-10.054,1,0.0343,0.38,0.016,0.665,0.622,110.004,4,afrobeat,155032,2020-01-02 04:00,LATAM
398y12FgBS3Vw2Q7hQH6bs,Los Amigos Invisibles,Arepa 3000,Pipi,20,133920,False,0.631,0.609,2,-8.221,1,0.0656,0.000932,0.61,0.157,0.702,174.968,4,afrobeat,676394,2020-01-02 04:01,US
3rllhj4WKYq3DG35DhCpRP,Juanafé;La Flor del Recuerdo,Parrilladas Vargas (Vol. II),Mi Último Fracaso,18,265086,False,0.457,0.332,0,-10.365,1,0.0356,0.791,8.22e-06,0.102,,164.096,3,afrobeat,379405,2020-01-02 04:02,APAC
1udcRyPUJr8B8N7hAE1Sdm,Los Amigos Invisibles,Arepa 3000,Masturbation Session,20,293386,False,0.843,0.822,5,-6.455,0,0.0865,0.0221,0.0158,0.182,0.86,117.971,4,afrobeat,281381,2020-01-02 04:03,MENA
1PphwDVGRYmR7tGMvdsfo5,The New Mastersounds,The Nashville Session,Burnt Back,19,224095,False,0.537,0.903,9,-6.951,1,0.0503,0.452,0.852,0.126,0.843,111.801,4,afrobeat,115573,2020-01-02 04:04,LATAM
6gaUC3ms3gCGggnfTdT2QL,BaianaSystem,BaianaSystem,Frevofoguete,18,206066,False,0.482,0.714,4,-8.796,0,0.0532,0.0127,0.903,0.107,0.656,155.103,4,afrobeat,899251,2020-01-02 04:05,US
4HA6HwaRTzB0b2hlFV1Ncb,Zé Bigode Orquestra;Guinu,Clube da Fumaça,Alfazema Y Guiné (feat. Guinu),17,118388,False,,0.761,6,-5.556,1,0.0576,0.162,0.0,0.256,0.912,129.911,4,afrobeat,853475,2020-01-02 04:06,APAC
1m25j7wivTQQMZebdPJyO8,BaianaSystem;Thiago França,ATO 3: América do Sol,Reza Frevo,18,96766,False,0.451,0.983,2,-7.436,0,0.347,0.0909,0.982,0.107,0.378,161.108,4,afrobeat,830576,2020-01-02 04:07,EU
5ZSnUYUX2cuOpsSbVo3Wot,Los Amigos Invisibles,Live En Una Noche Tan Linda Como Esta Vol 1,Yo No Se,20,132284,False,0.56,0.822,0,-9.234,1,0.032,0.256,0.712,0.561,0.962,131.774,4,afrobeat,152323,2020-01-02 04:08,MENA
4BPfhlDv2iYWwpFgaBf4yO,Calle 13,Los De Atrás Vienen Conmigo,Electro Movimiento,19,196986,False,0.803,0.86,8,-6.522,1,0.135,0.0782,4.45e-05,0.128,0.534,109.966,4,afrobeat,414606,2020-01-02 04:09,US
6v3BRYhBazEhyhm6FeKXL2,Newen Afrobeat,Curiche,Come y Calla,17,540346,False,0.795,0.857,11,-7.772,0,0.0492,0.526,0.457,0.0968,0.845,97.01,4,afrobeat,974213,2020-01-02 04:10,US
6cLtKtakegCY6n7iepcLYJ,Ebo Taylor;Uhuru-Yenzu,Conflict,Love and Death,18,499733,False,,0.92,0,-7.478,1,0.0563,0.158,0.0797,0.0743,0.811,108.979,4,afrobeat,620747,2020-01-02 04:11,APAC
3C0K6ldyghoPafc1rde6qJ,Plastilina Mosh,Juan Manuel,Tiki Fiesta,19,187173,False,0.768,0.688,10,-9.079,0,0.0431,0.103,0.73,0.113,0.4,125.112,4,afrobeat,215645,2020-01-02 04:12,EU
5SdeTZrJw0QKJ2J7H1afi7,Metá Metá,MetaL MetaL,Man Feriman,18,460120,False,0.475,0.76,8,-6.128,1,0.0405,0.276,0.000137,0.367,0.359,109.977,4,afrobeat,226924,2020-01-02 04:13,US
0dQwKBwUx7bPLjksSyHYYZ,Plastilina Mosh,Tasty + B Sides,Te Lo Juro Por Madonna (Si Omba Ta Gueno),19,181026,False,0.517,0.966,9,-5.724,0,0.0568,0.000439,0.0864,0.123,0.711,98.14,4,afrobeat,336800,2020-01-02 04:14,EU
0MAjodNUjLlzRw9hd65QiS,Los Amigos Invisibles,The New Sound of the Venezuelan Gozadera,Mango Cool,19,174293,False,0.527,0.883,0,-6.799,0,0.0316,0.0204,0.755,0.0913,,155.135,4,afrobeat,975110,2020-01-02 04:15,US
0gGslfeZ5GjK19VcS82Sqa,Kutiman,Mix Tel Aviv,Mix Tel Aviv,36,277438,False,0.751,0.688,0,-8.023,1,0.0436,0.102,0.84,0.0799,0.403,120.96,4,afrobeat,252650,2020-01-02 04:16,LATAM
6TRYv8brfH12SfgV8lMraP,Akalé Wubé,Mata,Mata,44,230853,False,0.569,0.496,4,-11.423,0,0.0674,0.393,0.924,0.11,0.808,82.822,4,afrobeat,912602,2020-01-02 04:17,EU
2WcN7sgqqFNZMiMEeLvE3A,TB1,Thank You,Thank You,39,235826,False,0.775,0.808,1,-2.038,0,0.0465,0.113,0.0,0.0628,0.912,115.011,4,afrobeat,710211,2020-01-02 04:18,US
5outtQyJ8AQxd4ykOyu8XV,Louis Pascal,Life of Grace,Life of Grace,34,205973,False,0.59,0.491,0,-9.304,0,0.233,0.0128,4.71e-05,0.143,,193.616,4,afrobeat,929706,2020-01-02 04:19,APAC
44kT6XsCkSGb9wNQ5qGXvg,Jungle Fire,Tropicoso,Comencemos (Let's Start),44,152600,False,0.666,0.903,0,-6.462,1,0.0456,0.23,0.616,0.151,0.913,111.84,4,afrobeat,843410,2020-01-02 04:20,MENA
7EUnYSsHzHMgAg6pLmAYfx,Oneness Of Juju,Breezin',Breezin',17,329333,False,0.616,0.476,11,-11.388,1,0.0536,0.687,0.599,0.0991,0.862,80.318,4,afrobeat,398946,2020-01-02 04:21,EU
4I6a6PjNI9RGVt402sTeqh,Becca Folkes,In My Own Words,He Turned It,17,243408,False,0.663,0.872,0,-5.162,1,0.0692,0.0221,8.37e-05,0.0806,0.585,97.0,4,afrobeat,845105,2020-01-02 04:22,APAC
4CuXyFGGXns7BvvYYCaWA0,Greyboy,Soul Mosaic,Omega,19,64693,False,0.755,0.876,2,-8.079,1,0.0729,0.014,0.826,0.0641,0.894,108.383,4,afrobeat,252221,2020-01-02 04:23,EU
174aZteQew30wcq8sPzlW6,Ikebe Shakedown,Stone by Stone,Rio Grande,46,230986,False,0.445,0.605,11,-7.509,0,0.0304,0.25,0.76,0.321,0.692,162.588,4,afrobeat,361872,2020-01-02 04:24,LATAM
3oZWXld4ObidTo8tShLNxZ,TJ Cream;Ozoro,Haven`t You Heard?,Haven`t You Heard?,17,189048,False,0.865,0.443,6,-11.879,0,0.414,0.148,0.0,0.0609,0.738,160.001,4,afrobeat,290594,2020-01-02 04:25,MENA
6CtD4OlyP18mLPEhBotviY,Jaron Nurse,Uncommon,Uncommon Girl,17,144065,False,0.908,0.631,4,-9.078,0,0.0543,0.128,0.000897,0.165,0.819,110.048,4,afrobeat,219851,2020-01-02 04:26,APAC
342MrQja9hV0VipxM0iuNr,Maga Bo;Mestre Camaleão,Quilombo do Futuro,É da Nossa Cor,17,195386,False,0.668,0.873,3,-3.887,0,0.0558,0.422,0.0,0.355,0.771,116.968,4,afrobeat,181001,2020-01-02 04:27,US
1QGpYmCjN9Jp4MGXXKnlRt,Victor Rice,Drink,The Demander,18,138817,False,0.678,0.785,11,-8.721,0,0.044,0.00941,0.811,0.17,0.995,141.557,4,afrobeat,268659,2020-01-02 04:28,US
6zeOuFLzYvFOfwedcmz7Nu,Sharyn,In Full Bloom,Burn Brighter / Like I do,17,204661,False,,0.662,6,-7.488,0,0.0618,0.33,0.00172,0.573,0.487,113.003,4,afrobeat,208099,2020-01-02 04:29,APAC
7HuER5q1a5dJ0uKrfGrMCj,Jlyricz,Searching,Searching,16,190714,False,0.552,0.424,8,-6.649,1,0.0722,0.604,0.0,0.0849,0.596,204.128,3,afrobeat,442382,2020-01-02 04:30,MENA
0PXa2lGQZBqatc4iLCDF7Y,Speedometer,Our Kind of Movement,Funky Amigo,17,203414,False,0.862,0.673,10,-9.92,0,0.0492,0.0568,0.796,0.0737,0.823,113.427,4,afrobeat,164174,2020-01-02 04:31,US
46XxyeE0hOs9RVJWihUZiu,Jungle Fire,Tropicoso,Culebro,16,234333,False,0.581,0.871,5,-7.66,0,0.042,0.00707,0.713,0.0724,0.91,118.497,4,afrobeat,155148,2020-01-02 04:32,EU
2GS8EFnNZIkWCW4dpvwEVa,Monomono,Give The Beggar A Chance,Give The Beggar A Chance,16,357266,False,,0.721,7,-8.986,1,0.0386,0.503,0.00013,0.468,0.947,163.452,3,afrobeat,990839,2020-01-02 04:33,LATAM
2qauC97rpj9Z9owo2RIqHI,Eddie Neblett,Walking in Authority,100% Worship,17,216893,False,,0.73,1,-11.053,1,0.512,0.447,0.0,0.0711,0.932,120.145,4,afrobeat,178924,2020-01-02 04:34,APAC
1TIr3Py2sKuNPXSe4nhVQE,Hugh Masekela,Still Grazing,Been Such A Long Time Gone,18,239426,False,0.538,0.663,2,-9.609,1,0.0364,0.236,0.00175,0.084,0.699,106.814,4,afrobeat,166651,2020-01-02 04:35,LATAM
3LJjkv2PGHC7mnpCJ7O4uU,Girma Bèyènè;Akalé Wubé,Mistakes on Purpose (Ethiopiques 30),Bèmèlkesh Aydèlèm,18,568506,False,0.76,0.626,10,-12.927,0,0.0789,0.562,0.221,0.0804,0.857,99.991,4,afrobeat,127095,2020-01-02 04:36,MENA
2cAz2Kjy2Zo1aFav7iITEC,Ikebe Shakedown,Ikebe Shakedown,Sakonsa,16,152040,False,0.603,0.984,7,-6.256,1,0.0377,0.174,0.851,0.131,0.922,131.249,4,afrobeat,219287,2020-01-02 04:37,MENA
2XWx3cUPgju22NUCbv5e1X,Jungle Fire,Tropicoso,Village Hustle,16,240400,False,0.785,0.874,4,-8.122,0,0.0485,0.0782,0.816,0.0728,0.962,120.102,4,afrobeat,575126,2020-01-02 04:38,APAC
6jxGGknzB1s1fnCKvRt2NC,Niña Dioz;Shigeto,Reyna,Nubes (feat. Shigeto),19,184991,False,0.891,0.855,7,-3.991,1,0.0922,0.0234,0.0215,0.0799,0.527,115.0,4,afrobeat,844528,2020-01-02 04:39,EU
1CmiXotreN0ISdnfH5an5C,Ikebe Shakedown,Ikebe Shakedown,The Viking,16,273280,False,0.732,0.967,7,-6.559,1,0.0514,0.332,0.882,0.0555,0.755,110.103,4,afrobeat,761402,2020-01-02 04:40,MENA
6c5flx9Sfv7qCFlx1aVPSG,Tony Allen,Film Of Life,Ewa,17,251146,False,0.692,0.884,1,-8.655,1,0.0632,0.0317,0.885,0.087,0.19,112.976,4,afrobeat,622215,2020-01-02 04:41,APAC
2Vpc8EmFu6yz8ERrl47mwm,Geraldo Pino;The Heartbeats,DJ-Kicks (Motor City Drum Ensemble) [DJ Mix],Black Woman Experience - Mixed,17,170493,False,0.719,0.736,9,-12.658,0,0.0506,0.447,0.933,0.121,0.372,123.326,4,afrobeat,176522,2020-01-02 04:42,US
2aSlPgChCAMHVX2TnfgNXA,BaianaSystem;Bule Bule,ATO 3: América do Sol,Vixe,18,66866,False,0.535,0.636,7,-6.285,1,0.044,0.877,0.000381,0.227,0.526,111.069,4,afrobeat,796974,2020-01-02 04:43,LATAM
1qDozvANiff3iPglEdPJub,Tony Allen;Ty,HomeCooking,Woman To Man,17,287560,False,0.898,0.801,7,-7.586,1,0.0845,0.0105,0.000312,0.125,0.724,115.028,4,afrobeat,133526,2020-01-02 04:44,MENA
1DTljJvfLMNDhbUgy3Jbmt,Mulatu Astatke,Sketches of Ethiopia (Bonus Track Version),Hager Fiker,17,368546,False,0.677,0.684,10,-12.91,0,0.0504,0.953,0.884,0.0885,0.948,92.185,4,afrobeat,667820,2020-01-02 04:45,MENA
20YRsH03UqJH37NLydGdgo,Tony Allen,Lagos No Shaking,Ise Nla,18,319533,False,0.774,0.907,0,-9.914,1,0.04,0.304,0.064,0.136,0.962,110.0,4,afrobeat,468398,2020-01-02 04:46,LATAM
2ECHfbGbzm8gTFBAqUMZUw,El Rego;Kill Emil,Afro Edits,E Nan Mian Nuku,17,235102,False,0.753,0.877,10,-7.837,0,0.0434,0.00721,0.247,0.0695,0.866,97.985,4,afrobeat,893956,2020-01-02 04:47,EU
4L7JX8Uq8VsDRCX8WeePop,Tony Allen,Film Of Life,Tiger's Skip,17,231640,False,0.727,0.481,8,-10.002,1,0.0554,0.0266,0.821,0.094,0.451,147.327,4,afrobeat,376779,2020-01-02 04:48,APAC
4ZVleinztyDBkZkuhybPBY,BaianaSystem;Buguinha Dub;Antonio Carlos & Jocafi;Orquestra Afrosinfônica,Futuro Dub,Água (Adubada),18,206848,False,0.486,0.586,2,-8.539,0,0.032,0.638,0.59,0.966,0.393,96.954,4,afrobeat,674620,2020-01-02 04:49,APAC
22RPKKHCEqiEYQMjc7Ed9o,William Onyeabor,Anything You Sow,When The Going Is Smooth & Good,17,773800,False,0.826,0.629,3,-6.158,1,0.0486,0.357,0.38,0.0967,0.54,128.164,4,afrobeat,495995,2020-01-02 04:50,EU
2AsbwhBYcjeA6gkeyOrFMR,The Budos Band,The Budos Band EP,Smoke Gets In...,18,222906,False,0.513,0.347,9,-13.798,1,0.0293,0.000155,0.894,0.0895,0.279,107.468,4,afrobeat,569912,2020-01-02 04:51,MENA
4jnwxGBr5mxl8ZoE8OwW7C,Orchestra Baobab,Day of the Dead,Clementine Jam,18,300413,False,0.545,0.664,7,-8.202,1,0.0508,0.0655,0.0642,0.113,0.333,96.602,4,afrobeat,944917,2020-01-02 04:52,US
2A9PS0ab2c3Jl8E4pRXYW1,Los Amigos Invisibles,Live En Una Noche Tan Linda Como Esta Vol 1,Que Rico,20,146076,False,0.556,0.75,0,-8.921,1,0.043,0.276,0.0793,0.455,0.715,130.915,4,afrobeat,741474,2020-01-02 04:53,MENA
3aYgbR0WJfwCRjnRcQqRo0,Bixiga 70,Bixiga 70 (2011),Balboa Dub,17,264973,False,0.644,0.831,11,-8.835,0,0.0343,0.221,0.895,0.127,0.759,126.061,4,afrobeat,473099,2020-01-02 04:54,LATAM
28i8wrtierqlLXenXZqgRL,Samuca e a Selva,Ditados Populares Dançantes,Vermelhos de Ciclos,16,242000,False,0.753,0.728,10,-6.071,0,0.0563,0.0159,0.0652,0.107,0.59,144.003,3,afrobeat,502653,2020-01-02 04:55,US
6M9fk5rI2xnn7piX9TxNtl,Los Amigos Invisibles,Commercial,Como Sabes Tú,19,219226,False,0.5,0.926,11,-5.52,0,0.0398,0.000692,0.722,0.157,0.732,74.973,4,afrobeat,734113,2020-01-02 04:56,EU
4ZejXkTaVyw3KffEcS86ix,Jorge Drexler,Sus primeras grabaciones 1992-1994 (La luz que sabe robar- Radar),Tatuaje,18,301413,False,0.532,0.571,9,-7.792,1,0.0282,0.6,0.0955,0.341,0.215,79.529,4,afrobeat,411457,2020-01-02 04:57,EU
7nGzwkF6wwtdgSu94qmqSf,Samuca e a Selva,Tudo Que Move É Sagrado,Amor de Índio,17,275149,False,0.57,0.386,7,-13.635,1,0.121,0.646,8.95e-05,0.18,0.316,150.141,3,afrobeat,251071,2020-01-02 04:58,APAC
3HXwqoy1n9IEJVEnL6CC1E,Hugh Masekela,Hope,Marketplace,18,331040,False,0.696,0.249,5,-17.176,1,0.0559,0.678,1.56e-05,0.472,0.558,92.286,4,afrobeat,520886,2020-01-02 04:59,US
73YJWP6w5D84mED9wQodIE,Hugh Masekela,Pure Sounds of Africa,Chileshe,17,378893,False,0.656,0.85,5,-3.685,1,0.0317,0.415,0.000192,0.207,0.443,88.955,4,afrobeat,161402,2020-01-02 05:00,MENA
7syRb4LX1tdcCceUX0Q764,Mulatu Astatke;The Heliocentrics,Inspiration Information 3,Chinese New Year,17,226400,False,0.57,0.698,1,-10.008,1,0.0348,0.224,0.857,0.153,0.715,116.416,5,afrobeat,252742,2020-01-02 05:01,US
1qlSlUzvKDuBlETIxwmVJF,Antibalas,Talkatif,Talkatif,16,576133,False,0.695,0.942,8,-6.379,1,0.0774,0.206,0.301,0.298,0.851,136.029,4,afrobeat,478637,2020-01-02 05:02,MENA
1401jEwuaQoh40lXA07jUg,Plastilina Mosh,Aquamosh,Savage Sucker Boy Featuring Pocahontas Freaky Groove,19,212893,False,0.324,0.826,11,-8.127,0,0.144,0.00703,7.85e-06,0.682,0.588,128.375,4,afrobeat,816913,2020-01-02 05:03,MENA
7pW8qktBmU1SLIDeiVb8PP,Lara George,Higher,Dansaki,39,324572,False,0.701,0.94,4,-2.963,1,0.0497,0.0619,0.0288,0.0962,0.945,139.497,3,afrobeat,803274,2020-01-02 05:04,EU
2WaesAINqa4dKnLVu8JQKS,The Dynamics,Disco Reggae,Move on Up,48,292571,False,0.845,0.769,11,-7.838,0,0.036,0.146,0.355,0.0917,0.969,145.985,4,afrobeat,334633,2020-01-02 05:05,APAC
1u5CtLtLmmY4KIe4k94XtA,El Michels Affair,Yeti Season (Deluxe Version),Ala Vida,42,232357,False,0.647,0.386,1,-10.388,1,0.0571,0.67,0.906,0.146,0.491,80.833,4,afrobeat,479734,2020-01-02 05:06,MENA
75lisbgzhfJdIt5YdPuAWP,Jorge Drexler,Frontera,La edad del cielo,56,219493,False,0.668,0.261,7,-13.003,1,0.0405,0.588,0.000391,0.116,0.282,147.446,4,afrobeat,238178,2020-01-02 05:07,US
0BkI4Yoh4a6p3v0PXogsjs,Nomo,LP,Discontinued,16,482786,False,0.394,0.73,5,-8.74,0,0.0679,0.0437,0.854,0.179,0.795,85.866,4,afrobeat,779718,2020-01-02 05:08,EU
1Bx3trnFdCStyiV5PF0vkj,The Budos Band,The Budos Band,T.I.B.W.F.,52,160600,False,0.674,0.607,1,-7.76,1,0.057,0.0124,0.87,0.147,0.712,77.845,4,afrobeat,321716,2020-01-02 05:09,MENA
7uiNQlqo95kRej5PcPrq4U,A Mose,Faraway,Faraway,16,171702,False,0.701,0.739,3,-5.209,0,0.0585,0.0855,0.00369,0.0887,0.247,100.981,4,afrobeat,819572,2020-01-02 05:10,LATAM
6MMXwZyjQhw6HaIwFGW0JI,Girma Bèyènè;Akalé Wubé,Mistakes on Purpose (Ethiopiques 30),Enkèn Yèlélèbesh,45,238440,False,0.74,0.492,5,-8.72,0,0.0366,0.589,0.000796,0.119,0.893,128.648,4,afrobeat,857862,2020-01-02 05:11,EU
5ubvcUYndr5yA09c1OynaB,Buyepongo,Cantarito,Cantarito,17,324986,False,0.571,0.783,4,-7.893,0,0.0561,0.317,0.579,0.131,0.866,121.39,4,afrobeat,720175,2020-01-02 05:12,MENA
5gXeGIJCGNycRlkoBIpBeJ,J Prince,Om3ga: Krng the Mixtape,Must Reach,17,184800,False,0.808,0.778,6,-4.791,1,0.0807,0.198,0.0,0.101,0.613,100.009,4,afrobeat,397180,2020-01-02 05:13,APAC
6KKIxIWUL2dOn4CxmvY0H9,Calle 13,Residente o Visitante,El Avión Se Cae,19,257693,True,0.759,0.78,0,-8.007,1,0.0385,0.0024,0.0506,0.321,,125.05,4,afrobeat,957617,2020-01-02 05:14,EU
77bHEazbuFqK3tTvoHFWQ3,Assagai,Assagai,Telephone Girl,17,214533,False,,0.52,1,-12.658,1,0.08,0.0758,7.95e-05,0.089,0.966,102.502,4,afrobeat,717444,2020-01-02 05:15,US
6yJUTxxr6IDc6A9nsQAoGy,Bacao Rhythm & Steel Band,Expansions,Represent,17,199398,False,0.717,0.513,4,-7.916,0,0.0337,0.00956,0.813,0.112,0.79,92.968,4,afrobeat,681254,2020-01-02 05:16,EU
34Qr17Bzt50nD101GsIsh8,Morbo y Mambo,Boa,Chori 95,17,251453,False,0.472,0.821,7,-6.471,0,0.0415,0.000143,0.792,0.121,0.519,95.93,4,afrobeat,870767,2020-01-02 05:17,MENA
6mmyRIjtOmYDYxaFRDByfY,J Prince,Unlimited,Blood,17,216442,False,0.85,0.902,9,-5.441,1,0.257,0.13,1.73e-05,0.0867,0.836,127.968,4,afrobeat,893321,2020-01-02 05:18,EU
6Pwk5rWWIkBgwkl62lXjBp,Bacao Rhythm & Steel Band,55,Tender Trap,17,213631,False,0.69,0.707,0,-3.826,1,0.0986,0.16,0.773,0.0373,0.746,94.275,4,afrobeat,169970,2020-01-02 05:19,APAC
6DBqULxLjq66GX2dim7opR,Lack Of Afro,Press On,The Outsider,49,227346,False,0.681,0.838,0,-6.538,1,0.0797,0.0874,0.49,0.348,0.456,112.608,4,afrobeat,893391,2020-01-02 05:20,LATAM
04fpUM7YWaU5EQEohGpw4y,Voilaaa;Rama Traore,Voiciii,Tu Mens Devant Moi,17,247255,False,0.817,0.601,7,-11.881,0,0.0424,0.0685,0.00666,0.0719,0.847,129.971,4,afrobeat,788521,2020-01-02 05:21,LATAM
3i0diO0lN4p4tfvomLBKNP,Orgone,Sweet Feet,Sweet Feet,18,229633,False,0.766,0.722,9,-7.949,0,0.0549,0.0335,1.01e-05,0.0791,0.842,122.369,4,afrobeat,285869,2020-01-02 05:22,MENA
3yw51GwjMWYYK9RkNfcHr9,Voilaaa;Lass;JKriv,Remixes,Ku La Foon - JKriv Remix,16,398280,False,,0.598,9,-11.6,0,0.0634,0.0561,0.268,0.0476,0.86,119.998,4,afrobeat,376898,2020-01-02 05:23,MENA
78U7dsruM76CzAnTSZ4npT,The Funkees,Dancing Time: The Best of Eastern Nigeria's Afro Rock Exponents 1973-77,Akula Owu Onyeara,39,448914,False,0.701,0.702,5,-10.323,0,0.122,0.525,0.0486,0.235,0.885,110.721,4,afrobeat,777397,2020-01-02 05:24,EU
2J151Q4dYeMJ4y4scrmrjE,Los Pirañas,Historia natural,Puerta del sol,16,270090,False,0.573,0.856,9,-7.321,0,0.0392,0.0736,0.79,0.0889,0.929,103.748,4,afrobeat,294959,2020-01-02 05:25,EU
3mNtJ94LS5gTrclSCE9w9r,Ebo Taylor;Pat Thomas;Henrik Schwarz,Ene Nyame (Henrik Schwarz Blend),Eye Nyam Nam 'A' Mensuro - Henrik Schwarz Blend,49,563866,False,0.761,0.626,5,-12.634,1,0.0421,0.0172,0.634,0.0879,0.715,124.024,4,afrobeat,507173,2020-01-02 05:26,EU
4iJpsYr99D3Me2baq7kke9,Voilaaa;Pat Kalla,Voiciii,Faut Pas Dire Des Choses Comme Ça,16,275162,False,0.738,0.717,6,-13.001,0,0.391,0.473,1.39e-05,0.21,0.936,134.668,4,afrobeat,720010,2020-01-02 05:27,APAC
0CDucx9lKxuCZplLXUz0iX,Buena Onda Reggae Club,Disco 2,Song for Rollins,16,219346,False,0.841,0.577,0,-7.544,1,0.0438,0.238,0.86,0.0571,0.843,90.522,4,afrobeat,685439,2020-01-02 05:28,LATAM
64hHlwJnvR9bOgSF5fYXjN,Timoneki,Timoneki,Donde Vas,16,271457,False,0.564,0.62,7,-7.976,0,0.0399,0.0443,0.0133,0.0798,0.487,180.008,4,afrobeat,918816,2020-01-02 05:29,EU
3yTF02CGqSPhca4sRk2rsw,The Daktaris,Soul Explosion,Upside Down,16,254920,False,0.66,0.807,8,-8.557,0,0.0531,0.103,0.662,0.0688,0.754,113.893,4,afrobeat,200383,2020-01-02 05:30,US
7iX4C1EgJgtt5ocP5IRrMt,Brownout;Brown Sabbath;Alex Maas,Brownout Presents Brown Sabbath,Hand of Doom,17,463991,False,0.379,0.543,0,-8.478,0,0.0445,0.0418,0.000456,0.109,0.377,146.446,4,afrobeat,365516,2020-01-02 05:31,LATAM
1o4uajX6p6vKceoABwOwFP,Eddie Neblett,Elevation,Stepping Out,17,256391,False,0.75,0.705,0,-9.782,1,0.101,0.198,1.13e-06,0.0862,0.815,119.898,4,afrobeat,986390,2020-01-02 05:32,APAC
7AiUG3LelStERLJbmEBXjd,Vaudou Game,Tata fatiguée,Tata fatiguée,17,223350,False,0.76,0.667,8,-6.134,0,0.0536,0.306,0.000189,0.089,0.946,109.774,4,afrobeat,611949,2020-01-02 05:33,US
7cQj1y3ggERp3Jx0NdHIko,La Misa Negra,La Misa Negra,Vení Pa’ Ca,16,219466,False,0.646,0.486,0,-6.628,0,0.0539,0.00135,0.000892,0.68,0.931,160.104,4,afrobeat,323836,2020-01-02 05:34,MENA
4fvsRG68AC7biwypJu6nUX,Lack Of Afro,My Groove Your Move (Bonus Version),Beautiful Here,17,232546,False,0.833,0.675,0,-9.076,1,0.0413,0.0493,0.822,0.1,0.442,110.865,4,afrobeat,360850,2020-01-02 05:35,MENA
1HFNvYXrTjnYzk1M4SqRc7,Plastilina Mosh,Singles,Nordic Laser,17,141333,False,0.364,0.977,9,-4.196,1,0.0649,0.000498,0.896,0.12,0.293,147.087,4,afrobeat,405290,2020-01-02 05:36,APAC
1k7UlCzJwIo9Nw3019cTBK,Lack Of Afro;Camila Recchio;Wax,I'm Here Now,You Could Do Better,18,159975,False,0.701,0.704,2,-5.541,1,0.0335,0.115,8.85e-06,0.0402,0.71,96.067,4,afrobeat,598856,2020-01-02 05:37,LATAM
6XuzaFblCTQdVoq4AY75kW,Calle 13,Calle 13 (Clean Version),Cabe-c-o,19,213253,False,0.733,0.732,11,-5.761,0,0.277,0.447,0.0,0.122,0.777,91.928,4,afrobeat,356087,2020-01-02 05:38,MENA
2a4pTooehkmiD7hQ5DeyC5,Manu Dibango,African Voodoo,Soul Saxes Meeting,17,178428,False,0.636,0.826,3,-7.486,1,0.0585,0.461,0.271,0.141,0.731,102.809,4,afrobeat,659675,2020-01-02 05:39,APAC
32d69uoG858viWjUaAndgo,Jor'dan Armstrong;DIXSON,Vibes,No Way (feat. Darius Scott),18,314315,False,,0.596,6,-8.075,0,0.0431,0.0864,0.0,0.377,0.348,99.96,4,afrobeat,500740,2020-01-02 05:40,LATAM
3W515NICo3xbpXaymNDFPx,Ebo Taylor,Yen Ara,Mind Your Own Business,18,313866,False,0.622,0.907,7,-9.021,1,0.047,0.0381,0.0902,0.0819,,125.77,4,afrobeat,649301,2020-01-02 05:41,LATAM
5YSYkE4AD6KBL7mz5qKuFc,Lafayette Afro Rock Band,Malik,I Love Music - Remastered,17,430986,False,0.512,0.851,5,-6.583,0,0.0301,0.000473,0.922,0.056,0.73,132.212,4,afrobeat,239608,2020-01-02 05:42,MENA
4MTlCpVmNYut1jee7533pS,The Poets Of Rhythm,Practice What You Preach,It Came Over Me,17,208933,False,0.438,0.393,11,-8.877,0,0.0276,0.41,5.59e-05,0.312,0.533,60.587,4,afrobeat,661191,2020-01-02 05:43,LATAM
0sleOewdchPv0eTOHzlYEF,Jorge Drexler,Sus primeras grabaciones 1992-1994 (La luz que sabe robar- Radar),Radar,18,247586,False,0.575,0.771,2,-5.977,1,0.0395,0.199,0.00019,0.0882,0.696,77.394,4,afrobeat,932266,2020-01-02 05:44,EU
5Gmf4c1oRbQWQgZ8IB7PjU,Jor'dan Armstrong,Blsd (Deluxe),Reverse Effect,17,306372,False,,0.486,0,-7.189,0,0.193,0.36,0.0,0.0915,0.415,139.957,4,afrobeat,221571,2020-01-02 05:45,MENA
4dKAXHyIN8xkLTl5OIL9FN,Mulatu Astatke,Strut Afro-Beats,I Faram Gami I Faram - taken from Mulatu Steps Ahead,17,333400,False,0.538,0.593,5,-7.798,0,0.0388,0.871,0.878,0.0596,0.741,86.564,4,afrobeat,394698,2020-01-02 05:46,EU
1aAnuZ5RNefagXxjdmu4FI,Orgone,The Killion Floor,It's What You Do,17,374853,False,0.746,0.811,7,-9.713,0,0.035,0.157,0.814,0.0703,0.914,109.133,4,afrobeat,724185,2020-01-02 05:47,APAC
3BT0bKpJTZWYNuH5epKyOT,Samuca e a Selva,Ditados Populares Dançantes,Sincronia,16,212683,False,0.791,0.546,11,-8.81,0,0.0436,0.034,0.0211,0.0464,0.843,100.064,4,afrobeat,655663,2020-01-02 05:48,APAC
7znoPLEFkoV16HW4qTSmXz,Mulatu Astatke;The Heliocentrics,Inspiration Information 3,Live From Tigre Lounge,17,174053,False,0.656,0.809,11,-8.175,0,0.073,0.000881,0.886,0.105,0.872,132.404,4,afrobeat,707274,2020-01-02 05:49,LATAM
3bgEz3NsFjabfbPN6DdOWN,Jorge Drexler,Sus primeras grabaciones 1992-1994 (La luz que sabe robar- Radar),Bienvenida,18,297973,False,0.789,0.532,0,-8.555,1,0.0459,0.54,0.159,0.107,0.904,112.732,4,afrobeat,603607,2020-01-02 05:50,EU
00BHbc5GB5d35gsi8IsmZl,Jorge Drexler,Sus primeras grabaciones 1992-1994 (La luz que sabe robar- Radar),No te creas,17,231893,False,0.623,0.803,1,-5.523,0,0.0327,0.438,4.58e-05,0.165,0.645,126.61,4,afrobeat,714328,2020-01-02 05:51,LATAM
5f7TqGqkS9heMOgduBRaKl,Los Amigos Invisibles,The New Sound of the Venezuelan Gozadera,Quiero Desintegrar a Tu Novio,19,206400,False,0.778,0.739,10,-5.56,1,0.0628,0.294,0.000187,0.218,0.923,107.967,4,afrobeat,648448,2020-01-02 05:52,MENA
0s3hLSHmF9JBS7bNrx1jRd,Ali Farka Touré;Toumani Diabaté,Ali & Toumani,Kana Kassy,8,250013,False,0.583,0.44,11,-8.75,1,0.0313,0.803,0.813,0.105,0.594,101.799,4,afrobeat,166663,2020-01-02 05:53,US
6yM82PxMywRHehdoQgQT8p,Bola Johnson,Man No Die,Lagos Sisi,44,203040,False,0.718,0.626,10,-9.049,0,0.0604,0.147,0.00207,0.0994,0.662,107.288,4,afrobeat,776154,2020-01-02 05:54,APAC
2yBjFF19OmukrC7deP7LfZ,Fela Kuti;Afrika 70,Expensive Shit,Expensive Shit,36,793200,False,0.612,0.876,5,-7.668,0,0.11,0.22,0.399,0.0863,0.677,123.866,4,afrobeat,502154,2020-01-02 05:55,MENA
4PqKGf9O8g1MiVDDDFBK6P,Azarel;Leor,Who Am I (Psalm 8:4),Who Am I (Psalm 8:4),16,182608,False,0.733,0.342,9,-15.834,0,0.284,0.102,0.00699,0.146,0.484,184.058,4,afrobeat,146305,2020-01-02 05:56,MENA
59vZs9bJrEpBQHuK1M3tmS,The Bamboos;Washington,Medicine Man,The Wilhelm Scream,47,268040,False,0.565,0.621,7,-5.62,1,0.0264,0.00773,0.0324,0.257,0.403,150.036,4,afrobeat,468131,2020-01-02 05:57,LATAM
56YQC28RHtv9Wc5x3NCmYd,Edem Evangelist,Knocking on Your Door,Knocking on Your Door,16,194403,False,0.696,0.769,6,-4.457,1,0.0433,0.553,0.16,0.325,0.896,98.031,4,afrobeat,491661,2020-01-02 05:58,US
5JT2sFsiVIlHOKABecgyR5,Nkumba System;Mamani Keïta,Paisano,Paisano,16,238201,False,0.66,0.717,7,-10.441,1,0.0559,0.407,4.44e-05,0.0536,0.964,165.259,3,afrobeat,178040,2020-01-02 05:59,APAC
1xDeDsNoBNyBidVQKPnWXE,Menahan Street Band,Make the Road By Walking,Home Again,52,202240,False,,,5,-8.097,1,0.0317,0.055,0.924,0.247,0.747,96.848,4,afrobeat,996478,2020-01-02 06:00,LATAM
3lG4iaJtEhwBusaLw4vEkG,Chico Mann;Captain Planet,Night Visions Remixed,Ariwoko,16,249451,False,0.72,0.837,0,-5.98,0,0.0504,0.168,0.0629,0.124,0.922,81.997,4,afrobeat,300130,2020-01-02 06:01,APAC
6HrYi2gwKxrwEtZX3Orype,Tony Allen;Damon Albarn;Ty,HomeCooking,Every Season,46,247306,False,0.751,0.735,5,-6.358,0,0.0775,0.0626,3.05e-05,0.052,0.721,163.852,4,afrobeat,397591,2020-01-02 06:02,APAC
2QWJw0nexdBa85pXuEZGsv,Jlyricz,Enjoyment,Enjoyment,15,181900,False,,0.41,6,-7.662,0,0.0886,0.252,9.94e-05,0.122,0.678,90.006,4,afrobeat,496865,2020-01-02 06:03,APAC
4lazLusb1ZU7Fu4AkS8R0B,Jungle Fire,Jungle Fire,Quémalo,16,220986,False,0.574,0.893,4,-6.784,0,0.0668,0.077,0.895,0.192,0.504,95.437,4,afrobeat,849254,2020-01-02 06:04,US
01SEeuiaCTjEwEIqWVuoKn,Becca Folkes,In My Own Words,Grateful,16,252029,False,0.74,,7,-5.857,0,0.0518,0.00098,0.0789,0.0616,0.862,119.975,4,afrobeat,768614,2020-01-02 06:05,APAC
5pTo3l7IMXYguYawzpmjFW,Timoneki,Alma,Alma,17,259353,False,0.522,0.62,6,-8.016,0,0.0649,0.0564,2.47e-05,0.217,0.19,139.837,4,afrobeat,793865,2020-01-02 06:06,LATAM
7KDiI2Q1pJnZoTpGl7r50f,cacique'97,Cacique'97,Jorge de Capadócia,16,355946,False,0.78,0.818,11,-8.631,0,0.0511,0.19,0.00634,0.174,0.934,114.989,4,afrobeat,313355,2020-01-02 06:07,MENA
5U7u0VTIvMeQIbXwNeWO40,Jaron Nurse,Uncommon,Keep It Clean,16,225071,False,0.56,0.644,11,-5.826,1,0.131,0.515,0.0,0.116,0.875,82.505,4,afrobeat,860890,2020-01-02 06:08,APAC
3o3cy8oFHup3b095QElRsS,Vaudou Game,Kidayu,Locataire,16,223480,False,0.743,0.872,9,-9.258,1,0.0438,0.195,0.834,0.112,0.89,118.904,4,afrobeat,846774,2020-01-02 06:09,MENA
6YGa2YASPRzJWS10Jqa1x9,Grupo Fantasma,Sonidos Gold,Gimme Some,16,297346,False,0.736,0.976,5,-6.19,1,0.0487,0.261,0.531,0.596,0.95,128.019,4,afrobeat,517472,2020-01-02 06:10,MENA
6lBeSL3pBNopVHTTDorpAj,Joshua Ali,Over Dey,Blanket,18,213804,False,0.851,0.865,5,-5.779,0,0.138,0.232,0.0,0.182,0.957,99.972,4,afrobeat,591217,2020-01-02 06:11,MENA
6IriiwxCgBRs9XvGEl5BQa,Mandrill,We Are One,Happy Beat,17,318160,False,0.767,0.823,4,-7.006,0,0.0764,0.138,0.000522,0.123,0.812,107.857,4,afrobeat,133425,2020-01-02 06:12,APAC
3EMMlbloeH6RJ6NZSLl0cK,Grupo Fantasma,Sonidos Gold,El Sabio Soy Yo,16,235760,False,0.675,0.731,2,-6.186,0,0.0368,0.247,6.17e-06,0.571,0.897,95.1,4,afrobeat,784378,2020-01-02 06:13,LATAM
3nOwK6G0VCRpthKj5Epcuh,São Paulo Ska Jazz;Zem Audu,Gringo,Skaramouche,17,201560,False,0.692,0.917,9,-5.15,0,0.124,0.0379,0.82,0.134,,101.821,4,afrobeat,964829,2020-01-02 06:14,EU
0A496x5Uwuivwvive8jEsl,Dele Ojo,The Classics Vol.1,Bouncing Bona,16,180320,False,0.711,0.776,8,-5.148,1,0.184,0.477,0.501,0.0593,0.842,116.388,4,afrobeat,525299,2020-01-02 06:15,US
0CDucx9lKxuCZplLXUz0iX,Buena Onda Reggae Club,Disco 2,Song for Rollins,16,219346,False,0.841,0.577,0,-7.544,1,0.0438,0.238,0.86,0.0571,0.843,90.522,4,afrobeat,586450,2020-01-02 06:16,LATAM
52hUjVBhWrlWt5ErW13yNf,The Polyversal Souls;Sir Frank Karikari,Siakwaa / Nana Agyei (Medley) (feat. Sir Frank Karikari),Odo Agye Gye Me,16,217652,False,0.813,0.693,0,-7.32,1,0.281,0.162,2.61e-05,0.168,0.854,114.206,4,afrobeat,549274,2020-01-02 06:17,APAC
6BPl7VgC0prOHj1dQl6qZE,The Mauskovic Dance Band,It's All Mauskovic,Analog Fruit,17,193900,False,0.605,0.749,1,-9.748,1,0.0432,0.419,0.0712,0.2,0.964,143.065,4,afrobeat,174380,2020-01-02 06:18,LATAM
5OyCifE7MBhhWCTkn5DHVF,Höröyá,Höröyá,Mansa Fela,15,344410,False,0.746,0.881,8,-6.687,0,0.135,0.0335,0.694,0.329,0.586,130.988,4,afrobeat,657746,2020-01-02 06:19,LATAM
2XVK8GPDyGb5dp3r72CyKn,Ikebe Shakedown,Kings Left Behind,Not Another Drop (Reprise),16,82400,False,0.729,0.752,9,-12.385,0,0.0409,0.00632,0.884,0.0594,,105.512,4,afrobeat,749300,2020-01-02 06:20,EU
2qPglKAUAM1sDKtfYpuq53,Africania,Ori,Cachoeira,16,348066,False,0.698,,1,-10.331,0,0.0551,0.516,0.733,0.316,0.636,99.009,4,afrobeat,935172,2020-01-02 06:21,APAC
6tzRG7qL0o8OlcXFRESzed,Orquestra Voadora,Ferro Velho,Expensive Shit,17,327066,False,0.833,0.727,8,-7.346,1,0.0806,0.324,0.667,0.0575,0.657,123.028,4,afrobeat,936806,2020-01-02 06:22,LATAM
18KoaDzZsY79E3WWggcvTE,Tony Allen,Film Of Life,African Man,17,303133,False,0.692,0.98,4,-4.335,0,0.0776,0.106,0.795,0.285,0.686,114.956,4,afrobeat,542630,2020-01-02 06:23,EU
4kUuWkPQiI7Zvt9Xlxphsf,A Mose;Marizu,Kullez Kid in Africa,Follow me,17,201069,False,0.506,0.621,4,-9.928,0,0.0623,0.326,0.000928,0.0977,0.761,97.109,4,afrobeat,963084,2020-01-02 06:24,US
6VD3viS5Mcmk2P3BzEq3zK,Criolo,Nó na Orelha (Instrumental),Freguês da Meia Noite (Instrumental),15,251346,False,0.538,0.379,7,-10.031,1,0.035,0.222,0.774,0.111,0.533,175.949,4,afrobeat,575791,2020-01-02 06:25,MENA
5JlT1SsR4KxzoFEKV99V0Y,Tony Allen;T$unami811,There Is No End,Très magnifique,17,203120,False,0.725,0.875,11,-7.267,0,0.276,0.0513,0.227,0.0923,0.725,155.057,4,afrobeat,677839,2020-01-02 06:26,EU
5CeOXM45dY3PTpnouEtQr1,Juanafé;Los Celestinos,Parrilladas Vargas (Vol. II),Fiesta,17,220781,False,0.586,0.754,7,-8.357,1,0.108,0.284,0.0,0.951,0.814,156.831,3,afrobeat,641796,2020-01-02 06:27,LATAM
7v47Ay5InDjnSZ3idVlMzS,The Bamboos;Kylie Auldist,Medicine Man,What I Know,17,247693,False,,0.77,9,-5.169,1,0.0525,0.029,5.96e-05,0.149,0.86,97.99,4,afrobeat,998812,2020-01-02 06:28,LATAM
5yr3x2a1Qoz3cECLhuAbqa,Plastilina Mosh,Juan Manuel,Graceland,18,217333,False,0.627,0.856,0,-8.674,0,0.0326,0.0203,0.911,0.872,0.777,96.963,4,afrobeat,763762,2020-01-02 06:29,EU
0bv9wYQ6TW0cY3sLW1DDTU,Orchestra Baobab,A Night At Club Baobab (Senegalese Dance Music of the 70's),Cabral,17,507053,False,0.657,0.419,11,-5.986,1,0.0595,0.139,0.139,0.0767,0.602,166.588,3,afrobeat,208004,2020-01-02 06:30,EU
6UUTupboUDGpljQjJhdd2L,Jorge Drexler,Sus primeras grabaciones 1992-1994 (La luz que sabe robar- Radar),Veneno,17,203733,False,0.535,0.344,5,-10.61,1,0.0337,0.816,0.000192,0.34,0.275,152.381,4,afrobeat,164665,2020-01-02 06:31,MENA
29CYvexuGcjWiifRIKmdxt,Plastilina Mosh,Singles,Millionaire,19,210746,True,0.815,,7,-7.126,1,0.122,0.0776,0.251,0.0626,0.891,93.571,4,afrobeat,468892,2020-01-02 06:32,LATAM
3UzMktm3erzDU4Y4WFyo9G,Wganda Kenya,Palenque Palenque: Champeta Criolla & Afro Roots in Colombia 1975-91,Yoro,17,224426,False,0.797,0.69,11,-7.565,0,0.0511,0.0805,0.00972,0.0613,0.705,114.097,4,afrobeat,564118,2020-01-02 06:33,US
3vwdW69EVO94KyexY8gBwA,Jackie Mittoo,Keyboard King at Studio One,Drum Song,18,264133,False,0.694,0.412,6,-12.59,1,0.0371,0.166,0.818,0.0835,0.623,95.805,4,afrobeat,701760,2020-01-02 06:34,EU
4Mef75IwSoGHRWf3PtjnWi,Ondatrópica,Ondatrópica,Ska Fuentes,17,261950,False,0.685,0.811,6,-5.319,0,0.0422,0.674,0.919,0.122,0.953,122.915,4,afrobeat,533431,2020-01-02 06:35,LATAM
5mmcSmznWJiIezoPjbu6KF,Jackie Mittoo,Keyboard King at Studio One,Hot Tamale,18,143773,False,0.684,0.399,11,-8.089,1,0.117,0.233,0.52,0.047,0.754,92.906,4,afrobeat,563176,2020-01-02 06:36,APAC
1faYHOt0eP5F9uS3RcUcFM,Orquestra Brasileira de Música Jamaicana,Volume I,Tico-Tico no Fubá,17,246893,False,0.832,0.724,5,-5.64,1,0.05,0.704,0.384,0.146,0.954,131.949,4,afrobeat,929515,2020-01-02 06:37,APAC
5Q1TfulEAaNZf7uIxkOZay,Los Amigos Invisibles,Repeat After Me,Voltaren's Dream,18,268600,False,0.698,0.765,1,-8.764,1,0.0303,0.0888,0.825,0.0906,0.332,100.012,4,afrobeat,401390,2020-01-02 06:38,EU
7d2iYkVDmLMvc6wVR1hs4r,Calle 13;Rubén Blades;La Chilinga,Los De Atrás Vienen Conmigo,La Perla (feat. Rubén Blades & La Chilinga),18,416133,False,0.735,0.681,10,-7.757,1,0.316,0.673,0.0,0.0584,0.968,90.003,4,afrobeat,544155,2020-01-02 06:39,APAC
7cvpJTt2UAKaIFh2B1rE2u,Wganda Kenya,Diablos del Ritmo 1960-1985: The Colombian Melting Pot (Analog Africa No. 12),El Caterete,17,254720,False,0.55,0.921,2,-6.961,1,0.0496,0.377,2.37e-05,0.312,0.76,117.833,4,afrobeat,601646,2020-01-02 06:40,MENA
5z4Yope4ol84bdZtw1Eo4D,Monophonics;Kelly Finnigan,It's Only Us,It's Only Us,48,298973,False,0.477,0.615,0,-6.504,0,0.026,0.482,0.0308,0.644,,86.472,4,afrobeat,521488,2020-01-02 06:41,US
1lDELORqnHLLTe1bYmHLq7,Whitefield Brothers,Earthology,Safari Strut,46,199572,False,0.677,0.862,5,-5.016,1,0.0536,0.416,0.859,0.0967,0.902,109.965,4,afrobeat,971307,2020-01-02 06:42,EU
1wlPuhYpOJRPHVUeizRdx2,Monophonics,Sound of Sinning,La La La Love Me,47,200600,False,0.546,0.54,6,-5.879,0,0.0288,0.0292,0.0,0.11,0.453,87.967,3,afrobeat,965979,2020-01-02 06:43,MENA
1eBZiqiFBtiBXQzZ44YY5N,Gil Joe,Thanksgiving,Thanksgiving,17,173531,False,0.771,0.809,8,-5.36,1,0.048,0.214,0.0,0.0631,0.873,101.066,4,afrobeat,561808,2020-01-02 06:44,LATAM
2WTAIaNcsjfyJzzl9XLjmB,Monomono,Dawn Of Awarness,Tire Loma Da Nigbehin,16,286480,False,0.598,0.576,11,-9.442,0,0.0551,0.767,0.00182,0.128,0.494,107.997,4,afrobeat,505518,2020-01-02 06:45,APAC
2lUeuu1UxjBkYtQQwAKRht,Kutiman;Elif Çağlar,Remotely Close,Remotely Close: Silkyway,16,230998,False,0.755,0.612,0,-9.645,0,0.0405,0.0203,0.258,0.118,0.645,110.019,4,afrobeat,630071,2020-01-02 06:46,US
0uu9e9iwcQv2sKAHz3Mafq,Greyboy;Bing Ji Ling,Soul Mosaic,So Good,18,190786,False,0.808,0.364,10,-10.472,0,0.103,0.0363,0.000203,0.0656,0.692,87.07,4,afrobeat,262795,2020-01-02 06:47,US
4zUHDRC4EJNcLag5uluuNE,Menahan Street Band;Saundra Williams,Black Velvet (The Instrumentals),There's a New Day Coming,17,143120,False,0.382,0.507,2,-8.179,1,0.0323,0.787,0.0124,0.235,0.494,135.787,4,afrobeat,483382,2020-01-02 06:48,US
01zqlg8u8YHdSNdlgTUJUm,El Michels Affair,Loose Change,Blind Love,16,177173,False,0.584,0.629,6,-12.071,1,0.0429,0.0148,0.109,0.241,0.519,150.745,4,afrobeat,295224,2020-01-02 06:49,US
55gxRMB0r52pUZZwh1obnS,Jor'dan Armstrong,CHURCH GIRLS LOVE R&B,IN,17,168209,False,0.664,0.622,2,-5.619,1,0.0475,0.249,0.0,0.115,0.282,79.972,4,afrobeat,229645,2020-01-02 06:50,LATAM
0Gk3Y8uDCWdJL5IiqOUkTp,J Prince,Unlimited,Good oh,16,225388,False,0.83,0.842,8,-4.391,1,0.139,0.136,0.00397,0.0614,0.768,118.023,4,afrobeat,185668,2020-01-02 06:51,EU
3TJZfAL0EU2Wk4BkmVyUnX,El Rego,El Rego,Djobime,15,155786,False,,0.56,1,-8.493,0,0.177,0.0098,0.02,0.101,0.827,142.651,4,afrobeat,628360,2020-01-02 06:52,MENA
7hfkHZYMlBdKfROLLrlRK8,Bacao Rhythm & Steel Band,Expansions,Look Out Baby (Here I Come) (Bonus Track),16,142353,False,0.64,0.984,7,-7.348,1,0.0556,0.123,0.705,0.107,0.775,113.508,4,afrobeat,100511,2020-01-02 06:53,LATAM
1YhKAndvOzmyVnomGV7Gs6,The Daktaris,Soul Explosion,Voodoo Soul Stew,16,267360,False,0.822,0.68,9,-6.997,0,0.211,0.441,0.0513,0.0645,0.965,100.244,4,afrobeat,681554,2020-01-02 06:54,MENA
5HIZ8V82BzmcQUwTqZK5J2,Ikebe Shakedown,The Way Home,The Ally,16,189240,False,0.641,0.57,1,-8.242,1,0.0285,0.0997,0.911,0.0721,0.81,107.927,4,afrobeat,488750,2020-01-02 06:55,LATAM
34udfDpMhPKGji6QeMNjcK,The Souljazz Orchestra,Rising Sun,Agbara,16,301986,False,0.683,0.923,9,-6.454,0,0.0491,0.204,0.834,0.334,0.892,120.004,4,afrobeat,429834,2020-01-02 06:56,US
38G0crZCYBRSt0EbouSqRE,Lafayette Afro Rock Band,Malik,Baba Hya - Remastered,16,329365,False,0.436,0.915,7,-5.147,0,0.151,0.405,0.88,0.0748,0.776,88.39,4,afrobeat,792317,2020-01-02 06:57,LATAM
5xngYNRSS4yw9yOdR3aUJc,The Sorcerers,In Search of the Lost City of the Monkey God,Beneath the City of the Monkey God,16,244440,False,0.63,0.198,0,-8.782,1,0.0338,0.397,0.852,0.0894,0.342,60.402,4,afrobeat,584874,2020-01-02 06:58,EU
6jD9BgDo4f1WonqR7xnayH,Lack Of Afro;Elliott Cole,Jack of All Trades,Back to the Day,18,189296,False,0.712,0.604,11,-7.726,1,0.0854,0.375,0.0,0.0534,0.874,97.938,4,afrobeat,760119,2020-01-02 06:59,MENA
3bXKRQis9u0Xzl3h9nwhvj,Lack Of Afro;Herbal T,Hello Baby,One World,17,235974,False,0.677,0.746,4,-10.734,0,0.127,0.171,9.93e-06,0.101,,97.075,4,afrobeat,738526,2020-01-02 07:00,APAC
1n3lpr7sd7kCA3rq24LZ9G,Bacao Rhythm & Steel Band,Expansions,Getting Nasty,16,177952,False,0.622,0.551,5,-8.458,1,0.0388,0.135,0.814,0.0804,0.661,95.124,4,afrobeat,128934,2020-01-02 07:01,EU
0ejL4yYcCqLwr02rs9SkFb,Niña Dioz;Ceci Bastida;Lido Pimienta,Reyna,Tambalea (feat. Lido Pimienta & Ceci Bastida),19,241966,True,0.791,0.575,8,-5.222,0,0.0877,0.171,0.0,0.101,0.661,135.958,4,afrobeat,293942,2020-01-02 07:02,LATAM
1gmB9ZIb7nv6eNtzt6UTAC,Gilles Peterson's Havana Cultura Band,Gilles Peterson Presents: Havana Cultura the Search Continues,Me Queda Voz,16,206040,False,0.77,0.799,5,-5.728,1,0.168,0.0628,0.0,0.0733,0.689,86.964,4,afrobeat,612984,2020-01-02 07:03,LATAM
1WdixZ4J8I8hlgCIEqZkdc,Manu Dibango,Home Made,Tropical Garden,16,502693,False,0.615,0.397,0,-17.526,0,0.0859,0.301,0.886,0.0277,0.916,169.0,4,afrobeat,977990,2020-01-02 07:04,US
1rduJR6a97jLaoU45w7R6n,Vaudou Game,Kidayu,Chérie Nye,16,270173,False,0.748,0.808,7,-6.1,1,0.0311,0.501,0.364,0.0848,0.974,142.363,4,afrobeat,238854,2020-01-02 07:05,EU
0F7SrgvWE55PgFxxsUe96v,Manu Dibango,African Voodoo,Ba-Kuba,16,233002,False,0.535,,5,-8.559,0,0.0316,0.235,0.806,0.248,0.911,107.382,4,afrobeat,195002,2020-01-02 07:06,APAC
617OBG0RevNKiTGokVqhmt,La Misa Negra,La Misa Negra,Me Voy Pa’ Porce,16,246226,False,0.605,0.732,7,-6.681,1,0.0737,0.0186,1.65e-06,0.051,0.793,178.022,4,afrobeat,946967,2020-01-02 07:07,US
5Qo0FGH6UcFtSFJ7k0sD1v,Vaudou Game,Kidayu,Elle décide,16,222493,False,0.772,0.857,1,-6.858,1,0.0389,0.462,0.0102,0.076,0.977,111.367,4,afrobeat,970120,2020-01-02 07:08,LATAM
5gq3egwoV2pToWU5goXEvi,Speedometer;Ria Currie,The Shakedown,You've Made Me So Very Happy featuring Ria Currie,17,236013,False,0.678,0.71,1,-6.068,1,0.039,0.0262,2.53e-06,0.119,0.897,99.136,4,afrobeat,250628,2020-01-02 07:09,US
5yttdWLpQ3yL09P0tSqM5E,Fela Kuti,The Best of the Black President,Shuffering and Shmiling,16,745386,False,0.825,0.837,10,-6.752,0,0.0989,0.315,0.00014,0.0604,0.495,123.02,4,afrobeat,461536,2020-01-02 07:10,APAC
3WRLUvhaIpFnXBR9aRvOGc,William Onyeabor,DJ-Kicks (Brandt Brauer Frick) [DJ Mix],Better Change Your Mind - Mixed,16,153306,False,0.803,0.67,11,-9.929,0,0.0738,0.123,0.00629,0.331,0.87,117.457,4,afrobeat,663974,2020-01-02 07:11,EU
6BlLBH67HrKOsFyGTzI9Yi,The Souljazz Orchestra,Under Burning Skies,Tambour à deux peaux,16,238805,False,0.719,0.828,2,-7.509,0,0.0364,0.0935,0.152,0.149,0.96,104.036,4,afrobeat,275704,2020-01-02 07:12,US
2lXOcxoc8Ye5AXIG7Lhpey,Los Amigos Invisibles,El Paradise,Cara E' Pasmao',19,202346,False,0.715,0.925,5,-3.932,0,0.0316,0.0155,0.0779,0.158,0.898,103.006,4,afrobeat,393614,2020-01-02 07:13,LATAM
1cGpjqxs56wNKE6LOBnUcD,The New Mastersounds,Breaks from the Border,Freckles,50,223600,False,0.787,0.834,6,-6.16,0,0.0311,0.145,0.802,0.0929,0.961,113.337,4,afrobeat,455759,2020-01-02 07:14,LATAM
4vBk67mVsxz5tZ1LMMTkd9,BaianaSystem;Buguinha Dub;Orquestra Afrosinfônica,Futuro Dub,Fogo (Adubado),17,130602,False,0.67,0.632,5,-7.291,0,0.0282,0.0559,0.881,0.28,0.589,94.031,4,afrobeat,677404,2020-01-02 07:15,APAC
2nnEMHhOYxkR35ceLJy7Eo,Los Amigos Invisibles,El Paradise,Goldmember,18,57786,False,0.583,0.954,10,-4.263,0,0.0426,0.0007,0.839,0.349,0.689,133.959,4,afrobeat,377257,2020-01-02 07:16,EU
7cx6epwIj5GVQbhvwIK7y5,Plastilina Mosh,Tasty + B Sides,International Stereo (Bassass),19,175560,False,0.663,0.895,6,-7.837,1,0.0498,0.000249,0.121,0.181,0.9,133.704,4,afrobeat,471032,2020-01-02 07:17,LATAM
3MhErr2oHiTPfbxG8Ya9s1,Manu Dibango,Africadelic,Soul Fiesta,16,128985,False,0.58,0.984,7,-5.592,1,0.0384,0.367,0.751,0.115,0.5,136.671,4,afrobeat,360624,2020-01-02 07:18,APAC
0HuzFOajs0M126BCUJYN81,Jor'dan Armstrong,52 Weeks of Summer,No Nah,17,232610,False,0.757,0.673,8,-6.553,1,0.0372,0.0213,0.0,0.284,0.639,100.024,4,afrobeat,783677,2020-01-02 07:19,US
5D7crFjKr6CKdWsJSJIEEy,Manu Dibango;Cuarteto Patria,Cubafrica,Yerberito,16,298293,False,0.697,0.723,8,-6.606,1,0.0303,0.198,0.00058,0.0807,0.895,124.604,4,afrobeat,237731,2020-01-02 07:20,EU
33dYPQCYUztZKUJqmyQR6L,William Onyeabor,Box Set,The Moon and the Sun,16,560280,False,0.615,0.838,4,-6.449,1,0.0546,0.275,0.00465,0.115,0.85,145.961,3,afrobeat,307610,2020-01-02 07:21,MENA
4YkyEJKKgaB1HyHPOAmmMr,Los Amigos Invisibles,Live En Una Noche Tan Linda Como Esta Vol 2,Cuchi-cuchi,19,321541,False,0.566,0.778,9,-7.04,1,0.058,0.362,0.101,0.985,0.362,125.423,4,afrobeat,324990,2020-01-02 07:22,APAC
0dfu8ZDFuVmcSGzvq4vQl9,The New Mastersounds,Made for Pleasure,Cigar Time,18,413480,False,0.601,0.616,5,-10.865,1,0.0322,0.677,0.831,0.117,0.798,112.775,4,afrobeat,915211,2020-01-02 07:23,APAC
6zfkOL0yboqccd2h0pH0XY,Los Amigos Invisibles,El Paradise,Dame el Mambo,19,268580,False,0.74,0.866,2,-5.414,1,0.0622,0.00709,0.0512,0.0831,0.797,119.98,4,afrobeat,950027,2020-01-02 07:24,APAC
6HFBSlYkiVJsbln9bbbIN0,Antibalas,Talkatif,Hypocrite,16,306106,False,0.7,0.94,10,-6.782,0,0.0554,0.476,0.841,0.106,0.828,114.15,4,afrobeat,550188,2020-01-02 07:25,APAC
5FV80qQwNMXeKCPl11bSv3,Meridian Brothers,Desesperanza,La Gitana Me Ha Dejado - Salsa Electrónica,16,405653,False,0.762,,11,-8.633,0,0.239,0.772,0.00183,0.183,0.576,96.428,4,afrobeat,240760,2020-01-02 07:26,APAC
5AyV6bXjo69l6FzlUGYaBG,Los Amigos Invisibles,Repeat After Me,Reino Animal,19,238373,False,0.733,0.862,7,-5.813,1,0.0604,0.287,0.000532,0.466,0.745,107.981,4,afrobeat,780483,2020-01-02 07:27,LATAM
7qJTx6D79BV0misxpST1xi,Los Amigos Invisibles,Repeat After Me,Hopeless Romance,19,252853,False,0.691,0.921,1,-4.138,1,0.0403,0.0753,0.0794,0.0514,0.597,116.001,4,afrobeat,542881,2020-01-02 07:28,EU
5E30LdtzQTGqRvNd7l6kG5,The Neighbourhood,Wiped Out!,Daddy Issues,87,260173,False,0.588,0.521,10,-9.461,1,0.0329,0.0678,0.149,0.123,0.337,85.012,4,alt-rock,864756,2020-01-02 07:29,LATAM
2Y0iGXY6m6immVb2ktbseM,MGMT,Little Dark Age,Little Dark Age,83,299960,False,0.705,0.712,6,-6.156,1,0.0385,0.0102,0.000855,0.1,0.62,97.512,4,alt-rock,423994,2020-01-02 07:30,US
2K7xn816oNHJZ0aVqdQsha,The Neighbourhood,Hard To Imagine The Neighbourhood Ever Changing,Softcore,86,206280,False,0.575,0.568,9,-5.509,0,0.03,0.0484,0.000417,0.286,0.37,93.986,4,alt-rock,998944,2020-01-02 07:31,APAC
2QjOHCTQ1Jl3zawyYOpxh6,The Neighbourhood,I Love You.,Sweater Weather,93,240400,False,0.612,0.807,10,-2.81,1,0.0336,0.0495,0.0177,0.101,0.398,124.053,4,alt-rock,826302,2020-01-02 07:32,LATAM
7zwn1eykZtZ5LODrf7c0tS,The Neighbourhood,Hard To Imagine The Neighbourhood Ever Changing,You Get Me So High,83,153000,False,,0.881,7,-6.099,0,0.0542,0.186,0.0791,0.152,0.387,88.036,4,alt-rock,301550,2020-01-02 07:33,MENA
7vguMCv8uVuZLiQJ156u3Z,Sam Tinnesz;Yacht Money,Play with Fire (feat. Yacht Money),Play with Fire (feat. Yacht Money),76,180690,False,0.573,0.539,2,-6.091,0,0.0322,0.0162,1.16e-05,0.105,0.39,75.012,4,alt-rock,752990,2020-01-02 07:34,LATAM
4gHnSNHs8RyVukKoWdS99f,Nirvana,Nevermind (Remastered),Something In The Way,76,232146,False,0.427,0.201,8,-13.044,1,0.0317,0.745,0.263,0.109,0.0668,105.218,4,alt-rock,358202,2020-01-02 07:35,LATAM
0y1QJc3SJVPKJ1OvFmFqe6,KALEO,A/B,Way down We Go,78,213706,False,0.489,0.505,10,-8.022,0,0.117,0.579,0.000333,0.104,0.337,163.255,4,alt-rock,414812,2020-01-02 07:36,MENA
6rrKbzJGGDlSZgLphopS49,The Score,ATLAS,Unstoppable,73,192106,False,,0.843,1,-3.993,0,0.0467,0.00129,1.01e-05,0.14,0.602,78.001,4,alt-rock,325389,2020-01-02 07:37,LATAM
4CeeEOM32jQcH3eN9Q2dGj,Nirvana,Nevermind (Remastered),Smells Like Teen Spirit,83,301920,False,0.502,0.912,1,-4.556,1,0.0564,2.55e-05,0.000173,0.106,,116.761,4,alt-rock,713997,2020-01-02 07:38,US
0AUyNF6iFxMNQsNx2nhtrw,grandson,Blood // Water,Blood // Water,75,216720,False,0.51,0.882,8,-5.659,0,0.159,0.00158,0.00206,0.0764,,154.029,4,alt-rock,336583,2020-01-02 07:39,US
4kbj5MwxO1bq9wjT5g9HaA,WALK THE MOON,TALKING IS HARD,Shut Up and Dance,83,199080,False,0.578,0.866,1,-3.804,1,0.0619,0.00701,0.0,0.257,0.619,128.038,4,alt-rock,674918,2020-01-02 07:40,MENA
7uCBGNn991AM68fR4tSDco,The Score,Carry On,Born For This,69,237375,False,0.411,0.675,5,-6.251,0,0.0591,0.063,0.0,0.092,0.545,130.134,4,alt-rock,624199,2020-01-02 07:41,APAC
6QvYmrqFKRSVrcVgvoA7Ar,Red Hot Chili Peppers,All That Really Matters - Just Hits,Tippa My Tongue,4,260808,False,0.573,,5,-6.52,0,0.0409,0.00861,0.0273,0.114,0.795,88.418,4,alt-rock,775718,2020-01-02 07:42,EU
75fT19n6ZQHr67Mkh86qfD,Red Hot Chili Peppers,Rock Brandneu,Tippa My Tongue,2,260808,False,0.573,0.913,5,-6.52,0,0.0409,0.00861,0.0273,0.114,0.795,88.418,4,alt-rock,994169,2020-01-02 07:43,LATAM
23PvWFdi76vER4p1e2Xroj,The Killers,Workout Hits 2023,Mr. Brightside,2,223973,False,0.344,0.931,1,-3.759,1,0.0783,0.00104,0.0,0.0903,0.251,148.104,4,alt-rock,107938,2020-01-02 07:44,US
2AEdT2ZKd14kzOouzdNOUj,Red Hot Chili Peppers,OK Boomers - Top Tunes,Californication,2,329733,False,0.592,0.765,9,-2.788,0,0.027,0.0021,0.00154,0.127,0.327,96.483,4,alt-rock,991249,2020-01-02 07:45,APAC
4xnB2yGAeXOuR3kJ9KTD3b,Red Hot Chili Peppers,Rock Brandneu,Nerve Flip,0,186148,False,0.386,0.936,8,-4.005,1,0.0701,0.0121,1.6e-05,0.266,0.418,176.366,4,alt-rock,198418,2020-01-02 07:46,EU
1yZWmKmLfTrFCxHvhFsdoN,The Killers;Phoebe Bridgers,The Greatest Rock Tunes 2022,Runaway Horses - Abridged,0,204466,False,0.499,0.223,9,-15.253,1,0.0338,0.912,0.0,0.0962,0.304,129.291,5,alt-rock,574095,2020-01-02 07:47,APAC
5xUhs6dlfkcxZM8zq7riYF,Red Hot Chili Peppers,Tek It - New Noise,Black Summer,1,232412,False,0.417,0.682,1,-5.071,1,0.0295,0.0267,0.000669,0.109,0.351,105.542,4,alt-rock,406800,2020-01-02 07:48,APAC
34ldTowcv56E2DqtSaYBjP,The Killers,OO's Music Grandi Successi,When You Were Young,5,220413,False,0.441,0.976,8,-3.09,0,0.147,0.000335,0.0475,0.298,0.248,130.411,4,alt-rock,675123,2020-01-02 07:49,US
62pennq1pcVBFVW1b1CrFu,Red Hot Chili Peppers,Top of the Rock,Nerve Flip,0,186148,False,0.386,0.936,8,-4.005,1,0.0701,0.0121,1.6e-05,0.266,0.418,176.366,4,alt-rock,749562,2020-01-02 07:50,EU
52cFhaPuS5oLrmFoJw4J9j,The Killers,Rock Workout 2023,Mr. Brightside,2,223973,False,0.344,0.931,1,-3.759,1,0.0783,0.00104,0.0,0.0903,0.251,148.104,4,alt-rock,873972,2020-01-02 07:51,APAC
1bOENKlPYEDXyH9kLFUsnj,Nickelback,Timeless Rock Hits,Animals,3,185906,False,0.569,0.963,7,-3.069,1,0.0593,0.000787,0.0256,0.22,0.82,76.995,4,alt-rock,461781,2020-01-02 07:52,US
58yD1ZePlS6V4gImXGV8Ed,Red Hot Chili Peppers,Daily Pop Mix,Tippa My Tongue,0,260808,False,0.573,0.913,5,-6.52,0,0.0409,0.00861,0.0273,0.114,0.795,88.418,4,alt-rock,939639,2020-01-02 07:53,MENA
1tRpraJDpEUl0HjnkMosqx,Red Hot Chili Peppers,Top of the Rock,Black Summer,3,232412,False,0.417,0.682,1,-5.071,1,0.0295,0.0267,0.000669,0.109,0.351,105.542,4,alt-rock,390191,2020-01-02 07:54,APAC
315FrAki9HoxEdG8CQuZhD,The Killers,Mirando las nubes,Mr. Brightside,0,223973,False,0.344,0.931,1,-3.759,1,0.0783,0.00104,0.0,0.0903,0.251,148.104,4,alt-rock,283474,2020-01-02 07:55,MENA
5oJgIQPvytf2nR7WX3vZLn,Weezer,Tek It - New Noise,Records,0,208920,False,0.658,0.773,11,-5.119,1,0.0244,0.000901,0.0,0.194,,100.006,4,alt-rock,441218,2020-01-02 07:56,LATAM
2UCoAOZGk6a4BHUBzlvfAO,The Killers;Armin van Buuren;Benno De Goeij,Beats Electro Mood,Human - Armin van Buuren Dub Remix,1,445000,False,0.64,0.821,7,-5.789,0,0.0732,0.00122,0.145,0.203,0.624,135.478,4,alt-rock,575687,2020-01-02 07:57,MENA
5KaVoEhxf1UwParyAjzHVA,The Killers,Kick It,Mr. Brightside,1,223973,False,0.344,0.931,1,-3.759,1,0.0783,0.00104,0.0,0.0903,0.251,148.104,4,alt-rock,701343,2020-01-02 07:58,EU
6ehaWPjsNSf5HWOXTEFSUi,The Killers,Rock Workout 2023,Somebody Told Me,0,200946,False,0.508,0.981,10,-3.23,0,0.0779,8.22e-05,0.000449,0.0555,0.746,138.011,4,alt-rock,849552,2020-01-02 07:59,US
1c9MeAa2tLEoZl5osXf5Ts,Red Hot Chili Peppers,Kick It,Fire - Remastered,1,123800,True,0.421,0.986,11,-1.795,0,0.152,0.00482,0.0,0.295,0.263,105.83,4,alt-rock,302371,2020-01-02 08:00,EU
4nzIpIeHWiuFQnOV5ZELnj,Deftones,Metal Lives!,Ohms,0,250222,False,0.112,0.978,4,-2.64,1,0.117,0.000108,0.0241,0.117,0.371,173.097,3,alt-rock,372881,2020-01-02 08:01,APAC
0FrFqoPT7JB0ezIU9g2OLC,Deftones,Metal,Ohms,0,250222,False,0.112,0.978,4,-2.64,1,0.117,0.000108,0.0241,0.117,0.371,173.097,3,alt-rock,944810,2020-01-02 08:02,LATAM
0v8tmDMQrTMavluubqAJo4,Red Hot Chili Peppers,80s Bangers Vol. 2,Higher Ground - Remastered,1,202053,False,0.476,0.979,4,-3.504,0,0.133,0.00142,0.00686,0.0944,0.394,140.408,4,alt-rock,495827,2020-01-02 08:03,US
47dUWyurHWefCpINwcvit2,Red Hot Chili Peppers,Pop Hits Now,Black Summer,0,232412,False,0.417,0.682,1,-5.071,1,0.0295,0.0267,0.000669,0.109,0.351,105.542,4,alt-rock,317413,2020-01-02 08:04,US
5SVYqPYpje5JDG2O969oz6,The Killers;Toni Halliday,Rock n Roll Christmas,A Great Big Sled,0,262586,False,0.532,0.872,0,-3.869,1,0.0636,0.00223,0.0,0.283,0.299,127.959,4,alt-rock,987058,2020-01-02 08:05,APAC
71BwuaJ5VjGx9EJdrc9OX2,The Killers;Ryan Pardey,Home For Christmas 2022,Don't Shoot Me Santa,0,245106,False,0.588,0.847,8,-4.164,1,0.0705,0.0601,0.0,0.307,0.662,120.041,4,alt-rock,504073,2020-01-02 08:06,EU
2cwOhw3d0uIsR4krTsrLwF,The Killers;Ryan Pardey,Rock n Roll Christmas,Don't Shoot Me Santa,0,245106,False,0.588,0.847,8,-4.164,1,0.0705,0.0601,0.0,0.307,0.662,120.041,4,alt-rock,986541,2020-01-02 08:07,LATAM
2QLFTiSNgt6cT3aQdeGFhd,The Killers;Ryan Pardey,Home At Christmas,Don't Shoot Me Santa,0,245106,False,0.588,0.847,8,-4.164,1,0.0705,0.0601,0.0,0.307,0.662,120.041,4,alt-rock,927383,2020-01-02 08:08,APAC
2MCUHzFEXf39cyzcNyKw7B,Weezer;AJR,All Out Alternative,All My Favorite Songs,0,170720,False,0.605,0.7,4,-6.47,1,0.0277,0.00998,0.0,0.116,0.588,84.962,4,alt-rock,915495,2020-01-02 08:09,US
3omnDqXnlC4awZfUrGQSDN,The Killers;Toni Halliday,Alternative Christmas 2022,A Great Big Sled,0,262586,False,0.532,0.872,0,-3.869,1,0.0636,0.00223,0.0,0.283,0.299,127.959,4,alt-rock,623654,2020-01-02 08:10,US
5HNau9WX6OmX2PcBn3n24r,Red Hot Chili Peppers,20's Rock,Black Summer,0,232412,False,0.417,0.682,1,-5.071,1,0.0295,0.0267,0.000669,0.109,0.351,105.542,4,alt-rock,818602,2020-01-02 08:11,US
7GEQkaJPZmph6xtzXFNWxn,The Killers,Alternative Christmas 2022,Joy Ride - Night Version,0,436413,False,0.666,0.935,0,-4.563,1,0.0445,0.00285,0.781,0.352,,118.999,4,alt-rock,964498,2020-01-02 08:12,LATAM
2S3G868WlDZNtfwZiDKPRx,The Killers;Ryan Pardey,Alternative Christmas 2022,Don't Shoot Me Santa,0,245106,False,0.588,,8,-4.164,1,0.0705,0.0601,0.0,0.307,0.662,120.041,4,alt-rock,342217,2020-01-02 08:13,US
4fvKqLGqlsj7giLICaxTXl,Julieta Venegas,Éxitos del Pop en Español de los Años 2000,Limón y Sal,0,205213,False,0.625,0.653,11,-5.967,1,0.0257,0.124,0.0,0.346,0.605,110.972,4,alt-rock,133973,2020-01-02 08:14,US
77s65ayZ3gXbqMV8jKH1A3,The Killers;Ryan Pardey,Alternative Christmas 2022,Don't Shoot Me Santa,0,245106,False,0.588,0.847,8,-4.164,1,0.0705,0.0601,0.0,0.307,0.662,120.041,4,alt-rock,388764,2020-01-02 08:15,LATAM
2vU6bm5hVF2idVknGzqyPL,The Offspring,Alternative Christmas 2022,Christmas (Baby Please Come Home),0,187355,False,0.437,0.878,0,-4.687,1,0.0452,0.0112,0.0,0.126,0.623,128.043,4,alt-rock,673207,2020-01-02 08:16,EU
12cG3BUpk6PzLAzWK0mryO,Red Hot Chili Peppers,Alternative Rock Mixtape,By the Way,2,215666,False,0.441,0.986,0,-2.466,1,0.116,0.038,0.000781,0.0998,0.184,123.974,4,alt-rock,592554,2020-01-02 08:17,LATAM
1gu8VJ0d28EsXtcgKzJcSl,The Killers;Ryan Pardey,Christmas Rock 2022,Don't Shoot Me Santa,0,245106,False,0.588,0.847,8,-4.164,1,0.0705,0.0601,0.0,0.307,0.662,120.041,4,alt-rock,172526,2020-01-02 08:18,EU
5Q6fh8OEhBYepJaORz9lxe,The Neighbourhood;Syd,Daddy Issues (Remix) feat. Syd,Daddy Issues (Remix) feat. Syd,75,181186,False,,0.533,10,-8.164,1,0.0653,0.245,0.00717,0.112,0.247,84.982,4,alt-rock,604699,2020-01-02 08:19,EU
2xql0pid3EUwW38AsywxhV,The Neighbourhood,Hard To Imagine The Neighbourhood Ever Changing,Reflections,80,244013,False,0.648,0.594,11,-7.027,0,0.0293,0.114,0.0462,0.116,0.544,113.983,4,alt-rock,256958,2020-01-02 08:20,US
70LcF31zb1H0PyJoS1Sx1r,Radiohead,Pablo Honey,Creep,85,238640,True,0.515,0.43,7,-9.935,1,0.0372,0.0097,0.000133,0.129,0.104,91.844,4,alt-rock,554952,2020-01-02 08:21,US
77loZpT5Y5PRP1S451P9Yz,Hoobastank,The Reason (15th Anniversary Deluxe),The Reason,81,232800,False,0.472,0.671,4,-4.649,1,0.029,0.0129,0.0,0.159,0.0681,82.952,4,alt-rock,618129,2020-01-02 08:22,EU
10nyNJ6zNy2YVYLrcwLccB,Radiohead,OK Computer,No Surprises,82,229120,False,0.255,0.393,5,-10.654,1,0.0278,0.0577,0.00361,0.113,0.118,76.426,4,alt-rock,673002,2020-01-02 08:23,MENA
3SWqGa1J0M7hSBUDM0KePD,The Score,ATLAS,Legend,71,189120,False,0.601,0.757,2,-3.341,1,0.028,0.0139,8.85e-05,0.0727,0.462,82.001,4,alt-rock,471298,2020-01-02 08:24,US
3dPQuX8Gs42Y7b454ybpMR,The White Stripes,Elephant,Seven Nation Army,84,232106,False,0.743,0.446,4,-7.807,0,0.0683,0.0039,0.118,0.337,0.278,123.596,4,alt-rock,467490,2020-01-02 08:25,MENA
0AOmbw8AwDnwXhHC3OhdVB,Thousand Foot Krutch,The End Is Where We Begin,Courtesy Call,72,236898,False,0.531,0.638,11,-5.145,0,0.0809,0.00409,0.0,0.0822,0.445,164.079,4,alt-rock,710715,2020-01-02 08:26,MENA
1v3rsZZAH13mnXEEz3AEL5,"Dominic Fike;""Zendaya",Autumn Vibe,"Elliot’s Song - From """"""""Euphoria"""""""" An HBO Original Series""""",1,152144,False,0.341,0.266,4,-17.251,1,0.146,0.831,0.0,0.113,0.388,184.14,4,alt-rock,774255,2020-01-02 08:27,MENA
7oMO1B9CB4ZPYPLeVe32OY,R.E.M.,90's Music Grandi Successi,Losing My Religion,0,268426,False,0.666,0.854,9,-5.051,0,0.0295,0.179,1.2e-06,0.0986,0.803,125.637,4,alt-rock,826965,2020-01-02 08:28,MENA
7aDOJxh95VAx7G76l9YajI,Zoé,noches de lluvia,Azul,0,194506,False,0.511,0.714,9,-6.414,1,0.0368,0.0504,0.56,0.105,0.521,98.008,4,alt-rock,400194,2020-01-02 08:29,EU
7M62cpl1L8v53XwfCZ2GYD,Skillet,Rock - Best of 2022,Surviving the Game,4,238870,False,0.535,0.979,8,-3.593,1,0.0597,0.000666,0.0,0.084,0.432,103.996,4,alt-rock,481668,2020-01-02 08:30,US
6Byuke1Ac5qWJHFgzu7byM,Weezer,Rock - Best of 2022,Records,4,208920,False,0.658,0.773,11,-5.119,1,0.0244,0.000901,0.0,0.194,0.66,100.006,4,alt-rock,397608,2020-01-02 08:31,APAC
7yI7YDsXGrwUX8sFTXXnVV,Weezer,Los Clásicos del Pop 90s,Say It Ain't So,1,258825,False,0.635,0.551,3,-7.136,1,0.0354,0.00743,1.82e-05,0.07,0.451,151.779,4,alt-rock,574788,2020-01-02 08:32,LATAM
3qmncUJvABe0QDRwMZhbPt,Weezer,90's Music Grandi Successi,Say It Ain't So,2,258825,False,0.635,0.551,3,-7.136,1,0.0354,0.00743,1.82e-05,0.07,0.451,151.779,4,alt-rock,214503,2020-01-02 08:33,EU
6WwoaXSpEJ75vG1t674Cmm,Weezer,Fishing Music,Say It Ain't So,0,258825,False,0.635,0.551,3,-7.136,1,0.0354,0.00743,1.82e-05,0.07,0.451,151.779,4,alt-rock,487081,2020-01-02 08:34,LATAM
2q9STTSwMoEVLyvlNZyOdA,Weezer,Rock Brandneu,Records,0,208920,False,0.658,0.773,11,-5.119,1,0.0244,0.000901,0.0,0.194,0.66,100.006,4,alt-rock,269840,2020-01-02 08:35,MENA
65mksf4l4ShgosppsGHoVR,Weezer,90's Music Grandi Successi,Buddy Holly,0,159226,False,0.555,0.921,8,-4.606,1,0.0369,0.00264,0.000205,0.117,0.775,121.141,4,alt-rock,579165,2020-01-02 08:36,MENA
61c2cPZd0ZZr7W2X5d0bUR,Weezer,Rock Workout 2023,Buddy Holly,2,159226,False,0.555,0.921,8,-4.606,1,0.0369,0.00264,0.000205,0.117,0.775,121.141,4,alt-rock,865467,2020-01-02 08:37,US
0T7DQlfcadEUEjxoHeQQaL,Zoé,Alternativo diferente latino,Labios Rotos - En Vivo,0,244866,False,0.582,0.755,11,-7.305,1,0.0288,0.0632,0.00658,0.931,,109.061,4,alt-rock,986855,2020-01-02 08:38,US
7cEZSmCRCiOU1nsCuAtx0F,Weezer,Mirando las nubes,Island In The Sun,1,200053,False,0.654,0.794,4,-6.288,0,0.0284,0.00769,0.00134,0.165,0.678,114.62,4,alt-rock,501653,2020-01-02 08:39,US
1l1ra0gsPlpnDOc4HdkKZU,Weezer,Emo Christmas 2022,O Come All Ye Faithful,0,124653,False,0.516,0.818,11,-6.076,1,0.0393,0.00701,0.0,0.337,0.769,121.907,4,alt-rock,150696,2020-01-02 08:40,US
03I89EqsberXEAapUd1yWu,Weezer;AJR,Here to Forever - All New Indie,All My Favorite Songs,0,170720,False,0.605,0.7,4,-6.47,1,0.0277,0.00998,0.0,0.116,0.588,84.962,4,alt-rock,305080,2020-01-02 08:41,US
0lpdGobBIXUFiPaZpDR1Bj,Skillet,Rock Brandneu,Surviving the Game,0,238870,False,0.535,0.979,8,-3.593,1,0.0597,0.000666,0.0,0.084,0.432,103.996,4,alt-rock,194336,2020-01-02 08:42,US
4eMjf9FgbmFQ6yHZD5EsgX,Skillet,Metal Lives!,Feel Invincible,0,229933,False,0.603,0.886,5,-3.777,0,0.0837,0.00045,0.0,0.26,0.395,126.027,4,alt-rock,783406,2020-01-02 08:43,LATAM
0LvONfXemxF8eUKovfhZdH,Skillet,Metal,Feel Invincible,0,229933,False,0.603,0.886,5,-3.777,0,0.0837,0.00045,0.0,0.26,0.395,126.027,4,alt-rock,986204,2020-01-02 08:44,EU
1Vl9pXCmq6m2FbpxqHptTY,The Smashing Pumpkins,Rock & Halloween,Bullet With Butterfly Wings - Remastered 2012,2,257812,False,0.395,0.751,10,-8.547,0,0.0618,5.71e-05,0.838,0.0725,0.455,121.561,4,alt-rock,598582,2020-01-02 08:45,US
11oRhYmKwkh6iUTC521TSk,Weezer,Top of the Rock,Records,0,208920,False,0.658,0.773,11,-5.119,1,0.0244,0.000901,0.0,0.194,0.66,100.006,4,alt-rock,259163,2020-01-02 08:46,US
2Nmgl5ms85CE90Yu4lm8jL,Weezer,Alternative Christmas 2022,O Holy Night,0,244306,False,0.173,0.609,3,-7.724,1,0.0482,0.359,0.0,0.1,0.0988,197.819,3,alt-rock,119040,2020-01-02 08:47,EU
08k0JhCj8oJLB7Xuclr57s,Weezer,Fiesta temática 90s,My Name Is Jonas,1,206120,False,0.261,0.947,11,-3.031,1,0.0487,0.000193,0.00326,0.31,0.552,185.942,3,alt-rock,978481,2020-01-02 08:48,MENA
3kQhWtoluFHPbcBC6gyYrZ,Zoé,tardes tranqui,Arrullo De Estrellas,0,252986,False,0.462,0.765,5,-7.011,1,0.036,0.324,0.231,0.0757,0.399,81.513,4,alt-rock,384724,2020-01-02 08:49,APAC
0PSKFp3zoNmJzDsOHeLV6l,The Smashing Pumpkins,Alternative Christmas 2022,Christmastime,0,196723,False,0.165,0.434,0,-8.163,1,0.0288,0.316,0.171,0.213,0.186,77.983,3,alt-rock,200809,2020-01-02 08:50,MENA
3M1kaOBZv0cvlXK7xYCT1Z,Weezer,Rock n Roll Christmas,O Come All Ye Faithful,0,124653,False,0.516,0.818,11,-6.076,1,0.0393,0.00701,0.0,0.337,0.769,121.907,4,alt-rock,259301,2020-01-02 08:51,LATAM
4OtSo1ZTQWRWE53ZvBfBTV,R.E.M.,90's Music Grandi Successi,It's The End Of The World As We Know It (And I Feel Fine),0,246933,False,0.381,0.894,7,-8.638,1,0.037,0.0258,0.0,0.0251,0.797,205.528,4,alt-rock,329729,2020-01-02 08:52,EU
4fdy3vg2bCXU6L77vC6li8,The Smashing Pumpkins,Alternative Christmas 2022,Christmastime,0,196723,False,0.165,0.434,0,-8.163,1,0.0288,0.316,0.171,0.213,0.186,77.983,3,alt-rock,690284,2020-01-02 08:53,MENA
5TuTzdZVv2k4Gtl7Rn6pow,Los Enanitos Verdes,Triste Hora,Lamento Boliviano,0,222226,False,0.714,0.734,4,-7.125,0,0.0306,0.176,0.000618,0.115,0.68,123.57,4,alt-rock,902604,2020-01-02 08:54,LATAM
6w1n5rbFLWKscpvAbYGOru,R.E.M.,80s Bangers Vol. 2,It's The End Of The World As We Know It (And I Feel Fine),0,246933,False,0.381,0.894,7,-8.638,1,0.037,0.0258,0.0,0.0251,0.797,205.528,4,alt-rock,347527,2020-01-02 08:55,APAC
29RiulWABWHcTRLkDqVCl1,Korn,Metal,Rotting in Vain,0,213000,True,0.498,0.946,2,-4.792,1,0.0602,0.000121,2.53e-05,0.359,0.31,106.276,4,alt-rock,718516,2020-01-02 08:56,US
0nI0q4NuoOIskGNRizI6vs,Korn,Metal Lives!,Rotting in Vain,0,213000,True,0.498,0.946,2,-4.792,1,0.0602,0.000121,2.53e-05,0.359,0.31,106.276,4,alt-rock,158452,2020-01-02 08:57,LATAM
2YIm6Yfa0C3IxkRHDQdk1d,Skillet,Top of the Rock,Surviving the Game,0,238870,False,0.535,0.979,8,-3.593,1,0.0597,0.000666,0.0,0.084,0.432,103.996,4,alt-rock,109092,2020-01-02 08:58,LATAM
6RYHGsmhxeZ5694zS1zDF6,Weezer,Rock n Roll Christmas,We Wish You A Merry Christmas,0,84973,False,0.387,0.786,11,-4.127,1,0.0436,0.0195,0.0,0.123,0.462,149.806,3,alt-rock,149441,2020-01-02 08:59,US
1wmOubz5LefeGM4KDAcsfz,Weezer,Christmas Rock 2022,O Come All Ye Faithful,0,124653,False,0.516,0.818,11,-6.076,1,0.0393,0.00701,0.0,0.337,0.769,121.907,4,alt-rock,930814,2020-01-02 09:00,LATAM
22rUY52RY8r6fi66gtEono,Weezer,Alternative Christmas 2022,We Wish You A Merry Christmas,0,84973,False,0.387,0.786,11,-4.127,1,0.0436,0.0195,0.0,0.123,0.462,149.806,3,alt-rock,623553,2020-01-02 09:01,APAC
7mntHnF2frXuZwFAp8ouCB,Weezer,Alternative Christmas 2022,We Wish You A Merry Christmas,0,84973,False,0.387,0.786,11,-4.127,1,0.0436,0.0195,0.0,0.123,0.462,149.806,3,alt-rock,824651,2020-01-02 09:02,EU
11jMqNuaE2vTsBBjESguoL,Los Enanitos Verdes,Triste Hora,Igual Que Ayer,0,290160,False,0.62,0.788,7,-8.646,1,0.0276,0.018,0.0,0.369,0.856,137.129,4,alt-rock,119551,2020-01-02 09:03,EU
71jFgtUBKrBuIO6jeUYu9J,Los Enanitos Verdes,Triste Hora,Mi Primer Dia Sin Ti,0,270640,False,0.522,0.639,9,-5.553,1,0.0246,0.129,0.0,0.185,0.437,83.377,4,alt-rock,120009,2020-01-02 09:04,MENA
5j8hhWf7dxILKgMsRSScbM,Zoé,Alternativo diferente latino,Poli / Love - En Vivo,0,256359,False,0.553,0.722,7,-7.794,1,0.0327,0.101,2.83e-05,0.958,0.257,91.267,4,alt-rock,863912,2020-01-02 09:05,LATAM
3v8CoiN19zAzkTG0E7TBTN,Weezer,Christmas Rock 2022,We Wish You A Merry Christmas,0,84973,False,0.387,0.786,11,-4.127,1,0.0436,0.0195,0.0,0.123,0.462,149.806,3,alt-rock,192349,2020-01-02 09:06,MENA
2Ns9vtFyKhGoI0vCFLHQOR,Los Enanitos Verdes,Triste Hora,Eterna Soledad,0,174160,False,0.558,0.403,0,-8.968,1,0.0245,0.328,0.0,0.171,0.148,81.661,4,alt-rock,239857,2020-01-02 09:07,APAC
2u0CelO5c81XS7z3dGpHbS,The Neighbourhood,Wiped Out!,The Beach,78,255133,False,0.245,0.64,2,-7.426,0,0.0608,0.131,8.11e-06,0.0766,0.105,135.739,4,alt-rock,567050,2020-01-02 09:08,APAC
0VF7YLIxSQKyNiFL3X6MmN,The Neighbourhood,Chip Chrome & The Mono-Tones (Deluxe),Stargazing,76,217026,False,0.512,0.483,0,-7.798,1,0.0298,0.00304,0.0011,0.12,0.367,160.009,4,alt-rock,645909,2020-01-02 09:09,MENA
5qEn8c0MBzyRKgQq91Vevi,Fitz and The Tantrums,Out of My League,Out of My League,68,209386,False,0.545,0.968,9,-3.553,0,0.0853,0.0387,0.00325,0.331,0.527,169.965,4,alt-rock,305996,2020-01-02 09:10,APAC
73jVPicY2G9YHmzgjk69ae,The 1975,The 1975,Robbers,71,254509,False,0.621,,4,-6.858,1,0.0291,0.000363,1.75e-05,0.335,,99.806,4,alt-rock,500218,2020-01-02 09:11,US
0uBdQzKghx88d2Lp8SLFKJ,The 1975,I'm In Love With You,I'm In Love With You,78,262623,True,0.668,0.902,2,-3.924,1,0.0386,0.169,8.74e-05,0.198,0.913,119.008,4,alt-rock,707383,2020-01-02 09:12,LATAM
48UPSzbZjgc449aqz8bxox,Red Hot Chili Peppers,Californication (Deluxe Edition),Californication,82,329733,False,0.592,0.767,9,-2.788,0,0.027,0.0021,0.00165,0.127,0.328,96.483,4,alt-rock,498565,2020-01-02 09:13,US
003vvx7Niy0yvhvHt4a68B,The Killers,Hot Fuss,Mr. Brightside,86,222973,False,0.352,0.911,1,-5.23,1,0.0747,0.00121,0.0,0.0995,0.236,148.033,4,alt-rock,444387,2020-01-02 09:14,US
5Sco7mbJy7p7vdDtJW10fZ,The Score,Pressure,Born For This,65,234013,False,,0.684,5,-6.27,0,0.0405,0.0576,0.0,0.0938,0.528,129.974,4,alt-rock,164617,2020-01-02 09:15,APAC
2RsAajgo0g7bMCHxwH3Sk0,Nirvana,Nevermind (Remastered),Come As You Are,79,218920,False,0.5,0.824,4,-5.846,0,0.0388,0.00016,0.00161,0.0916,0.539,120.125,4,alt-rock,506687,2020-01-02 09:16,EU
2aibwv5hGXSgw7Yru8IYTO,Red Hot Chili Peppers,Stadium Arcadium,Snow (Hey Oh),80,334666,False,0.427,0.9,11,-3.674,1,0.0499,0.116,1.75e-05,0.119,0.599,104.655,4,alt-rock,822476,2020-01-02 09:17,APAC
2UREu1Y8CO4jXkbvqAtP7g,Skillet,Awake,Monster,77,178013,False,0.64,0.957,8,-2.336,1,0.0741,0.0431,0.0,0.0789,0.692,134.992,4,alt-rock,664082,2020-01-02 09:18,LATAM
7Fv8Qp3tTSbSS2VjryUF7L,The Score,ATLAS,Revolution,67,231986,False,0.574,0.833,8,-6.239,0,0.0563,0.0611,0.0,0.105,0.574,86.008,4,alt-rock,903746,2020-01-02 09:19,US
6VuztO5yaKP4VjqSkZxpan,Ashes Remain,What I've Become,On My Own,69,172960,False,0.361,0.871,8,-4.313,1,0.0393,0.0119,0.0,0.318,0.575,176.026,4,alt-rock,213554,2020-01-02 09:20,EU
74NANS3BFQRnpz3S0JVg5o,3 Doors Down,Emo Christmas 2022,It's Not My Time - Acoustic,0,238373,False,0.674,0.58,0,-8.081,1,0.0312,0.311,2.41e-05,0.198,0.305,128.003,4,alt-rock,109914,2020-01-02 09:21,APAC
1BGMcTlICbYWgfjiRrm3RJ,X Ambassadors;Jensen McRae,The Greatest Rock Tunes 2022,skip.that.party,0,231532,True,0.376,0.586,10,-7.165,1,0.0434,0.0131,0.00061,0.0641,0.171,149.734,4,alt-rock,593342,2020-01-02 09:22,MENA
7HS7bD1nAWG0CzigkPX7vN,Counting Crows,Fiesta temática 90s,Mr. Jones,0,272733,False,0.571,0.836,0,-5.556,1,0.0371,0.194,4.09e-06,0.182,0.73,141.612,4,alt-rock,260743,2020-01-02 09:23,APAC
0lFWwbunLKOYOl7QZrhesY,Counting Crows,Alternative Christmas 2022,A Long December,0,297293,False,0.403,0.59,5,-5.941,1,0.0284,0.508,0.00548,0.272,0.393,141.649,4,alt-rock,634591,2020-01-02 09:24,LATAM
12AJRjW79qbZktCDpMifs5,Andrés Calamaro;Alejandro Sanz,Pañuelos al viento,Flaca,0,226858,False,0.739,0.48,5,-10.82,1,0.0263,0.718,0.00292,0.0768,0.758,105.029,4,alt-rock,913512,2020-01-02 09:25,APAC
2Lkn3Of9JHY6RSA8c3omKT,3 Doors Down,Обратно в клас - rock,Here Without You,0,238560,False,0.556,0.545,10,-6.768,0,0.0255,0.0635,0.0,0.124,0.193,143.991,4,alt-rock,403423,2020-01-02 09:26,LATAM
42Jkqzhm5Y7ab7f1d22GTq,Andrés Calamaro;Sebastian Yatra;Leiva;Ivan Ferreiro,Pañuelos al viento,Paloma,2,285024,False,0.727,0.382,9,-9.145,1,0.0314,0.809,0.0,0.0998,0.828,115.003,4,alt-rock,594543,2020-01-02 09:27,US
5ugV3rhvi2h6l52e1cIfLw,3 Doors Down,Fishing Music,Kryptonite,0,234626,False,0.544,0.848,11,-6.804,0,0.0288,0.00395,5.22e-05,0.134,0.489,99.039,4,alt-rock,713525,2020-01-02 09:28,US
1aL952bo0KZTPevSl3207C,3 Doors Down,Rock Workout 2023,Kryptonite,1,234626,False,0.544,0.848,11,-6.804,0,0.0288,0.00395,5.22e-05,0.134,0.489,99.039,4,alt-rock,235035,2020-01-02 09:29,US
1kSjPQCJfwVkPcxflNMJK2,Counting Crows,Christmas Rock 2022,A Long December,0,297293,False,0.403,0.59,5,-5.941,1,0.0284,0.508,0.00548,0.272,0.393,141.649,4,alt-rock,907636,2020-01-02 09:30,MENA
0OlgQYka86XhPepKdZ6xio,Counting Crows,Fiesta temática 90s,Hanginaround,0,252720,False,0.514,0.781,0,-6.703,1,0.0639,0.248,0.0,0.731,0.717,90.522,4,alt-rock,282511,2020-01-02 09:31,APAC
5aZ1TeiMuTKqqPhYIR5hu1,Counting Crows,Los Clásicos del Pop 90s,Mr. Jones,0,272733,False,0.571,0.836,0,-5.556,1,0.0371,0.194,4.09e-06,0.182,0.73,141.612,4,alt-rock,827446,2020-01-02 09:32,EU
4YZg4UXqhMoUM40aPNIX1v,Counting Crows;Vanessa Carlton,OO's Music Grandi Successi,Big Yellow Taxi,1,226826,False,0.674,0.867,1,-4.329,1,0.0462,0.00199,0.0,0.206,0.821,88.04,4,alt-rock,693986,2020-01-02 09:33,MENA
7gF611irT26CBRN7JOTRAU,Counting Crows;Vanessa Carlton,Mirando las nubes,Big Yellow Taxi,0,226826,False,,0.867,1,-4.329,1,0.0462,0.00199,0.0,0.206,0.821,88.04,4,alt-rock,226868,2020-01-02 09:34,EU
2iA4neLS2rg1dlciGgmt4X,Megadeth,Release Your ANGER,Symphony Of Destruction,0,246733,False,0.61,0.889,4,-5.452,0,0.0585,0.000794,0.0865,0.0657,0.506,139.903,4,alt-rock,752334,2020-01-02 09:35,LATAM
6RLT4oQWaW3WiBmuTFBZnI,Volbeat,Halloween Spooky Party 2022,The Devil's Bleeding Crown,0,238653,False,,0.909,11,-4.612,1,0.041,1.62e-05,0.139,0.0442,0.209,109.653,3,alt-rock,276826,2020-01-02 09:36,EU
5u4jJAAD6jd0Z741eT7XGP,Volbeat,Twisted Halloween Hits,The Devil's Bleeding Crown,0,238653,False,0.321,0.909,11,-4.612,1,0.041,1.62e-05,0.139,0.0442,,109.653,3,alt-rock,639483,2020-01-02 09:37,US
7IMnJ5f7mRoGTtf8TPAILw,Volbeat,Halloween Party 2022,The Devil's Bleeding Crown,0,238653,False,0.321,0.909,11,-4.612,1,0.041,1.62e-05,0.139,0.0442,0.209,109.653,3,alt-rock,963712,2020-01-02 09:38,APAC
0txb2qyDV7sVBLv2KvtbW2,Andrés Calamaro;Julio Iglesias,Música para casa,Bohemio,0,208004,False,0.784,0.461,4,-9.546,0,0.0314,0.662,5.9e-05,0.107,0.733,102.165,4,alt-rock,957832,2020-01-02 09:39,MENA
5zGtItgkDE0pUB1WbSe3Po,Andrés Calamaro;Vicentico,Pañuelos al viento,Tuyo Siempre,1,171978,False,0.706,0.525,4,-8.879,0,0.0298,0.682,9.34e-05,0.175,0.73,89.945,4,alt-rock,884113,2020-01-02 09:40,MENA
1M8LMTTEajUuw7AN0g4f4i,Megadeth,Halloween Metal Nights,Holy Wars...The Punishment Due - Remastered,2,392600,False,0.327,0.985,11,-3.941,1,0.151,0.00177,0.108,0.351,0.218,125.232,4,alt-rock,544656,2020-01-02 09:41,MENA
4GPQDyw9hC1DiZVh0ouDVL,The Black Keys,OK Boomers - Top Tunes,Keep My Name Outta Your Mouth,0,189356,False,0.597,,11,-4.767,1,0.0445,0.0197,0.01,0.125,,83.507,4,alt-rock,603583,2020-01-02 09:42,US
1955ZZJe1TzmSR0TomnNjI,Megadeth,Halloween Spooky Party 2022,Symphony Of Destruction,0,246733,False,0.61,0.889,4,-5.452,0,0.0585,0.000794,0.0865,0.0657,0.506,139.903,4,alt-rock,370244,2020-01-02 09:43,EU
12sPGeSWgxY2zpPupFYIrZ,Volbeat,Halloween Spooky Party 2022,Sorry Sack Of Bones,0,228666,True,0.407,0.954,7,-3.753,1,0.0532,0.000629,0.186,0.0545,0.454,171.988,4,alt-rock,928861,2020-01-02 09:44,MENA
5ftfVzSLIi5ZxYdNbRtf41,The Black Keys,Coffee Moment,Never Gonna Give You Up,0,218986,False,0.557,0.665,6,-6.19,0,0.0328,0.321,0.000281,0.0713,0.437,75.803,4,alt-rock,529509,2020-01-02 09:45,MENA
4R7cuj0TvkNxURIAKReRh9,Andrés Calamaro,Música para casa,Transito Lento,0,194080,False,0.704,0.533,9,-6.94,0,0.0315,0.587,1.64e-05,0.254,0.695,94.056,4,alt-rock,794462,2020-01-02 09:46,US
582QmuQapDg7uo1jcAKsgN,Megadeth,Release Your ANGER,Holy Wars...The Punishment Due - Remastered,0,392600,False,,0.985,11,-3.941,1,0.151,0.00177,0.108,0.351,0.218,125.232,4,alt-rock,423699,2020-01-02 09:47,EU
0P9Kg7MUJ8ygcKSOPh1LfJ,Queens of the Stone Age,Halloween Party 2022,Burn The Witch,0,217213,False,0.452,0.819,2,-4.394,1,0.0863,0.175,0.69,0.224,0.423,124.649,4,alt-rock,766380,2020-01-02 09:48,APAC
12xfRpp5r3akA2BZFPEVwv,Volbeat,Halloween Metal Nights,Heaven Nor Hell,1,322613,False,0.411,0.767,3,-4.211,1,0.056,0.000621,0.00842,0.134,0.659,134.408,4,alt-rock,301974,2020-01-02 09:49,EU
5m3GmwLuZSP00IzHdxsDIV,Andrés Calamaro,Música para casa,Cuarteles De Invierno,0,212440,False,0.488,0.627,9,-7.266,0,0.0295,0.429,0.000133,0.114,0.482,78.979,4,alt-rock,760415,2020-01-02 09:50,EU
2UzNyk6tBmMaXf1dphGUo0,Volbeat,Halloween Metal Nights,The Devil's Bleeding Crown,0,238653,False,0.321,0.909,11,-4.612,1,0.041,1.62e-05,0.139,0.0442,0.209,109.653,3,alt-rock,141366,2020-01-02 09:51,MENA
3y4AS6cTOQBTnEsTbOUtIg,Andrés Calamaro;Juanes;Niño Josele,Música para casa,Enganchate Conmigo,0,225616,False,0.682,0.646,4,-9.274,0,0.0667,0.576,2.13e-05,0.0978,0.785,87.891,4,alt-rock,194336,2020-01-02 09:52,LATAM
3sdokgCYFdz24u6vohprY4,Andrés Calamaro;Carlos Vives,Pañuelos al viento,Algún Lugar Encontraré,0,254955,False,0.694,0.52,9,-8.758,1,0.0245,0.412,1.26e-06,0.137,0.52,108.06,4,alt-rock,416990,2020-01-02 09:53,EU
5B726JjKRgY2wdm366ItDP,Andrés Calamaro,Rock x siempre,Miro Por La Ventana - Remastered 2017,0,177413,False,0.554,0.757,11,-8.653,0,0.0705,0.00543,0.0541,0.258,0.907,148.27,4,alt-rock,533831,2020-01-02 09:54,APAC
61WUErnrzgOMPuTgXqtNA9,Andrés Calamaro,Música para casa,Diego Armando Canciones,0,213946,False,0.32,0.515,2,-8.018,1,0.0412,0.373,1.74e-06,0.089,0.568,78.021,4,alt-rock,740267,2020-01-02 09:55,US
69z5PKKbmZqcS4l86UhPpR,Andrés Calamaro,Rock x siempre,Otro Amor En Avellaneda - Remastered 2017,0,144066,False,0.637,0.572,11,-6.913,0,0.107,0.113,0.0,0.0645,0.615,138.177,4,alt-rock,423146,2020-01-02 09:56,LATAM
7brQHA2CgQpcMBiOlfiXYb,The Neighbourhood,I Love You.,Afraid,77,251186,True,0.464,0.701,6,-5.693,0,0.0411,0.00892,0.309,0.335,0.356,83.996,4,alt-rock,116594,2020-01-02 09:57,MENA
7JDWhC422Gtk1Bq0mL3OTC,Bea Miller,feel something,feel something,71,180161,True,0.74,0.415,0,-8.914,1,0.0707,0.242,0.000156,0.319,0.156,136.029,4,alt-rock,392854,2020-01-02 09:58,US
5SDcksP8En1l6RtTY1wzHc,Hillsong UNITED;TAYA,Zion,Oceans (Where Feet May Fail),71,536000,False,0.264,0.363,2,-10.196,1,0.0338,0.501,0.00406,0.11,0.0613,124.328,4,alt-rock,495260,2020-01-02 09:59,APAC
14dJexYlvd3t3XAtD1pYW1,The 1975,Being Funny In A Foreign Language,Oh Caroline,76,212568,False,0.646,0.85,2,-5.466,1,0.0428,0.363,4.01e-05,0.0994,0.819,96.538,4,alt-rock,589347,2020-01-02 10:00,MENA
3NLrRZoMF0Lx6zTlYqeIo4,3 Doors Down,Away From The Sun,Here Without You,76,238733,False,0.557,0.533,10,-6.817,0,0.0252,0.0492,0.0,0.205,0.233,143.994,4,alt-rock,679607,2020-01-02 10:01,LATAM
2aibwv5hGXSgw7Yru8IYTO,Red Hot Chili Peppers,Stadium Arcadium,Snow (Hey Oh),80,334666,False,0.427,0.9,11,-3.674,1,0.0499,0.116,1.75e-05,0.119,0.599,104.655,4,alt-rock,322896,2020-01-02 10:02,MENA
0fYVliAYKHuPmECRs1pbRf,X Ambassadors,VHS,Renegades,76,195200,False,0.526,0.862,2,-6.003,1,0.0905,0.0144,0.0597,0.229,0.528,90.052,4,alt-rock,649363,2020-01-02 10:03,LATAM
0i8JFpqe9cKwnrcvoNgl1L,Skillet,Unleashed,Feel Invincible,72,229933,False,0.603,0.886,5,-3.777,0,0.0837,0.00045,0.0,0.26,0.395,126.025,4,alt-rock,668428,2020-01-02 10:04,LATAM
7ch89fdAaK52QYF5QKUUab,Yeah Yeah Yeahs;A-Trak,Halloween Hits,Heads Will Roll - A-Trak Remix,0,383893,False,0.738,0.607,8,-3.933,0,0.0845,0.00746,0.324,0.0699,0.78,131.982,4,alt-rock,798982,2020-01-02 10:05,MENA
6CkLcIjIAWHJp3nZWhNQvF,Duman,Best Viral Tunes,Her Şeyi Yak,0,270280,False,0.629,,2,-6.79,1,0.0244,0.461,0.0,0.123,0.205,100.038,4,alt-rock,569844,2020-01-02 10:06,APAC
2iwsJcPB5HIVTuHHwdTNO4,Duman,Viral Şarkılar,Her Şeyi Yak,0,270280,False,0.629,0.538,2,-6.79,1,0.0244,0.461,0.0,0.123,0.205,100.038,4,alt-rock,829466,2020-01-02 10:07,MENA
5WTKiRTdoDk07YJOP7y8DU,KALEO,It's You - Fresh Hits,Way Down We Go,2,213706,False,0.492,0.506,10,-8.022,0,0.118,0.58,0.00032,0.104,0.338,163.522,4,alt-rock,299443,2020-01-02 10:08,APAC
3U6726RPDdw6JshdT9fGFM,KALEO,Relaxing Pop,Way Down We Go,1,213706,False,0.492,0.506,10,-8.022,0,0.118,0.58,0.00032,0.104,0.338,163.522,4,alt-rock,740534,2020-01-02 10:09,APAC
2YDI2Irzquyw8H8ztLC2ql,Counting Crows,Rock n Roll Christmas,A Long December,0,297293,False,0.403,0.59,5,-5.941,1,0.0284,0.508,0.00548,0.272,,141.649,4,alt-rock,141259,2020-01-02 10:10,US
5UFr6YU5nIp1ra63Yusbp7,Yeah Yeah Yeahs;A-Trak,Twisted Halloween Hits,Heads Will Roll - A-Trak Remix,0,383893,False,0.738,0.607,8,-3.933,0,0.0845,0.00746,0.324,0.0699,0.78,131.982,4,alt-rock,192517,2020-01-02 10:11,US
4U1WGnRxI57j3Ebi9A3HtD,Marilyn Manson,TOKYO - HALLOWEEN -,アイ・プット・ア・スペル・オン・ユー,0,216735,True,0.611,0.801,11,-5.894,0,0.0733,0.00119,0.513,0.23,0.408,96.875,3,alt-rock,878247,2020-01-02 10:12,MENA
0ND3OzMoWDW8ciiobRGXxf,Yeah Yeah Yeahs;A-Trak,Pumpkin Patch Hits,Heads Will Roll - A-Trak Remix,0,383893,False,0.738,0.607,8,-3.933,0,0.0845,0.00746,0.324,0.0699,0.78,131.982,4,alt-rock,527519,2020-01-02 10:13,APAC
4sO7A5yF6SfqiHeINS61DE,Yeah Yeah Yeahs;A-Trak,Halloween Party 2022,Heads Will Roll - A-Trak Remix,0,383893,False,0.738,0.607,8,-3.933,0,0.0845,0.00746,0.324,0.0699,0.78,131.982,4,alt-rock,658760,2020-01-02 10:14,US
6lHlAlwFhEVKmYuCdln6e0,Counting Crows,Alternative Christmas 2022,A Long December,0,297293,False,0.403,0.59,5,-5.941,1,0.0284,0.508,0.00548,0.272,0.393,141.649,4,alt-rock,643064,2020-01-02 10:15,US
3KKmCToTNy7Mnvkd9k0vVR,KALEO,Timeless Rock Hits,Way Down We Go,1,213706,False,0.492,0.506,10,-8.022,0,0.118,0.58,0.00032,0.104,0.338,163.522,4,alt-rock,725374,2020-01-02 10:16,APAC
6Jb8PXvsr5VGF0kewMXmaQ,Marilyn Manson,Twisted Halloween Hits,I Put A Spell On You,0,216735,True,0.611,0.801,11,-5.894,0,0.0733,0.00119,0.513,0.23,0.408,96.875,3,alt-rock,321009,2020-01-02 10:17,EU
2dHFbe42W3zlzLRbjvvbp3,Marilyn Manson,Halloween Metal Nights,The Beautiful People,1,222773,True,0.609,0.948,9,-4.938,1,0.113,0.00404,0.0978,0.042,0.786,144.037,4,alt-rock,260434,2020-01-02 10:18,EU
0cHFnnobCebrFG3PlfOkiR,Blur,Maintain Your Mojo,Song 2 - 2012 Remaster,0,121160,False,0.674,0.789,8,-6.903,1,0.0676,0.00178,0.00708,0.0753,0.918,129.802,4,alt-rock,138296,2020-01-02 10:19,APAC
4dI3UmOl7scnyCU4KgaaNO,grandson,20's Rock,In Over My Head,0,198365,True,0.582,0.817,0,-6.475,1,0.0399,0.0017,0.0158,0.575,0.622,155.124,4,alt-rock,878290,2020-01-02 10:20,US
5cfct39EqJAkG0cqRaARz1,grandson,Alternative Rock Mixtape,Blood // Water,0,214520,False,0.505,0.892,6,-5.633,0,0.139,0.00162,0.00177,0.148,0.629,154.004,4,alt-rock,301231,2020-01-02 10:21,APAC
04bNiW1CiMHWM0kSDvbLzp,grandson,All Out Alternative,Blood // Water,0,214520,False,0.505,0.892,6,-5.633,0,0.139,0.00162,0.00177,0.148,0.629,154.004,4,alt-rock,617652,2020-01-02 10:22,LATAM
1lYHv3SEkE6wKfZRe0HMOG,Counting Crows,Christmas Songs 2022,A Long December,1,297293,False,0.403,0.59,5,-5.941,1,0.0284,0.508,0.00548,0.272,0.393,141.649,4,alt-rock,509404,2020-01-02 10:23,MENA
6lVtX3nLHyWZP7aqU9HuVW,Yeah Yeah Yeahs,Halloween 2022,Heads Will Roll,0,221000,False,0.562,0.903,8,-4.46,0,0.0296,0.000187,0.0939,0.298,0.791,132.013,4,alt-rock,246120,2020-01-02 10:24,LATAM
3S3MAk28b2evnivIWkDshP,Marilyn Manson,Halloween Metal Nights,The Fight Song,1,177440,True,0.499,0.983,1,-3.662,0,0.0882,0.000123,0.000246,0.0728,0.0378,129.903,4,alt-rock,472536,2020-01-02 10:25,MENA
7LyODTwVRK0KN0615tcBPq,Marilyn Manson,Halloween Scary Party,The Beautiful People,0,222773,True,0.609,0.948,9,-4.938,1,0.113,0.00404,0.0978,0.042,0.786,144.037,4,alt-rock,174881,2020-01-02 10:26,MENA
7gu4nfoJkzmRsATBRjNCWI,Marilyn Manson,Twisted Halloween Hits,WE ARE CHAOS,0,240213,True,0.373,0.857,0,-3.546,1,0.0528,0.000999,0.00138,0.408,0.235,137.084,4,alt-rock,259000,2020-01-02 10:27,US
0QBrw0zGpCa8gKIJd2KDGo,Counting Crows,Del gusto de mamá,Mr. Jones,0,272733,False,0.571,0.836,0,-5.556,1,0.0371,0.194,4.09e-06,0.182,0.73,141.612,4,alt-rock,225724,2020-01-02 10:28,MENA
7Bcjjhemjq1HxoWkTw4X6O,Marilyn Manson,Halloween Spooky Party 2022,The Beautiful People,0,222773,True,0.609,0.948,9,-4.938,1,0.113,0.00404,0.0978,0.042,0.786,144.037,4,alt-rock,841973,2020-01-02 10:29,APAC
2mLYjGJ1Fl4qNept7opf7Y,Counting Crows,Rock Workout 2023,Mr. Jones,1,272733,False,0.571,0.836,0,-5.556,1,0.0371,0.194,4.09e-06,0.182,0.73,141.612,4,alt-rock,610675,2020-01-02 10:30,EU
0ttfJZcKq7E7NcIldlogbn,Marilyn Manson,Twisted Halloween Hits,The Beautiful People,0,222773,True,,0.948,9,-4.938,1,0.113,0.00404,0.0978,0.042,0.786,144.037,4,alt-rock,933117,2020-01-02 10:31,EU
3mJV4kByjmgU3ubU7JPp9W,Marilyn Manson,Halloween 2022,You And Me And The Devil Makes 3,0,264266,False,0.596,0.964,2,-5.754,1,0.0804,9.52e-05,0.834,0.203,0.399,128.021,4,alt-rock,492386,2020-01-02 10:32,US
3otBSe8dnJMNDRE9AhSm0T,Marilyn Manson,Pumpkin Patch Hits,The Beautiful People,0,222773,True,0.609,0.948,9,-4.938,1,0.113,0.00404,0.0978,0.042,0.786,144.037,4,alt-rock,281213,2020-01-02 10:33,EU
3AjZqmRivJhEVqbliY3yJa,Marilyn Manson,Anthems for Witches 2022,I Put A Spell On You,1,216735,True,0.611,0.801,11,-5.894,0,0.0733,0.00119,0.513,0.23,,96.875,3,alt-rock,647727,2020-01-02 10:34,US
6U0KYAZFsPxLxc0x0bt7zl,Marilyn Manson,Halloween Party 2022,You And Me And The Devil Makes 3,0,264266,False,0.596,0.964,2,-5.754,1,0.0804,9.52e-05,0.834,0.203,0.399,128.021,4,alt-rock,936614,2020-01-02 10:35,MENA
41f2eGe9sdVQ56ZjRRrowP,Marilyn Manson,Rock & Halloween,Sweet Dreams (Are Made Of This),2,293293,False,0.221,0.664,0,-5.242,0,0.0379,0.0039,0.657,0.239,0.101,186.044,4,alt-rock,579333,2020-01-02 10:36,LATAM
0WK1p8CduOKInJdZcjDy5A,Marilyn Manson,Twisted Halloween Hits,Sweet Dreams (Are Made Of This),0,293293,False,,0.664,0,-5.242,0,0.0379,0.0039,0.657,0.239,0.101,186.044,4,alt-rock,116074,2020-01-02 10:37,EU
0JtccJIQR0zb4t2SSdsGeN,Marilyn Manson,Halloween Scary Party,Sweet Dreams (Are Made Of This),0,293293,False,0.221,0.664,0,-5.242,0,0.0379,0.0039,0.657,0.239,0.101,186.044,4,alt-rock,373260,2020-01-02 10:38,LATAM
40dr3CZGx83RL6ADIC7xvv,Marilyn Manson,Halloween Spooky Party 2022,Sweet Dreams (Are Made Of This),0,293293,False,0.221,0.664,0,-5.242,0,0.0379,0.0039,0.657,0.239,0.101,186.044,4,alt-rock,932465,2020-01-02 10:39,US
6YrAf4oXHqLg0ZANlUMz6y,Marilyn Manson,Pop & Halloween,Sweet Dreams (Are Made Of This),2,293293,False,0.221,0.664,0,-5.242,0,0.0379,0.0039,0.657,0.239,0.101,186.044,4,alt-rock,566513,2020-01-02 10:40,MENA
7D9CMVj8TeaozjxYCIE5oF,Counting Crows,Обратно в клас - rock,Mr. Jones,0,272733,False,0.571,0.836,0,-5.556,1,0.0371,0.194,4.09e-06,0.182,0.73,141.612,4,alt-rock,956734,2020-01-02 10:41,EU
2Z2vcMJMq1SFmteHzxJoey,Marilyn Manson,Happy Haunted Halloween Tunes,The Beautiful People,1,222773,True,0.609,0.948,9,-4.938,1,0.113,0.00404,0.0978,0.042,0.786,144.037,4,alt-rock,558343,2020-01-02 10:42,APAC
5llJJM8CQpZhfUBwrJzp4c,Blur,Alternative Rock Mixtape,The Universal,1,238520,False,0.32,0.546,9,-8.33,1,0.0278,0.181,1.98e-06,0.0928,0.263,163.824,3,alt-rock,110846,2020-01-02 10:43,LATAM
6FvZIDTCtmWC4KERBlLQ5f,Babasónicos,tardes tranqui,Como Eran Las Cosas,0,242520,False,0.696,0.448,8,-9.099,1,0.0333,0.452,2.43e-05,0.0904,0.569,95.004,4,alt-rock,885745,2020-01-02 10:44,EU
28b9AxJDN10waQFdU71ggu,Blur,All Out Alternative,Song 2 - 2012 Remaster,0,121160,False,0.674,0.789,8,-6.903,1,0.0676,0.00178,0.00708,0.0753,,129.802,4,alt-rock,786716,2020-01-02 10:45,APAC
34kHexFdmug6nYZzkz3hc0,Babasónicos,noches de lluvia,Como Eran Las Cosas,0,242520,False,0.696,0.448,8,-9.099,1,0.0333,0.452,2.43e-05,0.0904,0.569,95.004,4,alt-rock,743722,2020-01-02 10:46,LATAM
0GO8y8jQk1PkHzS31d699N,Grouplove,Never Trust a Happy Song,Tongue Tied,79,218013,False,0.56,0.936,3,-5.835,1,0.0439,0.00847,0.0,0.161,0.371,112.96,4,alt-rock,973180,2020-01-02 10:47,APAC
6E37j4b44JGpdk297urpKM,Bea Miller,aurora,like that,70,185546,False,0.573,0.441,6,-5.799,0,0.0758,0.186,0.0,0.61,0.389,61.657,4,alt-rock,276574,2020-01-02 10:48,APAC
3KhwEuqLNjHfsKaBDo1yVh,Shinsei Kamattechan,Boku no Sensou,Boku no Sensou,66,280466,False,0.473,0.936,2,-4.877,1,0.0704,0.00916,0.0422,0.31,0.416,144.014,4,alt-rock,915311,2020-01-02 10:49,APAC
31AOj9sFz2gM0O3hMARRBx,R.E.M.,Out Of Time (25th Anniversary Edition),Losing My Religion,84,268426,False,0.666,0.855,9,-5.051,0,0.0295,0.179,1.2e-06,0.0987,0.803,125.639,4,alt-rock,309360,2020-01-02 10:50,LATAM
2iUmqdfGZcHIhS3b9E9EWq,Neon Trees,Picture Show,Everybody Talks,80,177280,False,0.471,0.924,8,-3.906,1,0.0586,0.00301,0.0,0.313,,154.961,4,alt-rock,973638,2020-01-02 10:51,EU
0L7lTy1aRn1TYYCTazcO5j,The Seige,Run for Your Life,Run for Your Life,55,180137,True,0.714,0.905,4,-5.137,0,0.245,0.0921,0.00149,0.0863,0.362,118.119,4,alt-rock,272287,2020-01-02 10:52,EU
5ruzrDWcT0vuJIOMW7gMnW,The Strokes,The New Abnormal,The Adults Are Talking,79,309053,False,0.593,0.749,5,-5.67,1,0.0475,0.0113,0.106,0.314,0.649,164.959,4,alt-rock,595290,2020-01-02 10:53,LATAM
42T2QQv3xgBlpQxaSP7lnK,Creed,Weathered,One Last Breath,72,238240,False,0.386,0.677,2,-5.83,1,0.0346,0.00841,0.00366,0.341,0.195,126.602,4,alt-rock,810408,2020-01-02 10:54,US
7K0WZ75nHqj450OYd3ZywF,The EverLove,Walk Through Fire,I'm Dangerous,65,243329,False,,0.841,8,-7.026,0,0.0436,0.00438,4.44e-05,0.31,0.755,92.025,4,alt-rock,170340,2020-01-02 10:55,APAC
3CrsuTJomWZmeXIvKhV45l,The Score,Carry On,Stronger,66,190048,False,0.563,0.678,2,-4.717,0,0.0392,0.0228,0.0,0.342,0.134,127.883,4,alt-rock,160034,2020-01-02 10:56,LATAM
2QGuFhaQDrGKqtkOgItDJS,Charlie Brown Jr.,Acústico (Ao Vivo),Zoio De Lula - Ao Vivo,55,224973,False,0.632,0.866,1,-5.445,0,0.0488,0.0556,5.75e-06,0.518,0.835,87.785,4,alt-rock,864809,2020-01-02 10:57,MENA
0393PMIQFV9pewSmxoWwXw,Fitz and The Tantrums,US Pop 20s,Sway,0,136940,False,0.705,0.927,1,-2.701,1,0.0776,0.0327,0.0,0.0705,0.945,159.978,4,alt-rock,154384,2020-01-02 10:58,EU
6ngu6sBaJMM05mAVATApZJ,KALEO,Feeling Good - Adult Pop Favorites,Save Yourself,0,273880,False,0.534,0.338,0,-8.608,0,0.0346,0.515,9.26e-06,0.124,0.111,120.399,4,alt-rock,652444,2020-01-02 10:59,US
0jpH3aJTsu8PNTHO5TzWPv,KALEO,La Fine dell'Estate,Way Down We Go,0,213706,False,0.492,,10,-8.022,0,0.118,0.58,0.00032,0.104,0.338,163.522,4,alt-rock,944397,2020-01-02 11:00,APAC
7n4Y9BCKLHi4hqI2NctuAq,KALEO,Indie Chill Out,I Want More,0,212392,False,0.55,0.531,8,-7.431,1,0.0309,0.256,0.0,0.0509,0.364,98.014,4,alt-rock,653262,2020-01-02 11:01,EU
63J97fSuqUiTB7rm58OfxV,Fitz and The Tantrums,New Pop Classics,Sway,0,136940,False,0.705,0.927,1,-2.701,1,0.0776,0.0327,0.0,0.0705,0.945,159.978,4,alt-rock,532900,2020-01-02 11:02,US
6IKtfO76zpYpYnfOb8Ley8,Fitz and The Tantrums,Tek It - New Noise,Sway,0,136940,False,0.705,0.927,1,-2.701,1,0.0776,0.0327,0.0,0.0705,0.945,159.978,4,alt-rock,475527,2020-01-02 11:03,APAC
5IL61OxHy3t9W42qZOnw3m,KALEO,All Bops,Automobile,1,186906,False,,0.553,2,-6.164,1,0.0389,0.596,3.01e-05,0.305,0.356,125.903,4,alt-rock,674346,2020-01-02 11:04,LATAM
0kz60VCKOQrGfv7fpHqwyf,Young the Giant,All Out Alternative,Cough Syrup,0,249520,False,0.533,0.721,11,-7.309,0,0.0417,0.0338,6.24e-06,0.115,0.225,128.972,3,alt-rock,614657,2020-01-02 11:05,APAC
3A5GWLRz25wpL8yx4vf0sq,No Doubt,OO's Music Grandi Successi,It's My Life,1,225866,False,0.606,0.75,8,-4.535,0,0.0306,0.0026,0.000795,0.321,,126.316,4,alt-rock,551589,2020-01-02 11:06,LATAM
7vNEDUsDuUZ4MOkrl3REj2,Fitz and The Tantrums,Happy Commute,Walking Target,0,156960,False,0.65,0.956,4,-4.113,1,0.0564,0.0153,3.86e-05,0.364,,104.018,4,alt-rock,238221,2020-01-02 11:07,MENA
6uYSPBL3Y2shKlqH52Rw4l,Jimmy Eat World,Emo Christmas 2022,Last Christmas,0,267493,False,0.532,0.842,2,-6.152,1,0.0403,0.00131,1.2e-06,0.33,0.715,126.042,4,alt-rock,696399,2020-01-02 11:08,MENA
6fz1H1xvH7uUycVKUVUHwb,Creed,Fishing Music,One Last Breath,1,239373,False,0.38,0.72,2,-5.766,1,0.0356,0.00899,0.00147,0.221,0.172,129.982,4,alt-rock,765792,2020-01-02 11:09,MENA
1NaHqvYJ48wdyQZMkNnUUr,Pantera,Metal,Walk,0,315120,True,0.428,0.704,6,-8.018,0,0.0808,0.000156,0.00223,0.0933,0.703,116.898,4,alt-rock,737968,2020-01-02 11:10,EU
2cSKGtyDddIwiSe5EhWAtW,Fitz and The Tantrums,20's Rock,I Just Wanna Shine,0,207925,False,0.705,0.918,6,-2.771,0,0.0678,0.0405,0.000106,0.0803,0.537,92.513,4,alt-rock,167515,2020-01-02 11:11,LATAM
5KoRwyRC1Yp3fTQQuZeMbM,Jimmy Eat World,Alternative Christmas 2022,Christmas Card,0,173560,False,0.196,0.93,11,-5.131,1,0.0519,0.0116,0.00214,0.105,0.566,194.319,4,alt-rock,732592,2020-01-02 11:12,EU
0hPjv7ShJQkoZM8JiBnTqa,Jimmy Eat World,Rock n Roll Christmas,Last Christmas,0,267493,False,0.532,0.842,2,-6.152,1,0.0403,0.00131,1.2e-06,0.33,0.715,126.042,4,alt-rock,756801,2020-01-02 11:13,US
1f9jv3jIHqwZhVW7NMAgYN,Pantera,Groove Metal Roots & Branches,Mouth for War,1,236720,False,0.361,0.97,8,-5.69,0,0.0837,6.58e-06,0.000162,0.039,0.561,156.96,4,alt-rock,265073,2020-01-02 11:14,US
2rUzh19do9xKVsfWCa92x7,Fitz and The Tantrums;Dave Audé,10's Dance Classics,HandClap - Dave Audé Remix,0,295932,False,0.725,0.918,8,-2.468,1,0.0352,0.000148,0.00127,0.0642,0.503,128.016,4,alt-rock,864079,2020-01-02 11:15,APAC
2S9yxu8MLsL0CXoSdGuues,Jimmy Eat World,Alternative Christmas 2022,Last Christmas,0,267493,False,0.532,0.842,2,-6.152,1,0.0403,0.00131,1.2e-06,0.33,0.715,126.042,4,alt-rock,571460,2020-01-02 11:16,LATAM
6vMAhCWv2XzOqXj6pYTh5H,Jimmy Eat World,Alternative Christmas 2022,Last Christmas,0,267493,False,0.532,0.842,2,-6.152,1,0.0403,0.00131,1.2e-06,0.33,0.715,126.042,4,alt-rock,525221,2020-01-02 11:17,MENA
4QBuC8RxPzFPHPryVdnF0m,Fitz and The Tantrums,All Out Alternative,HandClap,0,193253,False,,0.836,8,-3.004,1,0.0427,0.00609,0.000157,0.0828,0.715,139.957,4,alt-rock,750461,2020-01-02 11:18,US
13qGcgZe2DoDxPwXbbcbTg,No Doubt,Los Clásicos del Pop 90s,Don't Speak,0,262746,False,0.508,0.752,5,-5.439,0,0.0343,0.251,2.1e-05,0.142,0.554,76.07,4,alt-rock,558846,2020-01-02 11:19,APAC
7bg7JfJvKgKX1xTn1gGAki,Jimmy Eat World,Mirando las nubes,The Middle,0,166040,False,0.644,0.848,2,-5.385,1,0.0529,0.0358,0.0,0.0676,0.928,162.151,4,alt-rock,590269,2020-01-02 11:20,APAC
6FLMTRlci8RrAegvGIuoYS,No Doubt,Emo Christmas 2022,Oi To The World,0,160586,False,0.505,0.939,9,-4.165,1,0.0415,0.00281,0.0232,0.0516,0.963,177.68,4,alt-rock,380992,2020-01-02 11:21,MENA
0Hs9WwuAMYmMiIaaYLhE6i,No Doubt,Halloween Hits,Spiderwebs,1,266706,False,0.485,0.924,10,-4.046,1,0.0579,0.0373,1.62e-06,0.248,0.661,143.244,4,alt-rock,935087,2020-01-02 11:22,US
1zKsMKyoroSE4Pw41NJREK,No Doubt;Bounty Killer,OO's Music Grandi Successi,Hey Baby,0,207040,False,0.705,0.871,11,-3.557,0,0.123,0.0618,0.0,0.226,0.749,93.625,4,alt-rock,972511,2020-01-02 11:23,APAC
2vGDTOtslhkco6LVFfdEI2,Soundgarden,Rock & Halloween,Black Hole Sun,0,318586,False,0.351,0.827,6,-5.351,1,0.0412,0.000222,0.000118,0.0755,0.145,105.463,4,alt-rock,217387,2020-01-02 11:24,EU
52qebMWeKw2x34v56DPFcl,No Doubt,Helloween Party,Spiderwebs,0,266706,False,,0.924,10,-4.046,1,0.0579,0.0373,1.62e-06,0.248,,143.244,4,alt-rock,759811,2020-01-02 11:25,LATAM
5qmdJ43JhLyQU06f673RJ1,No Doubt,Rock Workout 2023,Don't Speak,0,262746,False,0.508,0.752,5,-5.439,0,0.0343,0.251,2.1e-05,0.142,0.554,76.07,4,alt-rock,121001,2020-01-02 11:26,LATAM
01XHdHj96m9u8VEyvInHGE,No Doubt,Rock & Halloween,Spiderwebs,1,266706,False,0.485,,10,-4.046,1,0.0579,0.0373,1.62e-06,0.248,0.661,143.244,4,alt-rock,432089,2020-01-02 11:27,MENA
6JN0cjFT0zDRYxzqcKrvwf,Soundgarden,Hits Pop Rock 90's,Spoonman,0,246920,False,0.258,0.904,0,-5.625,1,0.0386,2.2e-05,0.218,0.255,0.832,186.054,3,alt-rock,972996,2020-01-02 11:28,APAC
2ZLe81mFJfD39BqIy3zkWb,No Doubt,Обратно в клас - rock,Don't Speak,0,262746,False,0.508,0.752,5,-5.439,0,0.0343,0.251,2.1e-05,0.142,0.554,76.07,4,alt-rock,257326,2020-01-02 11:29,MENA
7MUd9iu6pW3KnLcz2NuMcs,Jimmy Eat World,Christmas Rock 2022,Last Christmas,0,267493,False,,0.842,2,-6.152,1,0.0403,0.00131,1.2e-06,0.33,0.715,126.042,4,alt-rock,439298,2020-01-02 11:30,MENA
2VSN91ig6Mw7YvZyd9zda9,No Doubt,Alternative Christmas 2022,Oi To The World,0,160586,False,0.505,0.939,9,-4.165,1,0.0415,0.00281,0.0232,0.0516,0.963,177.68,4,alt-rock,297621,2020-01-02 11:31,LATAM
0S51NLrTscfLemwPv2rjNv,No Doubt,Hits Pop Rock 90's,Just A Girl,1,205946,False,0.635,0.937,2,-2.86,1,0.0452,0.0735,6.95e-05,0.134,0.78,108.003,4,alt-rock,755397,2020-01-02 11:32,APAC
4haXv9IJwOlJJsT6FNJPYk,Jimmy Eat World,Обратно в клас - rock,The Middle,0,166040,False,0.644,,2,-5.385,1,0.0529,0.0358,0.0,0.0676,0.928,162.151,4,alt-rock,517529,2020-01-02 11:33,EU
0BaVcB3Mn8QgGUdEi2yqCb,Stone Temple Pilots,Timeless Rock Hits,Plush,1,310346,False,0.416,0.954,7,-3.157,0,0.0467,0.0021,0.0,0.177,0.498,144.724,4,alt-rock,633805,2020-01-02 11:34,LATAM
7KPwpv8wlkkaNRd4LLoQT9,Soundgarden,Hits Pop Rock 90's,Black Hole Sun,1,318586,False,0.351,0.827,6,-5.351,1,0.0412,0.000222,0.000118,0.0755,0.145,105.463,4,alt-rock,948310,2020-01-02 11:35,EU
77KnJc8o5G1eKVwX5ywMeZ,Young the Giant,Mirrorball / Mind Over Matter (Reprise),Mind Over Matter (Reprise),75,230866,False,0.393,0.487,0,-6.348,1,0.0337,0.229,0.0,0.128,0.3,151.958,4,alt-rock,568945,2020-01-02 11:36,APAC
7JIIY2oDPFkURYMCLJuzhe,"Dominic Fike;""Zendaya","Elliot's Song (From """"""""Euphoria"""""""" An HBO Original Series)""""","Elliot's Song - From """"""""Euphoria"""""""" An HBO Original Series""""",70,150320,False,0.394,0.327,4,-14.291,1,0.114,0.849,0.0,0.125,0.411,93.358,4,alt-rock,760730,2020-01-02 11:37,MENA
3VBvV5wMMgEkrXqILx8JnB,Sam Tinnesz,Legends Are Made,Legends Are Made,51,169758,False,,0.89,0,-4.879,1,0.0413,0.123,0.0,0.139,,87.871,4,alt-rock,188117,2020-01-02 11:38,APAC
2DtPEKs3Pj7E06EoWW4vw8,Poets of the Fall,Carnival of Rust,Carnival of Rust,56,262946,False,0.492,0.59,5,-4.593,0,0.0239,0.225,2.79e-05,0.0973,0.124,91.018,4,alt-rock,293719,2020-01-02 11:39,MENA
2bDENJyfbxj0neGiXUFvIX,Welshly Arms,No Place Is Home,Legendary,66,232173,False,0.537,0.656,11,-5.863,0,0.0411,0.0458,2.54e-06,0.112,0.45,141.873,4,alt-rock,952172,2020-01-02 11:40,US
1wybXxUeY5yj4Zi7d6jAaW,Willyecho,Welcome to the Fire,Welcome to the Fire,52,202250,False,0.597,0.522,2,-5.683,0,0.0331,0.297,0.0,0.0854,0.334,119.792,4,alt-rock,873604,2020-01-02 11:41,MENA
15VRO9CQwMpbqUYA7e6Hwg,Nirvana,MTV Unplugged In New York,The Man Who Sold The World,76,261093,False,0.483,0.753,1,-8.937,0,0.0832,0.425,0.000142,0.257,0.42,115.102,4,alt-rock,691007,2020-01-02 11:42,LATAM
4CbKVDZkYKdv69I4bCaKUq,Skillet,Awake,Hero,72,186813,False,0.533,0.967,1,-2.543,1,0.0995,0.00791,0.0,0.336,0.782,142.018,4,alt-rock,440380,2020-01-02 11:43,APAC
1vhNd2F1bNKV7DN4Moa8z2,grandson;King Kavalier,BLOOD // EDITS,Blood // Water - King Kavalier Remix,64,179374,False,0.586,0.813,8,-6.357,0,0.0804,0.0494,5.54e-06,0.0939,0.655,149.812,4,alt-rock,279822,2020-01-02 11:44,APAC
11LmqTE2naFULdEP94AUBa,Nirvana,In Utero - 20th Anniversary - Deluxe Edition,Heart-Shaped Box,79,281160,False,0.256,,1,-10.283,1,0.0552,0.199,0.0329,0.0853,0.382,203.006,4,alt-rock,866549,2020-01-02 11:45,APAC
3ZOEytgrvLwQaqXreDs2Jx,Red Hot Chili Peppers,By the Way (Deluxe Edition),Can't Stop,82,269000,False,0.618,0.938,9,-3.442,1,0.0456,0.0179,0.0,0.167,,91.455,4,alt-rock,806773,2020-01-02 11:46,US
5gxakaZJUKXaPZPPzVZ5Tu,The Afters,Life Is Beautiful,Moments Like This,56,239986,False,0.497,0.837,2,-3.672,1,0.046,0.0155,0.0,0.0763,0.489,86.016,4,alt-rock,317529,2020-01-02 11:47,APAC
2ZUyxzeqj11CBJwZbnYgb8,Neon Trees,Rock Workout 2023,Everybody Talks,1,177280,False,,0.916,8,-3.93,1,0.0624,0.00504,0.0,0.325,0.745,154.948,4,alt-rock,630848,2020-01-02 11:48,APAC
0a0ojBktF5aWS7Cdjf4rTA,Neon Trees,CHRISTMAS TOP HITS 2022,Holiday Rock,0,177345,False,0.529,0.818,6,-6.622,1,0.04,6.5e-05,0.0,0.354,0.684,148.173,4,alt-rock,656793,2020-01-02 11:49,MENA
5IEYuPuSbReekSa8Jvx51t,Neon Trees,Pop Christmas 2022,Holiday Rock,0,177345,False,0.529,0.818,6,-6.622,1,0.04,6.5e-05,0.0,0.354,0.684,148.173,4,alt-rock,529717,2020-01-02 11:50,LATAM
00gxx5tCbWPxr76vGNED8B,Neon Trees,Weihnachtspop 2022,Holiday Rock,0,177345,False,0.529,0.818,6,-6.622,1,0.04,6.5e-05,0.0,0.354,0.684,148.173,4,alt-rock,934002,2020-01-02 11:51,LATAM
0WBKz2TSI4OEAWZnnX5Jzl,Neon Trees,Alternative Christmas 2022,Holiday Rock,0,177345,False,0.529,0.818,6,-6.622,1,0.04,6.5e-05,0.0,0.354,0.684,148.173,4,alt-rock,211690,2020-01-02 11:52,LATAM
1Uu1dI6OcKWuMLLv8ki3lN,Smash Mouth,Workout Hits 2023,All Star,0,200373,False,,0.867,11,-5.881,1,0.032,0.0394,0.0,0.0861,0.776,104.02,4,alt-rock,332104,2020-01-02 11:53,EU
0VubuUqnJDOm2pD144598j,Neon Trees,Обратно в клас - rock,Everybody Talks,0,177280,False,0.474,0.916,8,-3.93,1,0.0624,0.00504,0.0,0.325,0.745,154.948,4,alt-rock,185525,2020-01-02 11:54,EU
0Rv8J2jCczm7nxMurGBIcG,Godsmack,Halloween Spooky Party 2022,Vampires,0,227240,False,0.486,0.843,7,-6.085,1,0.0635,7.21e-05,0.682,0.0709,0.412,90.016,4,alt-rock,723633,2020-01-02 11:55,EU
6AQl2w7IHk6jOYgSZcXj8z,Smash Mouth,OO's Music Grandi Successi,I'm A Believer - Radio Edit,3,183400,False,,0.972,6,-3.524,1,0.0639,0.0198,6.4e-06,0.393,0.92,82.336,4,alt-rock,679608,2020-01-02 11:56,APAC
44zVV7hw9cCj2tmzCmmChE,Smash Mouth,Los Clásicos del Pop 90s,All Star,1,200373,False,0.731,0.867,11,-5.881,1,0.032,0.0394,0.0,0.0861,0.776,104.02,4,alt-rock,988580,2020-01-02 11:57,LATAM
2s0QwtFt0lBDGPCnJeDvJz,Smash Mouth,Halloween 2022,All Star,0,200373,False,0.731,0.867,11,-5.881,1,0.032,0.0394,0.0,0.0861,0.776,104.02,4,alt-rock,588082,2020-01-02 11:58,MENA
5CwV9IOgmKbN7RdUTPBAYY,Smash Mouth,OO's Music Grandi Successi,All Star,0,200373,False,,0.867,11,-5.881,1,0.032,0.0394,0.0,0.0861,0.776,104.02,4,alt-rock,235538,2020-01-02 11:59,APAC
1yXOiLikkgT70ND5Sj9Ov7,Smash Mouth,Halloween Party 2022,All Star,0,200373,False,0.731,0.867,11,-5.881,1,0.032,0.0394,0.0,0.0861,0.776,104.02,4,alt-rock,505792,2020-01-02 12:00,EU
3F4M4WsRWSIaHL2Nio1S8E,Smash Mouth,90's Music Grandi Successi,All Star,0,200373,False,0.731,0.867,11,-5.881,1,0.032,0.0394,0.0,0.0861,0.776,104.02,4,alt-rock,179561,2020-01-02 12:01,EU
3WtdWGFcbmVi2uKMcT4KZ2,Detonautas Roque Clube,Detonautas Acústico,Outro Lugar,54,236973,False,0.616,0.833,2,-7.932,1,0.0323,0.0392,9.77e-05,0.801,0.553,104.043,4,alt-rock,703820,2020-01-02 12:02,US
0e6RXd6MAv6xdvHriDc0ud,Smash Mouth,Обратно в клас - rock,All Star,0,200373,False,0.731,0.867,11,-5.881,1,0.032,0.0394,0.0,0.0861,0.776,104.02,4,alt-rock,706774,2020-01-02 12:03,MENA
7jeTJ7399PqgZvyfW1LrvK,Smash Mouth,Hits Pop Rock 90's,All Star,1,200373,False,0.731,0.867,11,-5.881,1,0.032,0.0394,0.0,0.0861,0.776,104.02,4,alt-rock,871884,2020-01-02 12:04,EU
6X3kcyCvy2stFdKuYP55Co,Godsmack,Halloween Metal Nights,Cryin' Like A Bitch!!,1,201666,True,0.548,0.808,10,-5.484,1,0.0398,7.19e-05,0.00341,0.114,0.475,95.207,4,alt-rock,405762,2020-01-02 12:05,EU
424WY6p8kPClokqegSpJfV,Rob Zombie;Ozzy Osbourne,Release Your ANGER,Iron Head,0,251200,False,0.527,0.924,6,-4.503,1,0.0367,7.92e-05,0.0671,0.705,0.324,102.036,4,alt-rock,379109,2020-01-02 12:06,EU
5G4roC38WFtOEF5Jo7vLUR,Rob Zombie,Halloween Hits,Living Dead Girl,2,201400,False,,0.948,6,-5.579,0,0.0676,0.00512,0.0996,0.228,0.548,103.025,4,alt-rock,164119,2020-01-02 12:07,LATAM
67tATduRRXN0FrbOeyxyuH,The Verve,90's Music Grandi Successi,Bitter Sweet Symphony - Remastered 2016,0,357266,False,0.356,0.917,9,-6.005,1,0.0487,0.0336,0.0,0.406,0.523,171.172,4,alt-rock,473637,2020-01-02 12:08,MENA
1nQYbtP8RwXxA7DwW6Kn38,Rob Zombie,Twisted Halloween Hits,Living Dead Girl,0,201400,False,0.518,0.948,6,-5.579,0,0.0676,0.00512,0.0996,0.228,0.548,103.025,4,alt-rock,527774,2020-01-02 12:09,APAC
4vvCo9Lxak9UqHVOyFmjFT,Rob Zombie,Pumpkin Patch Hits,Living Dead Girl,0,201400,False,0.518,0.948,6,-5.579,0,0.0676,0.00512,0.0996,0.228,0.548,103.025,4,alt-rock,779033,2020-01-02 12:10,LATAM
4ZbIwC19U5soz0akMfbUqD,Rob Zombie,Rock & Halloween,Living Dead Girl,2,201400,False,0.518,0.948,6,-5.579,0,0.0676,0.00512,0.0996,0.228,0.548,103.025,4,alt-rock,778392,2020-01-02 12:11,EU
2TDtt2AF6IR5iTmVrCM1u8,Rob Zombie,Twisted Halloween Hits,Superbeast,0,220226,False,,0.975,11,-4.433,0,0.0609,7.65e-05,0.561,0.457,0.309,154.047,4,alt-rock,226227,2020-01-02 12:12,US
6VNgUdPze583ZMIqe9EAyF,Rob Zombie,Halloween Metal Nights,Dragula,1,222893,False,,0.978,0,-5.327,0,0.0548,8.55e-05,0.000141,0.0955,0.558,125.073,4,alt-rock,356609,2020-01-02 12:13,LATAM
6AY2zdaF4LJykDhGGE4nv6,Rob Zombie,Helloween Party,Living Dead Girl,0,201400,False,0.518,0.948,6,-5.579,0,0.0676,0.00512,0.0996,0.228,0.548,103.025,4,alt-rock,560324,2020-01-02 12:14,US
0ojuDHW8XG17heZBJHQyXJ,Rob Zombie,Halloween Metal Nights,Superbeast,0,220226,False,0.514,0.975,11,-4.433,0,0.0609,7.65e-05,0.561,0.457,0.309,154.047,4,alt-rock,401541,2020-01-02 12:15,APAC
6q0hRmeFLlRB25616BLhgy,Rob Zombie,Halloween Party 2022,Living Dead Girl,0,201400,False,0.518,0.948,6,-5.579,0,0.0676,0.00512,0.0996,0.228,0.548,103.025,4,alt-rock,122992,2020-01-02 12:16,MENA
0X2rK2dB3aEGw1KOK0ioAL,Rob Zombie,Pumpkin Patch Hits,Dragula,0,222893,False,0.579,0.978,0,-5.327,0,0.0548,8.55e-05,0.000141,0.0955,0.558,125.073,4,alt-rock,861128,2020-01-02 12:17,US
5vp6CNekMfEWWi8FtqUlKx,Rob Zombie,Halloween Spooky Party 2022,Living Dead Girl,0,201400,False,0.518,0.948,6,-5.579,0,0.0676,0.00512,0.0996,0.228,0.548,103.025,4,alt-rock,758144,2020-01-02 12:18,US
2AMjuIoFxAYnQ5PWrRceOP,Rob Zombie,Twisted Halloween Hits,Dragula,0,222893,False,0.579,0.978,0,-5.327,0,0.0548,8.55e-05,0.000141,0.0955,0.558,125.073,4,alt-rock,568064,2020-01-02 12:19,EU
7uhmQXCmglHzUEUA0ch9mh,Rob Zombie,Halloween Party 2022,Dragula,0,222893,False,0.579,0.978,0,-5.327,0,0.0548,8.55e-05,0.000141,0.0955,0.558,125.073,4,alt-rock,385740,2020-01-02 12:20,APAC
7y5uK11sbFNiNEafUvntSL,Rob Zombie,Halloween Scary Party,Dragula,0,222893,False,0.579,0.978,0,-5.327,0,0.0548,8.55e-05,0.000141,0.0955,0.558,125.073,4,alt-rock,858457,2020-01-02 12:21,LATAM
2i0hWBMyrOXnGv3jWji0Lw,Rob Zombie,Halloween Spooky Party 2022,Dragula,0,222893,False,0.579,0.978,0,-5.327,0,0.0548,8.55e-05,0.000141,0.0955,0.558,125.073,4,alt-rock,131753,2020-01-02 12:22,US
3jcMkuNGMExEorJSML33D9,Rob Zombie,Halloween Metal Nights,Demon Speeding,0,224306,False,0.548,0.809,11,-4.001,0,0.0328,0.000298,2.96e-06,0.156,0.409,133.984,4,alt-rock,501750,2020-01-02 12:23,US
6NXIFaZ5a9rtnhF7GAHF0U,The Verve,Hits Pop Rock 90's,Bitter Sweet Symphony - Remastered 2016,1,357266,False,0.356,0.917,9,-6.005,1,0.0487,0.0336,0.0,0.406,0.523,171.172,4,alt-rock,820863,2020-01-02 12:24,EU
5XEYNhZdOT7QUfoXxVSdbu,The Verve,Обратно в клас - rock,Bitter Sweet Symphony - Remastered 2016,0,357266,False,0.356,0.917,9,-6.005,1,0.0487,0.0336,0.0,0.406,0.523,171.172,4,alt-rock,957676,2020-01-02 12:25,LATAM
0EfsDEYaSjGYd66Pr881nq,The Neighbourhood,Wiped Out!,Cry Baby,74,235160,False,0.581,0.656,4,-4.891,0,0.0294,0.00269,2.78e-06,0.101,0.338,108.033,4,alt-rock,326275,2020-01-02 12:26,APAC
1fDFHXcykq4iw8Gg7s5hG9,The 1975,Being Funny In A Foreign Language,About You,73,326490,False,0.416,0.762,2,-7.385,1,0.0279,0.312,0.804,0.0559,0.461,95.967,4,alt-rock,685714,2020-01-02 12:27,US
0yqrhHrcWLMjBylHReDN5u,Sam Tinnesz,Babel,Legends Are Made,68,169758,False,0.553,0.89,0,-4.879,1,0.0413,0.123,0.0,0.139,0.674,87.871,4,alt-rock,270716,2020-01-02 12:28,EU
7IL8PSVwLOJxqYne6azxQv,The Neighbourhood,Chip Chrome & The Mono-Tones,Pretty Boy,75,234093,False,0.578,0.386,6,-11.464,1,0.0278,0.208,0.0453,0.307,0.569,154.902,4,alt-rock,204308,2020-01-02 12:29,LATAM
0KzAbK6nItSqNh8q70tb0K,Pixies,Death to the Pixies,Where Is My Mind?,77,229226,False,0.513,0.442,4,-13.529,1,0.0343,0.00731,0.000838,0.0878,0.243,81.201,4,alt-rock,417719,2020-01-02 12:30,APAC
1LzNfuep1bnAUR9skqdHCK,Mazzy Star,So Tonight That I Might See,Fade Into You,79,295600,False,0.42,,9,-13.925,1,0.0275,0.245,0.000679,0.0677,0.175,157.143,3,alt-rock,896582,2020-01-02 12:31,US
46gSk82duJtX3TTA182ruG,Franz Ferdinand,This fffire,This fffire - New Version,76,218080,False,0.442,0.887,4,-5.943,0,0.1,0.0259,4.57e-06,0.0655,0.637,146.358,4,alt-rock,720527,2020-01-02 12:32,US
3TgMcrV32NUKjEG2ujn9eh,The 1975,A Brief Inquiry Into Online Relationships,It's Not Living (If It's Not With You),73,248335,False,0.618,0.837,1,-5.338,1,0.0304,0.000254,0.000378,0.0618,0.526,121.227,4,alt-rock,540338,2020-01-02 12:33,EU
7omxuGYsym1n2RlVf86OF9,The 1975,Being Funny In A Foreign Language,The 1975,71,250900,False,0.542,0.433,9,-10.47,1,0.0305,0.897,0.173,0.101,0.495,140.939,4,alt-rock,354536,2020-01-02 12:34,APAC
3d9DChrdc6BOeFsbrZ3Is0,Red Hot Chili Peppers,Blood Sugar Sex Magik (Deluxe Edition),Under the Bridge,82,264306,False,0.559,0.345,4,-13.496,1,0.0459,0.0576,0.000105,0.141,0.458,84.581,4,alt-rock,227474,2020-01-02 12:35,MENA
424GDxARRXRaZ7Mla9EDI2,Adam Jensen,The Mystic,The Mystic,68,189600,False,0.556,0.72,4,-5.132,0,0.0415,0.358,0.0,0.146,,125.324,4,alt-rock,343688,2020-01-02 12:36,APAC
7wCmS9TTVUcIhRalDYFgPy,Pixies,Surfer Rosa,Where Is My Mind? - Remastered,79,234973,False,0.519,0.441,4,-14.178,1,0.0353,0.0204,0.000453,0.076,0.25,81.334,4,alt-rock,237420,2020-01-02 12:37,LATAM
57iDDD9N9tTWe75x6qhStw,The Verve,Urban Hymns (Remastered 2016),Bitter Sweet Symphony,80,357266,False,0.356,0.917,9,-6.006,1,0.0479,0.0335,0.0,0.406,0.518,171.176,4,alt-rock,268376,2020-01-02 12:38,APAC
3cfOd4CMv2snFaKAnMdnvK,Smash Mouth,Astro Lounge,All Star,79,200373,False,0.731,0.867,11,-5.881,1,0.032,0.0395,0.0,0.0861,0.776,104.019,4,alt-rock,718779,2020-01-02 12:39,US
3JRi5bymnIQ2fhIetoOm3r,Charlie Brown Jr.,Acústico (Ao Vivo),Só Por Uma Noite - Ao Vivo,53,190400,False,0.568,0.94,4,-6.414,1,0.0402,0.0366,0.00314,0.735,0.738,114.873,4,alt-rock,219428,2020-01-02 12:40,EU
0XsYX3MLhyIW2nmMiJjGN2,Mazzy Star,sadsadchristmas,Flowers In December,3,297893,False,0.59,0.229,7,-13.174,1,0.0301,0.115,0.00168,0.0854,0.168,96.859,4,alt-rock,142635,2020-01-02 12:41,US
2uLtcnTKpk0FFdNbqhT7tH,Mazzy Star,Los Clásicos del Pop 90s,Fade Into You,0,297160,False,0.248,0.399,9,-11.011,1,0.0283,0.306,0.00119,0.0728,0.198,52.401,4,alt-rock,588105,2020-01-02 12:42,APAC
5waHhqlk8iTweFuHeZz9CZ,Bullet For My Valentine,Release Your ANGER,Stitches,5,301426,True,0.547,0.941,1,-4.631,1,0.0824,5.72e-06,0.000756,0.323,0.331,100.007,4,alt-rock,357934,2020-01-02 12:43,APAC
5pIXg8cywRwdTyFeVsWtht,Hoobastank,OO's Music Grandi Successi,The Reason,1,232800,False,0.474,0.671,4,-4.649,1,0.0289,0.0129,0.0,0.159,0.0682,82.94,4,alt-rock,509252,2020-01-02 12:44,MENA
3CMA6bdFwobZpvStfR2jls,Royal Blood,Rock - Best of 2022,Honeybrains,3,186847,False,0.523,0.8,9,-5.243,1,0.101,0.00537,0.0,0.398,,125.886,3,alt-rock,225808,2020-01-02 12:45,MENA
1CfKabrnieuwFYodtDZvvw,Bullet For My Valentine,Release Your ANGER,Shatter - Edit,0,281757,False,0.413,0.923,9,-4.487,1,0.053,9.24e-06,0.00102,0.0883,0.504,150.059,4,alt-rock,288979,2020-01-02 12:46,US
1ABzvnkHLpLaIN7VlB00LJ,Kinky,Kinky (Remastered),Soun Tha Mi Primer Amor - Remastered,54,191000,False,0.83,,6,-6.77,1,0.0776,0.0805,0.517,0.073,0.829,104.418,4,alt-rock,496969,2020-01-02 12:47,EU
1EWRXz6c0WPKae8vziEnZi,Chris Tomlin,Santa's Christmas List,Joy To The World (Unspeakable Joy),1,230720,False,0.418,0.876,2,-5.157,1,0.0529,0.00187,0.0,0.829,0.341,128.033,4,alt-rock,721019,2020-01-02 12:48,US
4JuKzBOcFT6ZDX1bINNI1C,Royal Blood,Hot Mix Pop,Honeybrains,1,186847,False,0.523,0.8,9,-5.243,1,0.101,0.00537,0.0,0.398,0.604,125.886,3,alt-rock,472917,2020-01-02 12:49,MENA
1GN7Kn9Hr4pOpVVxBL1ZUD,Chris Tomlin;Lauren Daigle,Christmas Dinner,Noel - Live,0,257720,False,0.349,0.261,10,-9.478,0,0.0306,0.748,0.0,0.104,0.103,137.954,4,alt-rock,587544,2020-01-02 12:50,MENA
7em6T7mETpDEzyPg2UArtk,Royal Blood,Rock Brandneu,Honeybrains,0,186847,False,0.523,0.8,9,-5.243,1,0.101,0.00537,0.0,0.398,0.604,125.886,3,alt-rock,569688,2020-01-02 12:51,EU
2eXCP4kLEm5b11TH2MVas6,Chris Tomlin;Audrey Assad,Santa's Christmas List,Winter Snow,0,212773,False,0.444,0.33,2,-15.594,1,0.262,0.954,1.49e-06,0.676,0.308,95.47,4,alt-rock,341974,2020-01-02 12:52,EU
5S9KnOMLC5vRckzbvzasEs,Hoobastank,Обратно в клас - rock,The Reason,0,232800,False,0.474,0.671,4,-4.649,1,0.0289,0.0129,0.0,0.159,0.0682,82.94,4,alt-rock,351672,2020-01-02 12:53,LATAM
3To5owsnumbjenW1G5j0VK,Los Prisioneros,Modo trabajación,Tren Al Sur,0,336933,False,0.676,,9,-7.218,0,0.051,0.00565,0.00676,0.0805,0.725,90.232,4,alt-rock,483151,2020-01-02 12:54,APAC
5AOrknyCsTI1KUBr92efWi,Chris Tomlin,Alternative Christmas 2022,Little Drummer Boy,0,215373,False,0.699,0.585,7,-5.755,1,0.0297,0.246,0.000329,0.0975,0.757,124.054,4,alt-rock,128839,2020-01-02 12:55,MENA
7B0r4rRL37jsjGFualPIyF,Mazzy Star,Christmas Vibes But Not Christmas Songs,Flowers In December,0,297893,False,0.59,0.229,7,-13.174,1,0.0301,0.115,0.00168,0.0854,0.168,96.859,4,alt-rock,716854,2020-01-02 12:56,APAC
0ivAXyBo7oud7Xkffq4aLG,Royal Blood,Here to Forever - All New Indie,Trouble's Coming,0,228400,False,0.767,0.694,1,-5.059,0,0.0384,0.0629,0.0,0.32,0.78,112.012,4,alt-rock,652946,2020-01-02 12:57,US
5Zk9paAVhGvRR1N0s3e0BA,Royal Blood,Maintain Your Mojo,Figure It Out,0,184053,False,0.657,0.817,0,-4.415,1,0.0554,0.262,0.00679,0.248,0.651,107.992,4,alt-rock,375519,2020-01-02 12:58,EU
54RIrgjhCmUvAwmUuDqJTA,Royal Blood,Top of the Rock,Honeybrains,0,186847,False,0.523,0.8,9,-5.243,1,0.101,0.00537,0.0,0.398,0.604,125.886,3,alt-rock,436345,2020-01-02 12:59,APAC
7JOIlJ9KSPIr8SRK4zl8zj,Royal Blood,Alternative Rock Mixtape,Figure It Out,0,184053,False,,0.817,0,-4.415,1,0.0554,0.262,0.00679,0.248,0.651,107.992,4,alt-rock,395830,2020-01-02 13:00,LATAM
2f14KQkkTTPbqjkBySHhwA,Royal Blood,20's Rock,Trouble's Coming,0,228400,False,0.767,0.694,1,-5.059,0,0.0384,0.0629,0.0,0.32,0.78,112.012,4,alt-rock,686200,2020-01-02 13:01,MENA
0JTDayhfakCBhqdaIj9dfx,Aleks Syntek,Halloween 2022 Pop Vol. 4,Sexo Pudor Y Lágrimas,0,236866,False,0.63,0.484,8,-7.25,1,0.0313,0.892,1.33e-06,0.154,,147.882,4,alt-rock,783747,2020-01-02 13:02,LATAM
1PYe4YkKMsZ4JdvEZYBE6m,The Verve,Rock Workout 2023,Bitter Sweet Symphony - Remastered 2016,1,357266,False,0.356,0.917,9,-6.005,1,0.0487,0.0336,0.0,0.406,0.523,171.172,4,alt-rock,197800,2020-01-02 13:03,LATAM
3T5o2gOsExc13J9yfo1sPF,Royal Blood,All Out Alternative,Trouble's Coming,0,228400,False,0.767,0.694,1,-5.059,0,0.0384,0.0629,0.0,0.32,0.78,112.012,4,alt-rock,471986,2020-01-02 13:04,US
2aewgnU4FvXgiML6qKLkJW,La Ley,Rock un sentimiento vol. I,Solo Ideales,0,293853,False,0.709,0.392,9,-17.241,0,0.0369,0.193,0.734,0.0631,0.951,124.074,4,alt-rock,112399,2020-01-02 13:05,EU
5zLtABAGH8rxBXOyEgqCgl,Royal Blood,Timeless Rock Hits,Figure It Out,0,184053,False,0.657,0.817,0,-4.415,1,0.0554,0.262,0.00679,0.248,0.651,107.992,4,alt-rock,507024,2020-01-02 13:06,MENA
3NSLr0b5MRGgLM298WQjMZ,Fito Paez,Rock x siempre,11 Y 6,0,175720,False,0.746,0.506,7,-7.945,1,0.0267,0.159,0.0,0.273,0.35,101.361,4,alt-rock,323464,2020-01-02 13:07,MENA
1uOe9m9bAiAY4kGnGDu1Ns,Los Prisioneros,Rock un sentimiento vol. I,Amiga Mía,0,244053,False,0.79,0.606,4,-7.699,1,0.0519,0.014,0.00488,0.133,0.903,135.276,4,alt-rock,402222,2020-01-02 13:08,EU
41cQE0wfKFnNV9dteynr92,Los Prisioneros,Modo trabajación,Estrechez De Corazón,0,383573,False,0.66,0.742,11,-8.08,1,0.034,0.00151,4.04e-06,0.15,0.46,130.271,4,alt-rock,510892,2020-01-02 13:09,APAC
67pfgJfLwgY17o31SpisHw,Molotov,TickTok Back To School 2022,Hit Me,0,256385,True,0.701,0.818,9,-7.623,0,0.0354,0.518,0.000181,0.288,0.45,90.032,4,alt-rock,391351,2020-01-02 13:10,US
6dxbdD5E6SILwAfBk5NTC2,Los Prisioneros,Rock un sentimiento vol. I,Estrechez De Corazón,0,383573,False,0.66,0.742,11,-8.08,1,0.034,0.00151,4.04e-06,0.15,0.46,130.271,4,alt-rock,454664,2020-01-02 13:11,LATAM
3Kk30svEH2XoNsEvM3jyOP,Los Prisioneros,Modo trabajación,Corazones Rojos,0,211626,False,0.775,0.507,2,-9.289,0,0.165,0.0015,3.34e-06,0.0677,0.752,92.229,4,alt-rock,788292,2020-01-02 13:12,MENA
7HQb4hccUNRrB7tqQht0MH,Los Prisioneros,Rock un sentimiento vol. I,Tren Al Sur,0,336933,False,0.676,0.67,9,-7.218,0,0.051,0.00565,0.00676,0.0805,0.725,90.232,4,alt-rock,829271,2020-01-02 13:13,MENA
3s0JQVCSayMTDBlpC9Hub6,Los Prisioneros,Rock un sentimiento vol. I,El Baile De Los Que Sobran,0,343701,False,,0.621,0,-12.274,1,0.0528,0.297,2.5e-05,0.111,0.642,117.343,4,alt-rock,105276,2020-01-02 13:14,EU
2XzziOT8OUGrDnnveRpxwI,Los Prisioneros,Fiesta temática 80s,Muevan Las Industrias,0,248893,False,0.686,0.604,11,-14.24,0,0.037,0.12,0.496,0.0907,0.553,152.474,4,alt-rock,440053,2020-01-02 13:15,US
0xD23i0X1WjqMSYIxRfO80,The Neighbourhood,#000000 & #FFFFFF,Unfair,72,146866,False,0.477,0.572,8,-7.328,1,0.0319,0.00708,0.784,0.144,0.0414,194.033,4,alt-rock,862196,2020-01-02 13:16,MENA
7lGKEWMXVWWTt3X71Bv44I,X Ambassadors,VHS,Unsteady,74,193546,False,0.389,0.665,0,-6.169,1,0.0644,0.178,0.000732,0.116,0.199,117.055,4,alt-rock,577396,2020-01-02 13:17,MENA
3eHYnUFpEZjnTQag1EVxHC,You Me At Six,Night People,Take on the World,40,271306,False,0.559,0.532,2,-6.461,1,0.0302,0.157,4.28e-06,0.0927,0.11,104.02,4,alt-rock,284752,2020-01-02 13:18,EU
12g9IeQzX7xECLNxz8dpb5,The 1975,Being Funny In A Foreign Language,I'm In Love With You,71,262623,True,,0.902,2,-3.924,1,0.0386,0.169,8.74e-05,0.198,0.913,119.008,4,alt-rock,634163,2020-01-02 13:19,MENA
35lxFAny9XDBkvE6r9j4uG,The 1975,Being Funny In A Foreign Language,Happiness,70,303903,False,,0.905,11,-5.036,1,0.0383,0.0529,0.0521,0.202,0.857,117.997,4,alt-rock,230435,2020-01-02 13:20,LATAM
6G8xvLFNkXy3HM5EbQI6c8,lovelytheband,sail away,sail away,71,179000,False,0.743,0.835,2,-4.655,1,0.029,0.25,0.0,0.0912,0.955,120.019,4,alt-rock,119648,2020-01-02 13:21,LATAM
5gRcv46AMTrosmTOqrOV3Q,Nirvana,In Utero - 20th Anniversary Remaster,Dumb,75,151893,False,0.697,0.395,6,-13.58,1,0.0281,0.428,0.653,0.173,0.876,113.589,4,alt-rock,669182,2020-01-02 13:22,EU
7j56HrjR9cGzvekvZY3Faz,Fitz and The Tantrums,Fitz and The Tantrums,HandClap,65,193253,False,0.636,0.836,8,-3.004,1,0.0427,0.00609,0.000157,0.0828,0.715,139.956,4,alt-rock,563619,2020-01-02 13:23,APAC
7aUuoq4oMfLxaLa5GVUDHi,KALEO,Way down We Go,Way down We Go,64,219560,False,0.59,0.578,10,-5.798,0,0.0528,0.612,0.000162,0.0837,0.264,81.663,4,alt-rock,780850,2020-01-02 13:24,APAC
5M5TD1Tlpcgq0Fj1l6Mz6Z,The 1975,Being Funny In A Foreign Language,When We Are Together,69,216586,False,0.618,0.449,2,-10.565,1,0.0435,0.383,0.0182,0.116,0.699,75.046,4,alt-rock,410347,2020-01-02 13:25,APAC
5W8YXBz9MTIDyrpYaCg2Ky,Papa Roach,Infest,Last Resort,80,199906,True,0.589,0.89,4,-3.719,0,0.0603,0.000481,0.00082,0.201,,90.598,4,alt-rock,868854,2020-01-02 13:26,APAC
0OtXJQBLb7wPXL2XyN2cFW,Porcupine Tree,Deadwing,Lazarus,53,258586,False,0.354,0.581,9,-6.074,1,0.0302,0.201,0.661,0.177,0.338,171.961,4,alt-rock,479151,2020-01-02 13:27,MENA
1b7DozY0xHWXU1T84Lck1z,Layto;Neoni,Ghost Town,Ghost Town,62,193846,False,0.631,0.643,0,-5.656,1,0.053,0.0658,0.0,0.0937,0.528,130.099,4,alt-rock,764216,2020-01-02 13:28,MENA
0eNfURq0r0oNSwFyw1VuVT,The 1975,Being Funny In A Foreign Language,Looking For Somebody (To Love),72,178617,True,,,2,-4.924,1,0.0687,0.0515,0.0014,0.144,0.917,170.91,4,alt-rock,190258,2020-01-02 13:29,APAC
4S80oe7OJnBVlhNrbQTnt3,The 1975,Being Funny In A Foreign Language,Part Of The Band,69,260148,False,0.714,0.51,6,-8.216,1,0.0453,0.76,0.133,0.253,0.832,142.009,4,alt-rock,187436,2020-01-02 13:30,MENA
4gi2kndWShH9kDbb9kBfs6,The Score,Metamorph,Fighter,65,156666,False,,0.835,8,-3.717,0,0.0728,0.0259,0.00011,0.091,0.482,160.031,4,alt-rock,804537,2020-01-02 13:31,APAC
59WN2psjkt1tyaxjspN8fp,Rage Against The Machine,Rage Against The Machine - XX (20th Anniversary Special Edition),Killing In The Name,80,313573,True,,0.833,7,-4.215,1,0.304,0.0266,0.0,0.0327,0.661,88.785,4,alt-rock,850586,2020-01-02 13:32,APAC
5UWwZ5lm5PKu6eKsHAGxOk,Foo Fighters,The Colour And The Shape,Everlong,84,250546,False,0.413,0.881,11,-5.541,0,0.0367,5.99e-05,0.000308,0.0805,0.364,158.066,4,alt-rock,948162,2020-01-02 13:33,LATAM
6Up545NUflOiXo8cEraH49,Lauren Daigle,Look Up Child,You Say,75,274693,False,0.494,0.632,5,-6.89,1,0.0342,0.682,0.0,0.0869,0.0797,147.873,4,alt-rock,392159,2020-01-02 13:34,APAC
5f2zZawBtGBEw24ABweErz,Bea Miller;Arcane;League of Legends,Playground (from the series Arcane League of Legends),Playground (from the series Arcane League of Legends),70,230525,False,0.514,0.703,8,-6.859,1,0.0298,0.0107,7.62e-05,0.13,0.356,157.399,4,alt-rock,120041,2020-01-02 13:35,EU
5O9Dz0h08LuBi0aVvDcylh,Skillet,Unleashed,The Resistance,69,232066,False,0.483,0.941,2,-3.598,0,0.0575,0.000526,3.5e-06,0.31,0.503,156.033,4,alt-rock,981913,2020-01-02 13:36,LATAM
35BubUYbG7gQfwnVkg58zW,Grouplove,All Out Alternative,Tongue Tied,0,218013,False,0.56,0.936,3,-5.835,1,0.0439,0.00832,0.0,0.161,0.371,112.96,4,alt-rock,641234,2020-01-02 13:37,LATAM
5Gs6NY7QTgEq77V3DtPagv,The Phantoms,The Fight,Unstoppable Now,44,221576,False,0.64,0.791,6,-5.342,1,0.0647,0.000627,0.0636,0.0802,0.311,129.997,4,alt-rock,322409,2020-01-02 13:38,MENA
7EcqMNBI50oElY49no2wYY,Bishop Briggs,LoFi & Halloween,Dark Side,2,208773,False,0.713,0.55,9,-5.982,1,0.065,0.613,1.12e-06,0.0887,0.13,138.07,4,alt-rock,787458,2020-01-02 13:39,EU
2eXoWAL6kC9sdlpdOGvSCw,Lifehouse,OO's Music Grandi Successi,You And Me,1,195493,False,0.459,0.427,7,-7.733,1,0.0267,0.112,0.0,0.168,0.357,139.898,3,alt-rock,913505,2020-01-02 13:40,APAC
4BRlQ27PLKJtgnWGFISxOM,Bishop Briggs,Helloween Party,Dead Man's Arms,1,245173,False,,0.508,2,-5.996,0,0.0318,0.233,0.0,0.0993,0.236,134.577,4,alt-rock,356326,2020-01-02 13:41,EU
5KZl7Cymt0Vm6ol0ErO2Sp,Bishop Briggs,Pop & Halloween,Dead Man's Arms,0,245173,False,0.535,0.508,2,-5.996,0,0.0318,0.233,0.0,0.0993,0.236,134.577,4,alt-rock,792700,2020-01-02 13:42,MENA
6bKJa5bORXxWaEZUroSni7,Bishop Briggs,Halloween Hits,Dead Man's Arms,0,245173,False,0.535,0.508,2,-5.996,0,0.0318,0.233,0.0,0.0993,,134.577,4,alt-rock,808799,2020-01-02 13:43,MENA
5QcBkYPvcuDm0AYGYj0Y1h,Bishop Briggs,Halloween & Alternative,Dark Side,0,208773,False,0.713,0.55,9,-5.982,1,0.065,0.613,1.12e-06,0.0887,0.13,138.07,4,alt-rock,551515,2020-01-02 13:44,US
63hVrWvNfJz10heZwTjCOy,Staind,Post-Millennial Noise,Epiphany,0,256133,False,0.559,0.487,6,-9.349,1,0.0266,0.0333,0.0826,0.129,0.145,149.959,4,alt-rock,669118,2020-01-02 13:45,MENA
4jZDioY5bkeiNBGK4lGrlA,Staind,Metal,Eyes Wide Open,0,210600,False,0.29,,1,-3.876,0,0.211,0.000481,0.0275,0.0573,0.432,167.818,3,alt-rock,342567,2020-01-02 13:46,LATAM
0wwurbloAiMd8CcLUuZJxB,Bishop Briggs,Halloween & Alternative,Dead Man's Arms,0,245173,False,0.535,0.508,2,-5.996,0,0.0318,0.233,0.0,0.0993,0.236,134.577,4,alt-rock,936245,2020-01-02 13:47,MENA
0lNqNCVlSxOCKmGgGu2UJf,Bishop Briggs,Halloween & Alternative,JEKYLL & HIDE,0,196346,False,0.596,0.602,11,-4.876,0,0.0413,0.0352,0.0,0.0821,0.611,117.014,4,alt-rock,984792,2020-01-02 13:48,APAC
4ITIaQ64inKaI9rjRoNcLo,Bishop Briggs,Обратно в клас - rock,River,0,214280,False,0.726,0.484,2,-6.708,0,0.0477,0.274,2.42e-06,0.0874,0.561,62.492,4,alt-rock,982903,2020-01-02 13:49,EU
7pluJ15vmT0NZdX2lmIbBI,Third Eye Blind,Post-Millennial Noise,Deep Inside of You,0,250293,False,0.508,0.558,7,-6.605,1,0.0238,0.00351,4.18e-05,0.0822,0.16,81.599,4,alt-rock,763411,2020-01-02 13:50,US
1mOhRdYfCMLbyzrQPPcGMG,Los Caligaris,No Es Lo Que Parece,Añejo W,52,303878,False,0.676,,5,-5.065,0,0.0348,0.326,9.46e-06,0.346,0.829,142.046,4,alt-rock,138111,2020-01-02 13:51,LATAM
5wSagCWflNwJ1xM59ZKw6O,Pato Fu,Gol de Quem?,Sobre o Tempo,52,207533,False,0.633,0.551,11,-12.294,1,0.0427,0.00731,0.123,0.144,0.427,94.946,4,alt-rock,429809,2020-01-02 13:52,US
5gRjZANENPGzKGrOsBIVUa,Bush,Post-Millennial Noise,Headful of Ghosts,0,261293,False,0.432,0.706,5,-5.061,1,0.0426,0.00108,0.0,0.378,0.29,136.981,4,alt-rock,500443,2020-01-02 13:53,EU
7mULVp0DJrI2Nd6GesLvxn,Joy Division,Timeless Rock Hits,Love Will Tear Us Apart,0,204621,False,0.524,0.902,2,-8.662,1,0.0368,0.000989,0.695,0.137,0.907,146.833,4,alt-rock,963857,2020-01-02 13:54,MENA
4OEbwdy2hgYXxShjhLtF0e,TobyMac,Santa's Christmas List,Bring On The Holidays,0,205482,False,0.588,0.723,1,-6.537,1,0.0298,0.0908,1.46e-05,0.047,0.329,124.98,4,alt-rock,592288,2020-01-02 13:55,MENA
7MbfpPG4oVcnyIulMKBkCK,Charly García,Rock x siempre,Ojos De Video Tape,0,217853,False,0.477,0.459,5,-10.214,1,0.0261,0.715,0.000742,0.228,0.326,105.541,4,alt-rock,582551,2020-01-02 13:56,LATAM
19zJggaQrCRG3AibCbjXcJ,La Ley,Rock un sentimiento vol. I,Si Tu No Estas Aqui,0,184253,False,0.732,0.348,2,-17.078,1,0.0476,0.0484,0.185,0.197,0.963,126.142,4,alt-rock,232068,2020-01-02 13:57,US
1QcpKf67hgqKFa3mLp9KfL,La Ley,Rock un sentimiento vol. I,Prisioneros De La Piel,0,201146,False,0.733,0.282,4,-17.764,0,0.0381,0.0487,0.0139,0.0834,0.92,132.04,4,alt-rock,814347,2020-01-02 13:58,EU
34LcvhvuO7RIX0JzSw8FNe,TobyMac;Terrian,Santa's Christmas List,All I Need For Christmas,0,181764,False,0.638,0.762,10,-4.053,1,0.0976,0.0583,0.0,0.0523,0.736,170.108,4,alt-rock,402656,2020-01-02 13:59,MENA
4ckTIXFjIHbZkK1HxisLFG,TobyMac;Leigh Nash,Santa's Christmas List,Christmas This Year,0,210680,False,0.666,0.795,11,-3.762,1,0.0302,0.0753,0.0,0.365,0.735,94.968,4,alt-rock,182684,2020-01-02 14:00,US
04GunTYlMUoEnc5pwzQANm,Charly García,Rock x siempre,Yendo De La Cama Al Living,0,283760,False,0.659,0.433,7,-9.426,0,0.19,0.368,0.000312,0.13,0.572,80.115,4,alt-rock,988881,2020-01-02 14:01,EU
6aUEWZkvcTFOpr8viqbRza,Los Prisioneros,Rock un sentimiento vol. I,Corazones Rojos,0,211626,False,,0.507,2,-9.289,0,0.165,0.0015,3.34e-06,0.0677,0.752,92.229,4,alt-rock,271063,2020-01-02 14:02,US
27sytaeEm6TDVMpdExyVfd,O Rappa,Só as Melhores do Pop Rock Brasileiro,A feira,0,239533,False,0.713,0.886,7,-7.75,1,0.0411,0.0012,7.68e-06,0.0496,0.9,97.983,4,alt-rock,114607,2020-01-02 14:03,LATAM
4MTx23V7Axs7subL3UdGft,Charly García,Rock x siempre,Demoliendo Hoteles,0,135973,False,0.616,0.702,10,-8.467,0,0.0618,0.00321,0.0,0.391,0.41,78.728,4,alt-rock,170053,2020-01-02 14:04,APAC
2wXioTynVwrEWYRv6R6vEj,The Neighbourhood,Hard To Imagine The Neighbourhood Ever Changing,Void,68,203666,False,,0.582,5,-7.912,1,0.0401,0.047,0.0328,0.0883,0.346,84.183,4,alt-rock,507256,2020-01-02 14:05,US
4sNG6zQBmtq7M8aeeKJRMQ,Declan McKenna,What Do You Think About the Car?,Brazil,80,252306,False,0.687,0.617,4,-5.213,1,0.0287,0.0941,1.27e-05,0.0898,0.665,121.079,4,alt-rock,192613,2020-01-02 14:06,MENA
64BbK9SFKH2jk86U3dGj2P,Red Hot Chili Peppers,Californication (Deluxe Edition),Otherside,80,255373,False,0.458,0.795,0,-3.265,1,0.0574,0.00316,0.000202,0.0756,0.513,123.229,4,alt-rock,858388,2020-01-02 14:07,APAC
0815caqt2Lytro5EIzMufT,Lifehouse,Lifehouse,You And Me,76,195493,False,0.459,0.427,7,-7.734,1,0.0267,0.114,0.0,0.168,,139.902,3,alt-rock,561202,2020-01-02 14:08,MENA
1G391cbiT3v3Cywg8T7DM1,Red Hot Chili Peppers,Californication (Deluxe Edition),Scar Tissue,79,215906,False,0.595,0.717,0,-4.803,1,0.0295,0.0779,0.00274,0.108,0.547,88.969,4,alt-rock,391510,2020-01-02 14:09,US
0gmbgwZ8iqyMPmXefof8Yf,Nickelback,Silver Side Up,How You Remind Me,80,223840,False,0.446,0.764,10,-5.042,1,0.033,0.00135,0.0,0.099,0.543,172.094,4,alt-rock,102834,2020-01-02 14:10,APAC
63OQupATfueTdZMWTxW03A,Radiohead,OK Computer,Karma Police,76,264066,False,0.36,0.501,7,-9.129,1,0.0258,0.0638,9.32e-05,0.172,0.324,74.807,4,alt-rock,531818,2020-01-02 14:11,US
0ADZ5dmXhlfzjMw6lefoPl,Nickelback,All the Right Reasons,Far Away,73,238173,False,0.518,0.797,6,-5.153,1,0.0309,0.000681,0.0,0.107,0.293,132.918,4,alt-rock,236173,2020-01-02 14:12,APAC
2oaK4JLVnmRGIO9ytBE1bt,Red Hot Chili Peppers,The Getaway,Dark Necessities,74,302000,False,0.7,0.742,5,-6.777,0,0.0716,0.0722,0.0199,0.11,0.197,91.959,4,alt-rock,980240,2020-01-02 14:13,APAC
5vHLwhxxlGzmClMcxRRFPr,Nirvana,Nevermind (Remastered),Lithium,73,257053,False,,0.656,7,-6.41,1,0.0381,0.00174,0.0,0.0631,0.485,123.207,4,alt-rock,361979,2020-01-02 14:14,US
0M1A9wInEHilyWkh4I8tWo,WALK THE MOON,What If Nothing,Lost In The Wild,67,235960,False,0.483,0.77,6,-4.829,0,0.0512,0.007,0.0,0.182,0.386,132.992,4,alt-rock,527388,2020-01-02 14:15,MENA
0IK8y0vAO0sM630HsxwLht,Bohnes,Middle Finger - Single,Middle Finger,67,229986,True,0.685,0.656,1,-6.013,0,0.0383,0.437,0.0,0.347,0.392,128.003,4,alt-rock,116759,2020-01-02 14:16,MENA
1Mf27cnAF1Q6Ko83XTM5d1,Barns Courtney,The Attractions Of Youth,Glitter & Gold,69,176093,False,0.487,0.625,8,-5.112,1,0.0401,0.374,0.0,0.226,0.351,170.397,4,alt-rock,217829,2020-01-02 14:17,MENA
4FxeY2UZeP3kpdBPbpGggN,The 1975,Being Funny In A Foreign Language,Wintering,70,165457,False,0.643,0.882,11,-5.431,1,0.0808,0.363,5.53e-05,0.28,0.941,159.996,4,alt-rock,286737,2020-01-02 14:18,US
4AXAS26dUVTnCnubySfkbv,Arrested Youth,Sobville (Episode I),The Kid I Used to Know,66,145801,True,0.639,0.776,9,-4.61,1,0.0829,0.0731,1.97e-06,0.18,0.267,160.101,4,alt-rock,146549,2020-01-02 14:19,APAC
40ozK0lCJ0EQzVGWsCNUhk,Leeland,Better Word (Live),Way Maker - Live,67,503240,False,0.432,0.524,4,-8.721,1,0.0321,0.0289,0.0,0.682,0.183,135.956,4,alt-rock,753393,2020-01-02 14:20,EU
40lKptao1hxVqA7fd1OOGp,Chris Tomlin,And If Our God Is For Us...,Our God,63,285160,False,0.509,0.778,11,-3.608,1,0.0295,0.00998,0.0,0.19,0.216,105.066,4,alt-rock,950873,2020-01-02 14:21,EU
5VUQsLff8A3ruAyCdTxqzg,Casting Crowns,Casting Crowns,Who Am I,65,335906,False,0.545,0.472,11,-7.552,1,0.0279,0.434,0.0,0.0684,0.193,134.027,4,alt-rock,986818,2020-01-02 14:22,MENA
2cppGOIz0cuDnKoGzrDsJQ,The Score,Pressure,The Fear,62,183853,False,0.498,0.628,7,-5.709,0,0.0317,0.00686,0.0,0.362,0.218,138.099,4,alt-rock,339228,2020-01-02 14:23,EU
2HegWuw33lBqopjopozt7N,Charlie Brown Jr.,Acústico (Ao Vivo),O Preço - Ao Vivo,51,193933,False,0.417,0.959,3,-5.853,0,0.154,0.0741,0.000243,0.764,0.522,82.771,4,alt-rock,809870,2020-01-02 14:24,MENA
2u9FerEIRu8IbfHUbPjERP,Sanctus Real,Changed,Confidence,58,181812,False,0.452,0.818,9,-4.59,1,0.0427,0.0411,0.0,0.125,0.373,167.087,4,alt-rock,553657,2020-01-02 14:25,LATAM
4k2AjlWruIygEiZyJEy01I,Os Paralamas Do Sucesso,Acústico (Live),Tendo A Lua - Ao Vivo,51,200826,False,0.492,,5,-5.823,1,0.046,0.196,2.62e-06,0.873,0.683,167.815,4,alt-rock,141271,2020-01-02 14:26,US
1aKSNq3Skm9MIIksjx5bFy,Charlie Brown Jr.,De 1997 A 2007,Vícios E Virtudes - Ao Vivo,51,189413,False,0.378,0.916,8,-7.516,1,0.0921,0.024,0.000381,0.988,0.622,93.065,4,alt-rock,181631,2020-01-02 14:27,EU
0TEm33n5APQRJ45tWmRnxQ,Las Pastillas del Abuelo,2020,Rocanrol N´n´n´,50,266143,False,0.703,0.589,11,-6.106,0,0.0249,0.138,2.4e-05,0.145,0.931,100.022,4,alt-rock,593007,2020-01-02 14:28,APAC
6zciWZePv9ohzMshMJn7uu,Detonautas Roque Clube,A Saga Continua,Um Cara de Sorte,50,244013,False,0.524,0.636,6,-5.884,0,0.0302,0.163,0.0,0.11,0.247,138.074,4,alt-rock,481289,2020-01-02 14:29,APAC
6CmuT4GB0mCTviUq2jB9Fe,Joy Division,Planet 80's,Atmosphere,1,249478,False,0.616,0.387,6,-11.813,1,0.0314,0.227,0.514,0.116,0.435,120.03,4,alt-rock,107543,2020-01-02 14:30,LATAM
4hNUUHv2V4DkFTLtbhYGZX,I DONT KNOW HOW BUT THEY FOUND ME,Halloween & Alternative,Choke,0,195717,False,,0.85,4,-3.91,0,0.0706,0.00139,0.0,0.295,0.583,120.326,4,alt-rock,937094,2020-01-02 14:31,MENA
1xCMazcgI1g5lyfaGrxnN8,Moderatto,Perreo Tenebroso Vol. 3,Gracias,0,231719,False,0.531,0.906,6,-4.791,1,0.0352,0.0286,4.66e-05,0.101,0.347,125.08,4,alt-rock,757302,2020-01-02 14:32,US
5XbjnXDZgLSLTfh1R8L7vM,Faith No More,80's,Epic - Radio Edit,0,239360,False,0.487,0.889,4,-7.998,0,0.073,0.101,0.0274,0.157,0.265,87.138,4,alt-rock,552171,2020-01-02 14:33,LATAM
1F32ETzCVozARhgkRTjuyA,Moderatto,Halloween 2022 Pop Vol. 2,Gracias,0,231719,False,0.531,0.906,6,24.386,1,0.0352,0.0286,4.66e-05,0.101,,385.262,4,alt-rock,988293,2020-01-02 14:34,US
4kFnQ7jcMoT12WJgkUP3vJ,Barns Courtney,Helloween Party,Hellfire,0,168853,False,,0.846,4,-5.513,0,0.0483,0.244,0.0,0.205,0.69,93.979,4,alt-rock,974020,2020-01-02 14:35,LATAM
646ekuSJ0o56hmG8gWjSUh,Jet,Timeless Rock Hits,Are You Gonna Be My Girl,1,215000,False,0.598,0.95,2,-3.358,1,0.0848,0.00167,0.000388,0.154,0.577,105.267,4,alt-rock,976555,2020-01-02 14:36,EU
3672DNEisN5yExyR4KUPww,Blind Melon,REGNIG DAG,No Rain,0,217200,False,0.359,0.573,9,-6.054,1,0.0326,0.665,0.000178,0.136,0.562,73.368,4,alt-rock,332951,2020-01-02 14:37,LATAM
2GIXniwgfIlLuVTB4rWWWv,Live,Fiesta temática 90s,I Alone,0,230826,False,0.424,0.843,6,-6.197,1,0.0394,0.00101,0.00896,0.366,0.115,90.247,4,alt-rock,892800,2020-01-02 14:38,LATAM
1a7ZHtzNCTPuJkStK8WJbq,The Velvet Underground,Maintain Your Mojo,Rock and Roll,0,283000,False,0.494,0.738,5,-8.347,1,0.0345,0.00394,3.05e-06,0.544,0.735,132.496,4,alt-rock,554090,2020-01-02 14:39,LATAM
15IuOb99czEVjmWHXCEGBJ,Ella Es Tan Cargosa,Ella Es Tan Cargosa,Ni Siquiera Entre Tus Brazos,51,214213,False,0.63,0.715,9,-6.385,1,0.0271,0.0265,0.0,0.245,0.765,134.986,4,alt-rock,753432,2020-01-02 14:40,LATAM
3F8dSAI8l3euloq5a8EenB,Faith No More,Maintain Your Mojo,Epic,0,293933,False,0.358,0.899,4,-7.069,0,0.134,0.0112,0.122,0.195,0.27,174.298,4,alt-rock,873576,2020-01-02 14:41,APAC
59mGCC08pYEwStwO3oTLfH,Faith No More,Metal,War Pigs,0,465933,False,0.323,0.891,6,-7.018,0,0.119,0.00126,0.0187,0.243,0.235,97.373,4,alt-rock,246993,2020-01-02 14:42,LATAM
0Ty3wEwyel2QXCfgP3FojC,Moderatto;Danna Paola,Halloween 2022 Pop Vol. 5,Sólo Quédate En Silencio,0,234973,False,0.337,0.643,4,-7.122,1,0.041,0.467,1.86e-06,0.0857,,175.875,4,alt-rock,503426,2020-01-02 14:43,US
34p4d1RRVLvfg1xKEJfPvW,Moderatto;KAROL G,Halloween 2022 Perreo Vol. 5,Caballero,0,193106,False,0.694,0.853,4,-4.207,0,0.107,0.0367,9.89e-05,0.352,0.74,93.08,4,alt-rock,216009,2020-01-02 14:44,US
7MIKwg3dDCWhxMVjMvqF1O,Blind Melon,Los Clásicos del Pop 90s,No Rain,1,217200,False,0.359,0.573,9,-6.054,1,0.0326,0.665,0.000178,0.136,0.562,73.368,4,alt-rock,351538,2020-01-02 14:45,APAC
7udYCqlu5Y9hZFFcDFNtuO,Blind Melon,90's Music Grandi Successi,No Rain,0,217200,False,,0.573,9,17.893,1,0.0326,0.665,0.000178,0.136,0.562,363.614,4,alt-rock,472164,2020-01-02 14:46,MENA
6MCy7TQ6qOvEdayIkbC8kc,Blind Melon,Fiesta temática 90s,No Rain,0,217200,False,0.359,,9,-6.054,1,0.0326,0.665,0.000178,0.136,0.562,73.368,4,alt-rock,869926,2020-01-02 14:47,APAC
0SLjeqwh5iy8DZcaGNIaHJ,Faith No More,Timeless Rock Hits,King for a Day,1,395093,False,0.421,0.871,11,-9.193,1,0.0351,0.00608,0.411,0.19,0.384,102.383,4,alt-rock,876398,2020-01-02 14:48,APAC
63Tsq3tqiZIOW9XHaDT3gi,Los Bunkers,Modo trabajación,Quién Fuera,0,218120,False,0.446,0.814,9,-3.421,1,0.0306,0.000682,0.000814,0.101,0.554,138.112,4,alt-rock,450900,2020-01-02 14:49,MENA
1NFeTpNJR8TDP4UzpAix6X,Blind Melon,Hits Pop Rock 90's,No Rain,1,217200,False,0.359,,9,-6.054,1,0.0326,0.665,0.000178,0.136,0.562,73.368,4,alt-rock,396275,2020-01-02 14:50,MENA
2panoBuJZ4gZWvMwycOoRO,Los Bunkers,Modo trabajación,Ángel Para Un Final,0,243160,False,0.259,0.654,6,-3.858,0,0.0331,0.025,0.0,0.219,0.452,181.893,3,alt-rock,577650,2020-01-02 14:51,LATAM
7wmIhVA7yo1GqVyvK0TQK3,Los Bunkers;Manuel García,Rock un sentimiento vol. I,Al Final De Este Viaje En La Vida,0,203146,False,0.512,0.607,9,-5.289,1,0.0304,0.205,0.0,0.29,0.668,63.25,4,alt-rock,920682,2020-01-02 14:52,EU
36foZ6OSZvUPgR3uNbuHiI,Los Bunkers,Rock un sentimiento vol. I,Quién Fuera,0,218120,False,0.446,0.814,9,-3.421,1,0.0306,0.000682,0.000814,0.101,0.554,138.112,4,alt-rock,978873,2020-01-02 14:53,APAC
1koF8KimSlZGaxrtoSEBFM,Los Bunkers,Rock un sentimiento vol. I,Ángel Para Un Final,0,243160,False,0.259,0.654,6,-3.858,0,0.0331,0.025,0.0,0.219,0.452,181.893,3,alt-rock,304087,2020-01-02 14:54,APAC
5r5cp9IpziiIsR6b93vcnQ,Empire of the Sun,Walking On A Dream (10th Anniversary Edition),Walking On A Dream,79,198440,False,0.871,0.701,5,-5.594,0,0.0458,0.257,7.52e-06,0.0589,0.716,126.975,4,alt-rock,267834,2020-01-02 14:55,US
60F6pgM6H6miNr5AmjxwjL,The Neighbourhood,Fallen Star,Fallen Star,70,224938,False,0.603,0.551,10,-6.259,0,0.0304,0.0696,0.0976,0.192,0.439,75.001,4,alt-rock,736096,2020-01-02 14:56,MENA
28DlaPydCnrs8NxYOnUPZ8,BLUE ENCOUNT,Q.E.D,ポラリス,65,224213,False,0.534,0.941,8,-2.561,1,0.077,0.00204,0.00615,0.102,0.573,95.008,4,alt-rock,371260,2020-01-02 14:57,MENA
4MTgIH5OZQHAbdBWgbKSAb,Survive Said The Prophet,MUKANJYO,MUKANJYO,64,192400,False,0.468,0.961,7,-4.082,1,0.114,0.00364,0.0,0.226,0.31,94.926,4,alt-rock,279785,2020-01-02 14:58,US
0YNtAadZvKBBEFARtfoCV8,The Neighbourhood,Hard To Imagine The Neighbourhood Ever Changing,Compass,70,167960,False,0.7,0.82,5,-5.499,0,0.0329,0.238,0.318,0.658,0.667,109.998,4,alt-rock,127962,2020-01-02 14:59,LATAM
5v8aEcHcaJIGYpfVVPtJjI,The Neighbourhood,I'm Sorry...,Wires,71,193080,False,0.568,0.569,7,-6.013,0,0.0329,0.0004,0.102,0.342,0.266,72.991,4,alt-rock,462890,2020-01-02 15:00,EU
4XfI7M5gLwEY84gYiH4RDD,The Neighbourhood,Chip Chrome & The Mono-Tones,Devil's Advocate,71,186306,False,0.662,0.681,11,-8.152,0,0.0315,0.0321,0.139,0.508,0.864,98.004,4,alt-rock,452653,2020-01-02 15:01,EU
1jJci4qxiYcOHhQR247rEU,MGMT,Oracular Spectacular,Kids,78,302840,False,0.451,0.931,9,-3.871,1,0.0719,0.00076,0.0049,0.361,0.172,122.961,4,alt-rock,606751,2020-01-02 15:02,US
6XcfKZvJio9Z0fQy11GnNX,lovelytheband,finding it hard to smile,broken,70,204878,False,0.666,0.728,7,-5.808,1,0.0419,0.00175,4.26e-06,0.0429,0.51,122.996,4,alt-rock,280164,2020-01-02 15:03,US
49qEikVVPd6PgH6S2pbXjZ,Bryce Fox,Heaven on Hold,Horns,66,217625,False,0.49,,6,-5.411,1,0.238,0.081,2.85e-06,0.268,0.325,156.241,4,alt-rock,742928,2020-01-02 15:04,US
305WCRhhS10XUcH6AEwZk6,Jet,Get Born,Are You Gonna Be My Girl,76,213800,False,0.613,0.953,2,-3.435,1,0.0855,0.00148,0.000582,0.152,0.537,105.046,4,alt-rock,712030,2020-01-02 15:05,EU
2Kt1XplPBQBsDKQDa6TssB,The Neighbourhood,I Love You.,Flawless,70,246493,True,0.568,0.871,0,-3.453,1,0.0308,0.0553,0.51,0.303,0.374,119.99,4,alt-rock,516113,2020-01-02 15:06,LATAM
2a1iMaoWQ5MnvLFBDv4qkf,Radiohead,The Bends,High and Dry,75,257480,False,0.419,0.383,4,-11.782,1,0.0256,0.0724,0.0176,0.0896,0.35,87.568,4,alt-rock,263189,2020-01-02 15:07,APAC
65Ce0h4SA18GuH6nuI1QWe,The Score,ATLAS (Deluxe),On And On,60,215706,False,0.53,0.727,1,-5.179,0,0.0441,0.0387,0.0,0.212,0.385,76.943,4,alt-rock,556259,2020-01-02 15:08,US
6hypt8VPJxeMXTTcRUHS86,The Score,Pressure,Glory,60,166693,False,0.564,0.613,11,-5.055,1,0.0318,0.111,3.22e-06,0.0825,0.48,84.951,4,alt-rock,707330,2020-01-02 15:09,LATAM
0H4BGX7L8UfoD0g4wgXd0D,Leeland,Way Maker,Way Maker - Single Version,64,206440,False,0.468,0.655,4,-6.384,1,0.0296,0.0149,0.0,0.104,0.222,144.045,4,alt-rock,435444,2020-01-02 15:10,US
0sJ4NbFdEhgLOtInlbRmFl,The Score,ATLAS,Higher,60,214613,False,0.449,0.745,9,-5.045,0,0.0327,0.00342,0.0,0.295,0.465,83.918,4,alt-rock,337127,2020-01-02 15:11,APAC
5k02Wjsu2MdpF3c9VFQD0k,The Score,ATLAS,Never Going Back,61,197680,False,0.546,0.619,6,-6.09,0,0.042,0.0122,0.0,0.0585,0.625,159.982,4,alt-rock,555854,2020-01-02 15:12,APAC
0W7KIc2GSB9suYQAaMZ9rF,Casting Crowns;Matthew West,Only Jesus,Nobody (feat. Matthew West),67,206400,False,0.561,0.717,8,-5.72,1,0.0381,0.458,0.0,0.138,0.455,79.993,4,alt-rock,419695,2020-01-02 15:13,MENA
1qUHD9oPIMFHKpR12NY2KC,Thousand Foot Krutch,The End Is Where We Begin,War of Change,67,231665,False,0.531,0.887,5,-4.417,0,0.0329,0.00261,0.000512,0.0657,0.626,104.055,4,alt-rock,460461,2020-01-02 15:14,EU
1ZLExfqDJGcoZfc6l1vDws,Flört,Cemiyette Pişiyoruz,Bir Tek Sen Gelmedin,49,261373,False,0.611,0.7,9,-7.966,0,0.0302,0.00181,0.00248,0.291,0.707,145.943,4,alt-rock,413974,2020-01-02 15:15,MENA
0jOSpB2zK2O0SNxj8ZT5lp,Chris Tomlin,How Great Is Our God: The Essential Collection,How Great Is Our God,64,305426,False,0.318,0.573,1,-5.653,1,0.0324,0.107,0.0,0.0854,0.0765,156.054,4,alt-rock,373118,2020-01-02 15:16,US
4WmMZtbFw54OYKrqVKVupx,Los Tipitos,Grandes exitos,Brujería,50,182079,False,0.589,0.842,2,-5.309,1,0.0378,0.000373,0.0172,0.259,0.273,104.024,4,alt-rock,745075,2020-01-02 15:17,EU
4vaSrWwFJokTqzy5h6eTPC,Esteman,Halloween 2022 Pop Vol. 5,Fuimos Amor,0,249426,False,0.824,0.554,7,-7.624,0,0.0585,0.176,0.0,0.14,0.794,96.034,4,alt-rock,514217,2020-01-02 15:18,APAC
2gOhhHSjm3iw4NFY43carm,Os Paralamas Do Sucesso,Acústico (Live),Caleidoscópio - Ao Vivo,50,256720,False,0.567,0.494,7,-11.309,1,0.046,0.245,0.00132,0.712,0.547,175.448,4,alt-rock,519857,2020-01-02 15:19,EU
5ylQ8MS3Wj16QmnYP5PNxc,Tan Bionica,Canciones del Huracan + Wonderful Noches,Lunita de Tucumán,50,236120,False,0.383,0.745,7,-5.733,1,0.0443,0.0109,0.0,0.0872,,89.743,4,alt-rock,687776,2020-01-02 15:20,EU
4z1N1HpvoBnptR3zP7Q8Ai,Highly Suspect,Rock - Best of 2022,Natural Born Killer,5,196135,False,0.202,0.742,0,-5.29,1,0.124,0.00169,0.000483,0.128,0.155,194.876,3,alt-rock,425168,2020-01-02 15:21,MENA
1YsAj4ybnMC11VoTg7k6s5,Wolfmother,Halloween Metal Nights,Back Round,0,236866,False,0.359,0.927,4,-4.906,0,0.0676,2.68e-05,0.00843,0.0947,0.316,154.071,4,alt-rock,190930,2020-01-02 15:22,US
6PQLxN9DvI4Abr3hmsX3NQ,Hole,Fiesta temática 90s,Miss World,0,180066,False,0.331,0.722,7,-8.461,1,0.0408,0.00204,5.5e-05,0.256,0.349,125.619,4,alt-rock,867359,2020-01-02 15:23,LATAM
3nS2Qnx8s1zuYSi7tcsDzi,Esteman,Alternativo diferente latino,Noche Sensorial,0,201000,False,0.857,0.735,7,-5.223,1,0.0611,0.145,0.00357,0.0546,0.649,105.007,4,alt-rock,150134,2020-01-02 15:24,US
0wMGxaOeu5zZfbx3gWctMx,Los Abuelos De La Nada,Rock x siempre,Mil Horas,0,165186,False,0.706,0.474,7,-8.55,0,0.0598,0.242,0.0,0.0789,,99.776,4,alt-rock,614754,2020-01-02 15:25,EU
2mIla23uhGqqkdNtzqIg3r,Wolfmother,Kick It,Woman,0,177186,False,0.236,0.94,11,-3.929,0,0.152,2.15e-05,0.124,0.154,0.223,151.296,4,alt-rock,339239,2020-01-02 15:26,EU
4WEv49e0YopSlq65WLmWCx,Creep Hyp,TOKYO - HALLOWEEN -,そういえば今日から化け物になった,0,211933,False,,0.968,2,-2.496,1,0.109,0.00835,0.0,0.357,0.694,203.997,4,alt-rock,292447,2020-01-02 15:27,EU
0uTfxpuGPeb5xvkjduxQT3,Esteman;Paula Pera y el fin de los Tiempos,Alternativo diferente latino,Difícil Querer,0,263586,False,0.639,0.609,2,-7.727,1,0.0316,0.0715,0.000121,0.101,0.378,108.493,4,alt-rock,137760,2020-01-02 15:28,LATAM
6VQW8Ye28Crwz90BIexsrF,Bersuit Vergarabat,Triste Hora,Vuelos,0,264586,False,0.423,0.493,2,-9.569,0,0.0374,0.1,5.95e-06,0.0797,,167.708,4,alt-rock,910081,2020-01-02 15:29,LATAM
1HxNA8JjIIfVGqMr7Jm59f,Los Caligaris,Circología,Mejilla Izquierda,50,229280,False,0.757,,9,-5.636,1,0.156,0.132,0.0,0.139,0.543,150.079,4,alt-rock,486284,2020-01-02 15:30,EU
1vzkloLLdR2LDXRwtMmq1c,Esteman,Halloween 2022 Pop Vol. 5,Como Vez Primera,0,213040,False,0.686,0.664,0,-7.766,1,0.0484,0.176,0.0,0.122,0.778,173.937,4,alt-rock,408384,2020-01-02 15:31,US
03DgLHhA7HCUB8aBTNqOwX,Bersuit Vergarabat,Triste Hora,Sencillamente,3,307306,False,0.742,0.613,6,-7.3,0,0.027,0.329,0.000899,0.115,0.966,136.009,4,alt-rock,767104,2020-01-02 15:32,US
0CaAQYzg0k2poWXt30rCz0,Bersuit Vergarabat,Triste Hora,La Soledad,2,263933,True,0.639,0.671,9,-4.563,0,0.0375,0.105,0.0,0.242,0.73,92.012,4,alt-rock,135081,2020-01-02 15:33,LATAM
7Gx6qonxppv93FEpsIRGpW,La Vela Puerca,Triste Hora,Clarobscuro,0,308666,False,0.519,0.902,9,-4.693,0,0.0321,0.00289,0.000323,0.257,0.122,128.912,4,alt-rock,608095,2020-01-02 15:34,MENA
4HB60oI2EV1uCu5fwwQ5M1,Bersuit Vergarabat,Triste Hora,Mi Caramelo,0,203493,False,0.422,0.28,7,-10.487,1,0.0375,0.785,0.0,0.116,0.343,165.402,4,alt-rock,545139,2020-01-02 15:35,APAC
2oxkdzlJjiFWj8lfsZkaCg,La Mosca Tse-Tse,Carrete familiar,Baila Para Mi,0,205386,False,0.758,,9,-4.182,1,0.0421,0.0794,0.00106,0.289,0.968,152.629,4,alt-rock,598093,2020-01-02 15:36,MENA
13SujS16XOFJx43loXNzZe,La Vela Puerca,Triste Hora,Va A Escampar,0,281533,False,0.617,0.738,9,-5.103,0,0.029,0.0137,4.52e-05,0.154,0.342,123.993,4,alt-rock,211544,2020-01-02 15:37,EU
087Hfvj80hJaJ7e15qKebK,Los Abuelos De La Nada,Rock x siempre,Sin Gamulán,0,195400,False,0.615,0.549,9,-12.159,1,0.0481,0.536,8.43e-06,0.0536,0.391,75.054,4,alt-rock,957284,2020-01-02 15:38,US
4o7qQwLjPPwXNNSTax6yWr,Los Abuelos De La Nada,Rock x siempre,Lunes Por La Madrugada,0,194693,False,0.613,0.655,2,-9.229,1,0.0288,0.0206,1.16e-06,0.224,0.557,138.854,4,alt-rock,314619,2020-01-02 15:39,APAC
0BFWUoOu91FcOEtpTdWFrN,Bersuit Vergarabat,Rock x siempre,Esperando El Impacto,0,217200,False,0.626,0.515,7,-5.26,1,0.0255,0.15,1.48e-06,0.218,0.478,110.999,4,alt-rock,710604,2020-01-02 15:40,US
2JR8NubWbZW1vj671mtWaV,Bersuit Vergarabat,Triste Hora,Un Pacto - Live In Buenos Aires / 2001,0,295160,False,0.364,0.549,7,-7.18,1,0.0328,0.425,3.81e-06,0.961,0.208,73.397,4,alt-rock,772399,2020-01-02 15:41,MENA
7tYQXKBRjIafvyczPPUbbe,La Renga,Triste Hora,Balada Del Diablo y La Muerte,0,336360,False,0.407,0.771,4,-6.991,0,0.0558,0.128,0.0,0.127,0.429,132.006,4,alt-rock,409585,2020-01-02 15:42,LATAM
07VBqWH6NG8L2ad3l84UKk,The Neighbourhood,Wiped Out!,R.I.P. 2 My Youth,69,205280,False,0.353,0.686,7,-5.704,0,0.0534,0.00216,0.0,0.123,0.177,94.47,4,alt-rock,217676,2020-01-02 15:43,US
40iocOzytrqaRn5RbGPDNp,The Neighbourhood,Chip Chrome & The Mono-Tones,Cherry Flavoured,68,208453,False,0.617,0.574,6,-9.768,1,0.0276,0.23,0.0105,0.0983,0.396,91.769,4,alt-rock,367002,2020-01-02 15:44,MENA
0Sjz8pTu8vcVvGP5rtyh3Q,The Technicolors,Ultraviolet Disguise (Deluxe Edition),Tonight You Are Mine,66,230000,False,0.634,0.6,11,-6.662,1,0.0265,0.00203,0.00569,0.0796,0.64,90.017,4,alt-rock,826248,2020-01-02 15:45,LATAM
3G9l0CsH7HCkr0SqDE1juj,The 1975,Happiness,Happiness,71,303903,False,0.666,0.909,11,-5.029,1,0.039,0.0438,0.108,0.219,0.846,118.007,4,alt-rock,915844,2020-01-02 15:46,MENA
6ilTR3RpLCAHDt3Z6YuQGx,Cidergirl,シンデレラ,シンデレラ,62,212310,False,0.572,0.955,7,-2.617,1,0.0626,0.0141,0.0,0.315,0.717,129.981,4,alt-rock,943215,2020-01-02 15:47,LATAM
113xf7t4qNM7038YJvauik,The Neighbourhood,Hard To Imagine The Neighbourhood Ever Changing,Nervous,70,245000,False,0.589,0.614,0,-7.528,0,0.0426,0.0213,0.165,0.31,0.318,119.837,4,alt-rock,303679,2020-01-02 15:48,EU
3tRPfCFAEv6wWyQO0YnGGV,Shinsei Kamattechan,Boku no Sensou (TV Size),Boku no Sensou - TV Size,59,90960,False,0.447,0.891,9,-4.776,1,0.0788,0.00447,0.000905,0.39,0.517,143.976,4,alt-rock,645878,2020-01-02 15:49,APAC
1xLs8Mu1QEVbGCpyHQ2r2U,Dominic Fike,What Could Possibly Go Wrong,Why,71,139906,True,0.684,0.856,6,-2.676,1,0.0411,0.342,0.00728,0.109,0.343,117.027,4,alt-rock,235932,2020-01-02 15:50,EU
7kxfWvj6u9oWQ5C36kMtGb,Alter Bridge,Blackbird,Watch Over You,60,259133,False,0.276,0.658,7,-5.418,1,0.0329,0.0836,0.000553,0.161,0.16,172.326,4,alt-rock,739322,2020-01-02 15:51,APAC
0zdzgfhY18Au7dD1hOrTrX,Bishop Briggs,Fifty Shades Freed (Original Motion Picture Soundtrack),Never Tear Us Apart,59,194826,False,0.372,0.6,4,-6.027,0,0.0351,0.00643,3.37e-05,0.139,0.0753,188.96,3,alt-rock,474280,2020-01-02 15:52,LATAM
2MLHyLy5z5l5YRp7momlgw,Weezer,Weezer (Green Album),Island In The Sun,78,200306,False,0.654,0.81,4,-6.26,0,0.0288,0.00719,0.00251,0.165,0.661,114.623,4,alt-rock,742227,2020-01-02 15:53,APAC
6ZOBP3NvffbU4SZcrnt1k6,3 Doors Down,The Better Life,Kryptonite,80,233933,False,0.545,0.865,11,-5.708,0,0.0286,0.00664,1.1e-05,0.168,0.543,99.009,4,alt-rock,716613,2020-01-02 15:54,MENA
0VeoSHlgashtg5JYPJjl15,The Score,Pressure,Stronger,61,190986,False,0.267,0.67,2,-4.688,0,0.0807,0.0232,0.0,0.312,,191.883,3,alt-rock,993526,2020-01-02 15:55,LATAM
0nkzd3yNniB767zSDDdLZ3,Skillet,Awake,Awake and Alive,69,209493,False,0.434,0.939,4,-2.983,0,0.0593,0.0425,0.0,0.491,0.569,159.932,4,alt-rock,539778,2020-01-02 15:56,MENA
3zjjzKg16tczCMwckGKGuH,Weathers,Happy Pills,Happy Pills,71,203080,False,0.521,0.885,4,-4.934,0,0.125,0.00327,0.00904,0.324,0.344,115.985,4,alt-rock,407384,2020-01-02 15:57,EU
6A6PDawvZIfnJHW40sBHzz,The Score,ATLAS,Miracle,59,206400,False,0.638,0.766,11,-4.12,0,0.0368,0.0621,0.0,0.273,0.588,129.987,4,alt-rock,574079,2020-01-02 15:58,EU
6PypGyiu0Y2lCDBN1XZEnP,R.E.M.,Automatic For The People,Everybody Hurts,75,320266,False,0.467,0.324,2,-10.451,1,0.0255,0.615,0.0248,0.118,0.166,94.301,3,alt-rock,246570,2020-01-02 15:59,MENA
4TQcARE7Fd58akNhr3N7AE,MISSIO,Loner,Twisted,66,222706,False,0.577,0.789,2,-4.661,1,0.0427,0.00532,0.0105,0.214,,97.52,3,alt-rock,200584,2020-01-02 16:00,LATAM
73CKjW3vsUXRpy3NnX4H7F,Radiohead,The Bends,Fake Plastic Trees,72,290706,False,0.463,0.229,2,-12.592,1,0.0297,0.167,0.0997,0.202,0.135,73.543,4,alt-rock,567249,2020-01-02 16:01,LATAM
3LhGRE7ZNOEZhrqazWMYRI,The Score,ATLAS (Deluxe),Money Run Low,61,185466,False,0.651,0.933,7,-3.978,0,0.0457,0.0203,0.0,0.306,,134.048,4,alt-rock,842864,2020-01-02 16:02,EU
2GJ1xx5ZoeIJYbQKLSpoZ3,Skillet,Victorious,Finish Line,64,206060,False,0.53,0.803,5,-5.031,0,0.0386,0.0545,0.0,0.316,0.565,80.992,4,alt-rock,579924,2020-01-02 16:03,US
2riJzw9rShSNaC2GAUn9cY,The Afters,The Beginning & Everything After,Fear No More,56,202478,False,0.501,0.587,10,-5.587,1,0.0282,0.218,0.0,0.0886,0.279,82.017,4,alt-rock,803730,2020-01-02 16:04,APAC
1mWdyqs6Zvg8b1lKjDc8yB,Chris Tomlin,The Ultimate Playlist,Good Good Father,66,293398,False,0.429,0.587,9,-4.588,1,0.0275,0.315,0.0,0.108,0.164,145.003,3,alt-rock,260121,2020-01-02 16:05,MENA
6ZkeNE5zlcl13PbnzXdw38,Charlie Brown Jr.,Acústico (Ao Vivo),Tudo Pro Alto - Ao Vivo,48,184093,False,,0.983,10,-5.498,0,0.0598,0.0182,0.000128,0.691,0.725,92.68,4,alt-rock,504451,2020-01-02 16:06,MENA
2m2QV4YsDoVNQ9Y6THdSg4,Charlie Brown Jr.,Imunidade Musical,Aquela Paz,49,176960,False,0.586,0.487,11,-9.29,1,0.0341,0.769,0.0001,0.181,0.693,123.897,5,alt-rock,651797,2020-01-02 16:07,LATAM
2ScU6iEvgb0TIuKiyem9rg,Charlie Brown Jr.,Acústico (Ao Vivo),Proibida Pra Mim (Grazon) - Ao Vivo,48,151666,False,,0.976,8,-4.74,1,0.0487,0.000587,0.0507,0.487,0.818,181.121,4,alt-rock,412907,2020-01-02 16:08,LATAM
0OwkWUJHTcxJSxlprEGd9w,Detonautas Roque Clube,Detonautas Acústico,O Amanhã,49,211706,False,0.563,0.562,7,28.708,0,0.0268,0.139,0.0,0.145,0.314,345.655,4,alt-rock,112712,2020-01-02 16:09,EU
4xkQxDPC6RBV1Yfx6vkLsO,Los Piojos,3er Arco,Muévelo,49,261133,False,0.616,0.838,7,-5.274,1,0.0423,0.0776,2.95e-05,0.365,0.926,139.602,4,alt-rock,166102,2020-01-02 16:10,EU
1QJWQRagviM87ff3wQjBkP,O Rappa,Acústico MTV,Pescador de ilusões - Ao vivo acústico,50,306266,False,0.385,0.806,1,-8.967,1,0.0398,0.237,0.00566,0.933,0.693,106.628,4,alt-rock,934900,2020-01-02 16:11,LATAM
6JMUqW6dwWduaPPqGCkcgk,Catupecu Machu,Cuentos Decapitados,Eso Vive,49,181560,False,,0.961,11,-2.564,1,0.0732,0.00558,1.31e-05,0.0306,0.922,104.054,4,alt-rock,644622,2020-01-02 16:12,LATAM
1KGcPOVdYPrzEGYfLBz3hY,Bandalos Chinos;Adan Jodorowsky,Alternativo diferente latino,Departamento,0,234866,False,0.698,0.674,8,-5.769,1,0.0464,0.311,0.00194,0.359,0.739,125.016,4,alt-rock,338116,2020-01-02 16:13,EU
6XEbIRw3DVFb6vQftaewOD,Panteon Rococo,XX Años (En Vivo),Toloache Pa' Mi Negra - En Vivo,49,218280,False,0.411,,11,-9.229,1,0.0629,0.00312,0.00921,0.939,0.668,102.972,4,alt-rock,332936,2020-01-02 16:14,LATAM
4ocDKtGkfPHFpUlmkOfAiy,Bandalos Chinos,Alternativo diferente latino,Demasiado,0,226133,False,0.776,0.425,11,-9.724,0,0.0335,0.27,0.0468,0.111,0.427,133.489,4,alt-rock,135604,2020-01-02 16:15,APAC
7j0cTjB4Vk5MiRlp8IQB8x,P.O.D.,Timeless Rock Hits,Youth of the Nation,0,257398,False,0.555,0.897,8,-6.147,1,0.0645,0.00377,0.0116,0.392,0.473,97.851,4,alt-rock,950298,2020-01-02 16:16,MENA
5L0oNcUAPW4zFLBekccycM,Sumo,Llegando Los Monos,El Ojo Blindado,50,134173,False,0.192,0.894,2,-7.136,1,0.0421,3.42e-06,0.0028,0.025,0.67,194.458,4,alt-rock,197424,2020-01-02 16:17,MENA
1EKNUMaRRxclLETULcps5s,The Shins,Christmas Eve At Home,Wonderful Christmastime,0,146520,False,0.634,0.689,11,-5.406,1,0.0307,0.0109,0.0,0.114,0.899,140.071,4,alt-rock,783510,2020-01-02 16:18,US
6qtDW5A9dgCyjhQZSGRlcu,Enjambre,Proaño,Nueve,49,211240,False,0.466,0.832,4,-5.235,1,0.047,0.0277,0.627,0.156,0.509,132.054,4,alt-rock,316223,2020-01-02 16:19,US
0nK8nFLgGsNtpB6o1I8wt8,Bandalos Chinos,Alternativo diferente latino,Vámonos De Viaje,0,236426,False,0.768,0.748,5,-6.149,1,0.0304,0.0231,0.00239,0.341,0.868,129.001,4,alt-rock,402063,2020-01-02 16:20,MENA
6kykAmLzRQI5ozXjujslWo,The Shins,Home For Christmas 2022,Wonderful Christmastime,0,146520,False,0.634,0.689,11,-5.406,1,0.0307,0.0109,0.0,0.114,0.899,140.071,4,alt-rock,346515,2020-01-02 16:21,APAC
6E19yW617WrbdplRUt8cvf,The Shins,Home At Christmas,Wonderful Christmastime,0,146520,False,0.634,,11,-5.406,1,0.0307,0.0109,0.0,0.114,0.899,140.071,4,alt-rock,842068,2020-01-02 16:22,US
7gyhWg9k5HkgWZq9V8nsrT,Everclear,Fiesta temática 90s,Santa Monica,0,191506,False,0.491,0.942,7,-5.333,1,0.109,0.156,0.0,0.367,0.398,100.441,4,alt-rock,129528,2020-01-02 16:23,APAC
45n1UykYUNp1LgRt8auL4U,Gondwana,Modo trabajación,Dime - 2008 Remaster,0,256026,False,0.787,,7,-7.779,0,0.0582,0.114,5.34e-06,0.114,,152.131,4,alt-rock,417059,2020-01-02 16:24,EU
6DaHEkkaHiAhRZVEFZOMJ8,P.O.D.,Metal,Alive - Chris Lord-Alge Mix,0,205026,False,0.421,0.95,10,-3.985,1,0.0769,1.21e-05,0.000217,0.314,0.553,80.919,4,alt-rock,351419,2020-01-02 16:25,LATAM
5mC0tSmdI2MgY9ZEqiztUP,Gondwana,Modo trabajación,Felicidad,0,341026,False,0.744,0.666,0,-7.213,1,0.0507,0.00147,0.0,0.162,0.806,143.645,4,alt-rock,345659,2020-01-02 16:26,US
5jhIWm2hXdVQJaRDE9AGhW,The Shins,Alternative Christmas 2022,Wonderful Christmastime,0,146520,False,0.634,0.689,11,-5.406,1,0.0307,0.0109,0.0,0.114,0.899,140.071,4,alt-rock,273647,2020-01-02 16:27,MENA
39bxZQn6wJ4TmO6ZoY9AhJ,Tex Tex,Lo Mejor de Tex Tex,Un Toque Mágico,50,254275,False,0.688,0.682,10,-6.345,0,0.0709,0.101,0.0,0.297,0.506,131.848,4,alt-rock,921201,2020-01-02 16:28,EU
4qymdn8JY94UOj1rATccbp,Las Pastillas del Abuelo,Triste Hora,Rompecabezas De Amor... - Live In Buenos Aires / 2016,0,305813,False,0.508,0.688,2,-5.879,0,0.0319,0.33,1.29e-05,0.896,0.334,76.122,4,alt-rock,440758,2020-01-02 16:29,MENA
7GfYdXlYZ0uhEjhqjFV6YQ,Las Pastillas del Abuelo,Triste Hora,Tantas Escaleras - Live In Buenos Aires / 2016,0,273533,False,0.433,0.827,9,-5.992,0,0.0312,0.00932,0.492,0.737,0.549,150.942,4,alt-rock,476384,2020-01-02 16:30,US
2Iq6HhIquO7JKr0KfTNLzU,Saint Motel,My Type EP,My Type,70,204811,False,0.595,0.896,10,-2.951,1,0.047,0.0641,5.82e-05,0.0748,0.567,118.001,4,alt-rock,446650,2020-01-02 16:31,EU
3E7heceGl4ojbkWXyBiLSL,Charlie Brown Jr.,Me Namora,Céu Azul,48,198786,False,0.68,0.598,1,-6.147,0,0.027,0.61,0.0,0.106,0.62,120.09,4,alt-rock,982194,2020-01-02 16:32,APAC
6TA5aymvVrtiPVbuAwmPIc,The Neighbourhood,Hard To Imagine The Neighbourhood Ever Changing,Scary Love,69,222666,False,0.595,0.636,5,-5.981,0,0.0312,9.45e-05,0.0529,0.196,0.147,112.008,4,alt-rock,405106,2020-01-02 16:33,APAC
5Az8KU81g2aLBbJN67F2CI,Young the Giant,Mind Over Matter,Mind Over Matter,71,244693,False,0.466,0.763,0,-4.448,1,0.0318,0.000501,0.0,0.0973,0.293,154.914,4,alt-rock,407517,2020-01-02 16:34,EU
2t0wwvR15fc3K1ey8OiOaN,The Strokes,The New Abnormal,Selfless,71,222093,False,0.538,0.679,4,-4.297,1,0.0333,0.191,0.00175,0.0889,0.0888,121.99,4,alt-rock,395131,2020-01-02 16:35,EU
5pKCDm2fw4k6D6C5Rk646C,Bullet For My Valentine,The Poison,Tears Don't Fall,65,348386,True,0.214,0.931,7,-3.347,0,0.143,0.000705,3.09e-06,0.0797,0.233,162.115,4,alt-rock,394269,2020-01-02 16:36,EU
6GGaeNKmqQQfQmTlNoUezD,The Score,Victorious,Victorious,53,196616,False,0.509,0.715,5,-6.328,0,0.0419,0.0303,4.31e-06,0.468,0.277,159.872,4,alt-rock,180758,2020-01-02 16:37,LATAM
5e3YOg6fIkP0wD5TyxcHOH,Living Colour,Vivid (Expanded Edition),Cult of Personality,68,294826,False,0.504,0.918,0,-3.463,1,0.0517,0.00164,2.12e-05,0.78,0.539,92.031,4,alt-rock,643847,2020-01-02 16:38,EU
1jq28NGw6wdtFKx8MBPy6C,Nickelback,Dark Horse,Burn It to the Ground,73,212346,False,0.617,0.922,11,-3.474,1,0.0744,0.000247,0.388,0.363,0.6,132.059,4,alt-rock,122684,2020-01-02 16:39,APAC
2EoOZnxNgtmZaD8uUmz2nD,Soundgarden,Superunknown (Deluxe Edition),Black Hole Sun,77,318586,False,0.35,0.828,6,-5.373,1,0.041,0.000217,0.000161,0.0774,0.147,105.435,4,alt-rock,303356,2020-01-02 16:40,EU
55yvzYuvJYG2RUEnMK78tr,Nirvana,Nirvana,About A Girl,74,166640,False,0.409,0.932,11,-4.538,0,0.0339,1.87e-05,1.6e-06,0.31,,131.761,4,alt-rock,281902,2020-01-02 16:41,APAC
2ph6BRhGcUzc2W9wIulG5k,Bishop Briggs,Church Of Scars,White Flag,61,230586,False,0.524,0.805,4,-4.08,0,0.065,0.062,0.0,0.209,0.354,152.044,4,alt-rock,362339,2020-01-02 16:42,MENA
5so3Q5ihUoWp79tmIm8z7l,The Servant,Collection,Orchestra,47,212226,False,0.519,0.834,9,-5.369,0,0.0339,0.00965,0.0,0.162,0.465,77.028,4,alt-rock,780983,2020-01-02 16:43,APAC
2hRNxkgCScd5yxbTsrGQR4,Charlie Brown Jr.,Acústico (Ao Vivo),Vinheta: Beat Box II / Como Tudo Deve Ser - Ao Vivo,48,282333,False,,0.596,1,-10.325,0,0.059,0.226,1.17e-05,0.989,0.794,80.96,4,alt-rock,639546,2020-01-02 16:44,MENA
4to8RSl1qZa7q3X8z4nOk3,Charlie Brown Jr.,De 1997 A 2007,Pontes Indestrutíveis,48,209084,False,0.729,0.711,7,-8.04,1,0.119,0.248,0.0,0.198,0.808,159.019,4,alt-rock,991727,2020-01-02 16:45,MENA
6zMPcgwV7bp0xgRQctwDku,Drowning Pool,Halloween Metal Nights,Mute,1,200000,False,0.567,0.815,10,-4.668,1,0.0286,0.000277,0.104,0.0867,0.378,97.937,4,alt-rock,416079,2020-01-02 16:46,EU
6c61kVcF2zmFExhWYwDrDX,Patricio Rey y sus Redonditos de Ricota,Un Baión para el Ojo Idiota,Ella Debe Estar Tan Linda,48,241306,False,0.268,,9,-6.09,1,0.0478,0.00197,0.0271,0.129,0.447,205.911,4,alt-rock,935672,2020-01-02 16:47,US
7dZq3hxakgytMDpxK0QNhR,Charlie Brown Jr.,Acústico (Ao Vivo),Tudo Que Ela Gosta De Escutar - Ao Vivo,48,190960,False,0.513,0.89,5,-5.253,0,0.0728,0.0319,0.00108,0.687,0.73,122.698,4,alt-rock,140421,2020-01-02 16:48,APAC
4qlb4cHm1GmndU5p3Z5s4T,Los Tipitos,El Club De Los Martes,Se te nota,48,239360,False,0.589,0.677,0,-8.452,1,0.0242,0.00242,0.000222,0.241,,134.962,4,alt-rock,553796,2020-01-02 16:49,US
2CCJ1YRPIk7c2VtRL8JMhg,Patricio Rey y sus Redonditos de Ricota,Gulp!,Superlógico,48,184840,False,0.624,0.73,2,-8.811,1,0.0322,0.419,4.25e-05,0.2,0.761,122.053,4,alt-rock,818962,2020-01-02 16:50,APAC
31uiFApsv5BVunx9bypX6u,Charlie Brown Jr.;Marcelo Nova,Acústico (Ao Vivo),Hoje - Ao Vivo,48,262533,False,0.589,0.967,8,-6.05,1,0.0751,0.0163,5.83e-06,0.84,0.44,114.154,4,alt-rock,578640,2020-01-02 16:51,APAC
29fm3WWIiHmHIaMX2tK2aH,Caifanes,Caifanes,Te Estoy Mirando,48,224693,False,0.606,0.957,10,-3.951,1,0.0562,0.335,0.0104,0.0934,0.683,113.867,4,alt-rock,939978,2020-01-02 16:52,MENA
6JMRXqVpDD1Xu2lAoFOVbS,O Rappa,O Rappa - Acústico Oficina Francisco Brennand (Deluxe) [Ao Vivo],Rodo cotidiano - Ao vivo,48,207197,False,0.483,0.896,7,-5.206,1,0.0887,0.186,0.00019,0.965,0.392,128.21,4,alt-rock,383123,2020-01-02 16:53,US
2YIpus6UhA3TOKmxNtfQrb,Las Pastillas del Abuelo,Las Pastillas del Abuelo,Candombe de Resacas,48,329640,False,0.694,0.706,9,-6.151,1,0.0516,0.173,0.0,0.0829,0.537,96.759,4,alt-rock,129999,2020-01-02 16:54,US
0BRtjY6BHMic4e901yeGil,Divididos,Amapola del 66,La Flor Azul,49,160533,False,0.463,0.677,11,-10.254,0,0.0872,0.593,9.24e-06,0.302,0.754,89.581,1,alt-rock,796544,2020-01-02 16:55,EU
0fdN1fuFWKKACOGnDJmyiC,Os Paralamas Do Sucesso;Pitty,Multishow Ao Vivo Paralamas Brasil Afora (Ao Vivo / Deluxe),Tendo A Lua - Ao Vivo,48,188853,False,0.688,0.601,2,-9.324,1,0.0442,0.0905,0.000513,0.952,0.643,81.128,4,alt-rock,161203,2020-01-02 16:56,US
6Cds1yaAqjemuebKt1DIKj,Detonautas Roque Clube,VI,Por Onde Você Anda?,48,241400,False,0.508,0.608,2,-8.915,1,0.034,0.197,0.00297,0.103,0.312,160.212,4,alt-rock,788280,2020-01-02 16:57,US
7op5RCUvgqOJcKAs4rZw2N,Guasones,Toro Rojo,100 Años,48,241946,False,0.542,0.812,7,-5.374,1,0.0285,0.0292,0.00859,0.426,0.455,138.965,4,alt-rock,760074,2020-01-02 16:58,LATAM
22AqIN0L6icW0MtPM16NwC,The Adams,Agterplaas,Pelantur,48,256333,False,0.487,0.943,0,-7.665,1,0.0626,0.000549,0.104,0.324,0.457,144.944,4,alt-rock,859844,2020-01-02 16:59,LATAM
2ZTuf3VIwB1EKuzwzFdJTT,NX Zero,NX Zero,Pela Última Vez,48,224200,False,0.634,0.939,8,-2.638,1,0.0428,0.0847,0.0,0.0776,0.638,124.974,4,alt-rock,531032,2020-01-02 17:00,MENA
5ZEDdR3gnXAudntQOn0yOC,Las Pastillas del Abuelo,Desafíos,Hasta Acá Nos Ayudó Dios!,48,378386,False,0.622,0.65,0,-4.996,1,0.0456,0.114,0.0,0.317,0.638,148.004,4,alt-rock,905953,2020-01-02 17:01,APAC
4K9Xn20HjUTtPaiEY1DllO,Matthew West,Santa's Christmas List,Jingle Bells,0,125066,False,0.527,,7,-5.004,1,0.0395,0.553,0.0,0.316,0.594,107.409,4,alt-rock,252848,2020-01-02 17:02,APAC
14OePRS8B28wHaZ3g6sv9w,Fountains Of Wayne,Alternative Christmas 2022,I Want An Alien For Christmas,0,141586,False,0.479,0.802,9,-9.03,1,0.0512,0.0117,0.0,0.333,0.625,148.658,4,alt-rock,490913,2020-01-02 17:03,EU
6wga1W5kGd7hVjClXpM187,Detonautas Roque Clube,Detonautas Acústico,Inferno são os outros,48,211706,False,0.642,0.797,6,-7.173,0,0.0286,0.0899,1.38e-05,0.732,0.563,110.055,4,alt-rock,209650,2020-01-02 17:04,LATAM
4K7x9KC3XrcKMNdhVoaBOj,Fountains Of Wayne,Rock n Roll Christmas,The Man In The Santa Suit,0,160346,False,0.622,0.72,9,-6.578,1,0.0255,0.0525,0.0,0.109,0.948,133.922,4,alt-rock,790187,2020-01-02 17:05,APAC
769Fq73HiVK9qfOQKKvpLB,Pulp,Fiesta temática 90s,Sorted For E's & Wizz,0,217666,False,,0.9,0,-5.513,1,0.0635,0.226,0.0,0.377,0.536,94.466,4,alt-rock,742844,2020-01-02 17:06,US
1xeJGNdKyEqqhWfkR31jM2,Los Caligaris,Circología,Aunque No Quiero,48,215626,False,0.605,0.79,7,-5.675,1,0.0348,0.0229,0.0,0.0955,0.644,141.819,4,alt-rock,825758,2020-01-02 17:07,LATAM
7i2v1qGRuxH3pqIWYpqqBE,Los Rodriguez,Música para casa,A Los Ojos,0,236960,False,,0.886,7,-5.67,1,0.033,0.143,2.09e-06,0.0958,0.831,138.635,4,alt-rock,787908,2020-01-02 17:08,APAC
3NRVfxtC8mYrPoHjKahcng,Los Rodriguez,Música para casa,Dispara,0,159520,False,,0.92,7,-5.535,1,0.0321,0.0659,7.4e-06,0.0964,0.822,102.033,4,alt-rock,377613,2020-01-02 17:09,APAC
1p91OsZmF238uTCeZxuAi9,Los Rodriguez,Música para casa,Senorita,0,178346,False,0.556,0.901,4,-7.289,1,0.0311,0.261,0.000267,0.105,0.932,129.888,4,alt-rock,161259,2020-01-02 17:10,MENA
2OYM8AomneL1lq8LjsT3bv,Los Rodriguez,Música para casa,100 Pajaros Volando,0,261600,False,0.313,0.663,2,-7.716,1,0.0302,0.0392,0.0,0.171,0.398,162.577,3,alt-rock,936317,2020-01-02 17:11,LATAM
5QWR5HivGtat7XXOCSAdlI,Fountains Of Wayne,Christmas Rock 2022,The Man In The Santa Suit,0,160346,False,,0.72,9,-6.578,1,0.0255,0.0525,0.0,0.109,0.948,133.922,4,alt-rock,543535,2020-01-02 17:12,US
6eGTANo4ak5Tb1FCBLtoFT,Los Rodriguez,Música para casa,Mi Enfermedad,0,209053,False,0.489,0.96,2,-5.424,1,0.0386,0.0913,0.000732,0.146,0.894,133.21,4,alt-rock,184907,2020-01-02 17:13,US
5zc2yka1Itw55sYxeGH4Sp,Las Pastillas del Abuelo,Vivo De Pastillas: Locura Y Realidad (Live In Buenos Aires / 2016),Rompecabezas De Amor... - Live In Buenos Aires / 2016,48,305813,False,,0.688,2,-5.879,0,0.0308,0.33,1.22e-05,0.896,,76.155,4,alt-rock,934357,2020-01-02 17:14,APAC
3vcQXcGUqeaFpPIL1oIKTl,Divididos,Rock x siempre,¿Qué Ves?,0,313733,False,0.87,0.53,9,-9.654,0,0.0694,0.0315,0.000123,0.0395,0.751,107.882,4,alt-rock,994841,2020-01-02 17:15,LATAM
5le94AmYDEMG15R5iRfgxJ,Divididos,Rock x siempre,Ala Delta,0,354746,False,0.555,0.622,9,-12.245,1,0.031,0.00208,0.162,0.147,0.734,156.415,4,alt-rock,500947,2020-01-02 17:16,LATAM
6h4YWETL6DAEKpeSr0CaGu,Interpuesto,15 Rolitas de Amor,Quien Te Cantara,48,200053,False,,0.783,9,-5.323,0,0.049,0.00593,0.00456,0.128,0.507,155.016,4,alt-rock,793080,2020-01-02 17:17,EU
40gvh6jP5qxMJuMmF9lG9A,The Neighbourhood,Wiped Out!,Baby Came Home 2 / Valentines,71,390493,False,0.21,0.499,2,-9.754,0,0.0485,0.0687,0.00315,0.773,0.108,74.094,4,alt-rock,132668,2020-01-02 17:18,LATAM
3FtYbEfBqAlGO46NUDQSAt,MGMT,Oracular Spectacular,Electric Feel,77,229640,False,0.763,0.803,1,-3.713,1,0.0351,0.0709,0.285,0.348,0.561,103.04,3,alt-rock,183943,2020-01-02 17:19,US
6WmIyn2fx1PKQ0XDpYj4VR,The 1975,A Brief Inquiry Into Online Relationships,Love It If We Made It,69,252925,True,0.472,0.745,4,-5.297,1,0.0356,0.000607,2.74e-05,0.0957,,180.06,4,alt-rock,348909,2020-01-02 17:20,LATAM
33DzKnwuBE6lfOiADwzd5E,The 1975,A Brief Inquiry Into Online Relationships,TOOTIMETOOTIMETOOTIME,64,207851,False,,,8,-5.867,1,0.0665,0.177,0.0152,0.0933,0.518,114.998,4,alt-rock,690606,2020-01-02 17:21,MENA
4BggEwLhGfrbrl7JBhC8EC,Crazy Town,The Gift Of Game,Butterfly,73,216733,False,0.736,0.811,9,-4.17,0,0.081,0.00132,0.000142,0.107,0.609,103.502,4,alt-rock,220080,2020-01-02 17:22,APAC
3yydZof4pq6N4zeyTzLwQk,RAC;Louis The Child,BOY,Passion,67,132746,False,0.777,0.721,0,-6.951,1,0.071,0.476,0.0512,0.27,0.88,106.956,4,alt-rock,130761,2020-01-02 17:23,LATAM
7iPlcFvOMOzt6v0QvcAueZ,The 1975,A Brief Inquiry Into Online Relationships,I Always Wanna Die (Sometimes),65,314662,False,0.376,0.473,4,-5.636,1,0.0325,0.00527,0.00162,0.123,,148.835,4,alt-rock,701893,2020-01-02 17:24,MENA
2O9O26335YYVckmRgPKY3s,Empire of the Sun,Ice On The Dune,Alive,65,204546,False,0.524,0.882,5,-3.038,1,0.0367,0.108,1.1e-06,0.071,0.399,119.94,4,alt-rock,793167,2020-01-02 17:25,MENA
7saeg1XSIx0RhNMHY5km2e,Poets of the Fall,Temple of Thought (Bonus Edition),Cradled in Love,42,281826,False,0.592,0.474,4,-8.288,1,0.0262,0.557,0.0,0.148,0.317,130.0,4,alt-rock,765290,2020-01-02 17:26,LATAM
40LQiUUUKXVGyNs09lHVjW,Hinder,Extreme Behavior,Lips Of An Angel,73,261853,False,0.476,0.736,2,-5.38,1,0.0343,0.0217,1.08e-06,0.203,0.251,129.084,4,alt-rock,819299,2020-01-02 17:27,APAC
0z1o5L7HJx562xZSATcIpY,Radiohead,OK Computer,Exit Music (For A Film),73,267186,False,0.293,0.276,4,-11.357,0,0.0349,0.224,0.122,0.167,0.195,121.603,4,alt-rock,822565,2020-01-02 17:28,US
6GG73Jik4jUlQCkKg9JuGO,Jimmy Eat World,Bleed American,The Middle,81,165853,False,0.643,0.849,2,-5.428,1,0.0526,0.0371,0.0,0.058,,162.152,4,alt-rock,642168,2020-01-02 17:29,MENA
4wajJ1o7jWIg62YqpkHC7S,Radiohead,In Rainbows,Weird Fishes/ Arpeggi,71,318186,False,,0.61,11,-8.025,0,0.0387,0.772,0.756,0.0908,0.199,152.958,4,alt-rock,567471,2020-01-02 17:30,US
1UqhkbzB1kuFwt2iy4h29Q,Young the Giant,Young The Giant (Special Edition),Cough Syrup,71,249520,False,,0.721,11,-7.307,0,0.0417,0.0343,6.24e-06,0.115,0.225,128.978,3,alt-rock,871173,2020-01-02 17:31,US
43jdwv0eTXxB2NsAiDTqxh,Goodnight Fellows,Hopeless Romance,Hopeless Romance,36,211070,False,0.643,,11,-10.85,1,0.0406,0.0329,0.0,0.0669,0.798,171.993,4,alt-rock,413223,2020-01-02 17:32,EU
10Nmj3JCNoMeBQ87uw5j8k,Red Hot Chili Peppers,Stadium Arcadium,Dani California,78,282160,False,0.556,0.913,0,-2.36,1,0.0437,0.0193,8.59e-06,0.346,0.73,96.184,4,alt-rock,188094,2020-01-02 17:33,MENA
4Wj52fsynPssW52HDQuzrt,Watt White,Eye Of The Storm,Eye Of The Storm,65,199008,False,0.534,0.942,2,-4.15,0,0.0677,0.0121,0.0,0.141,0.629,95.126,4,alt-rock,776765,2020-01-02 17:34,US
33MnSYLvtOrbj5zwfioEiH,Thousand Foot Krutch,The End Is Where We Begin,Be Somebody,63,222435,False,0.457,0.669,6,-5.792,0,0.0288,0.0296,0.0,0.142,0.312,93.987,4,alt-rock,348331,2020-01-02 17:35,MENA
3zwmW1gM4E8FlHXV5nE16u,Audioslave,Out of Exile,Be Yourself,72,278973,False,0.423,0.845,11,-3.509,0,0.0559,0.143,5.07e-06,0.213,0.317,116.602,4,alt-rock,980967,2020-01-02 17:36,EU
1FTSo4v6BOZH9QxKc3MbVM,Blur,Blur (Special Edition),Song 2 - 2012 Remaster,78,121160,False,0.674,0.789,8,-6.903,1,0.0676,0.00178,0.00708,0.0753,0.918,129.802,4,alt-rock,472759,2020-01-02 17:37,LATAM
3UULkHdmLDqBDPmBYltoRE,Alter Bridge,One Day Remains,Metalingus,67,259959,False,0.496,0.981,8,-3.268,1,0.108,9.33e-06,0.0,0.0958,0.163,109.905,4,alt-rock,866612,2020-01-02 17:38,LATAM
0RW1xWSPxmbXf012RN3yWl,Phil Wickham,The Ascension,This Is Amazing Grace,65,279786,False,0.512,0.814,10,-5.467,1,0.0327,0.00419,0.0,0.0991,0.277,97.996,4,alt-rock,138212,2020-01-02 17:39,LATAM
70oCSjkWqBvGBql9gJz5dx,Patricio Rey y sus Redonditos de Ricota,La Mosca y la Sopa,Fusilados por la Cruz Roja,47,255000,False,,0.873,9,-6.674,0,0.0449,0.00822,0.00453,0.0648,0.868,162.842,4,alt-rock,693307,2020-01-02 17:40,EU
6nvbYcbL79UQ5VFKE0aeeq,Kari Jobe,Sad Love Songs 2022,In The Name Of Love - Recorded At Spotify Studios NYC,2,205738,False,0.675,0.375,6,-8.985,1,0.0452,0.542,2.5e-06,0.0951,0.187,134.023,4,alt-rock,503394,2020-01-02 17:41,EU
3QoydK0LFOpK0JnfIpCffR,Charlie Brown Jr.,Acústico (Ao Vivo),O Coro Vai Come - Ao Vivo,48,128106,False,0.511,0.981,0,-5.329,0,0.0579,0.0301,0.0612,0.747,0.896,172.968,4,alt-rock,516341,2020-01-02 17:42,US
6kHjMdhMOz1Y84X3DHvbni,Ne Jupiter,Aklımın Derinlerinde,Gökyüzüm Siyah Olsa Da,47,259200,False,0.599,0.563,1,-7.317,0,0.0407,0.526,0.0623,0.053,0.302,150.009,4,alt-rock,338691,2020-01-02 17:43,LATAM
5izpR8PlJCjgJexf7JkMa9,Kari Jobe,Sad Covers 2022,In The Name Of Love - Recorded At Spotify Studios NYC,2,205738,False,0.675,0.375,6,-8.985,1,0.0452,0.542,2.5e-06,0.0951,0.187,134.023,4,alt-rock,974073,2020-01-02 17:44,APAC
6dr4yfIX1gO7to68cDcCsp,Patricio Rey y sus Redonditos de Ricota,La Mosca y la Sopa,Toxi-Taxi,47,219333,False,0.576,0.858,7,-6.372,1,0.0695,0.000757,0.00604,0.305,0.704,111.96,4,alt-rock,453461,2020-01-02 17:45,LATAM
7sC2sL3Q5cZswDQJfnlfOt,Charlie Brown Jr.,100% Charlie Brown Jr - Abalando A Sua Fábrica,Tudo Pro Alto,48,203093,False,0.215,0.945,10,27.311,0,0.0798,0.000639,0.453,0.204,0.603,389.234,4,alt-rock,865430,2020-01-02 17:46,US
3dHDEm95M3UJb6KBuDufvK,Mancha De Rolando,A Cielo Abierto - El año del tigre,Carolina,47,194597,False,0.581,0.67,2,-5.952,1,0.0268,0.264,0.0,0.11,0.618,103.971,4,alt-rock,482591,2020-01-02 17:47,US
2VTgVKaabe96ezuyDW5ugq,Charlie Brown Jr.;RZO,Acústico (Ao Vivo),A Banca (Ratatá É Bicho Solto) - Ao Vivo,47,240200,False,0.557,0.898,11,-5.109,0,0.25,0.551,0.0,0.81,0.827,109.246,4,alt-rock,143448,2020-01-02 17:48,APAC
50RFZ81kvSH0FKGumrw8sQ,Kapanga,Operacion Rebenque,El Universal,48,191946,False,0.57,0.885,2,-3.09,1,0.0387,0.0641,0.0,0.0712,0.857,149.878,4,alt-rock,891469,2020-01-02 17:49,LATAM
0HdKT77fmQMoU0mAjHs7O0,Atreyu,Release Your ANGER,Anger Left Behind,0,203547,False,0.418,0.987,0,-3.331,1,0.209,0.0585,0.000144,0.0855,0.25,155.05,4,alt-rock,266598,2020-01-02 17:50,MENA
1hqiUgSEsjZlpQPZ85I61N,Charlie Brown Jr.,Transpiração Contínua Prolongada - Edição Comemorativa,Quinta-Feira,47,290200,False,0.724,0.646,11,-4.495,1,0.0658,0.0977,0.179,0.0647,0.824,143.674,4,alt-rock,343306,2020-01-02 17:51,LATAM
3tB9hk5uxd7P1vZjpjzmLX,Tan Bionica,Destinologia,Música,47,325240,False,0.592,0.882,7,-4.378,1,0.0283,0.0175,0.00037,0.24,0.535,119.959,4,alt-rock,874995,2020-01-02 17:52,LATAM
5DSgzNSlB4EHCIi8YAXxWn,Babasónicos,Jessico,Deléctrico,47,258292,False,0.694,0.907,0,-5.222,1,0.0436,0.0164,0.3,0.181,0.783,116.998,4,alt-rock,904367,2020-01-02 17:53,EU
6T1TompuJnWs8299wj9Zpm,Fountains Of Wayne,Emo Christmas 2022,I Want An Alien For Christmas,0,141586,False,0.479,0.802,9,-9.03,1,0.0512,0.0117,0.0,0.333,,148.658,4,alt-rock,925078,2020-01-02 17:54,EU
033BH9v7RyCCdHzgxyiU5R,Comisario Pantera;Luis Humberto Navejas,Murasaki,Murasaki,47,213133,False,0.572,0.73,4,-4.381,1,0.0257,0.0286,0.000623,0.198,,136.948,4,alt-rock,483373,2020-01-02 17:55,MENA
3QHqCKdJBiBfFkN61NR00m,Callejeros,Presión,Presión,47,238346,False,0.414,0.938,10,-4.592,0,0.0684,0.0602,1.18e-06,0.11,0.643,99.014,4,alt-rock,781274,2020-01-02 17:56,US
79vchPw6mA5F3b4Ft2TqDT,Los Caligaris,Razón (En Vivo) - Single,Razón - En Vivo,47,204583,False,0.533,0.87,6,-5.996,1,0.0679,0.109,0.0,0.951,0.588,152.254,4,alt-rock,395026,2020-01-02 17:57,LATAM
0Nc2X53OFDIxl1F1Z5AZfR,Atreyu,Release Your ANGER,Super Hero,0,385012,False,0.433,0.914,5,-3.894,1,0.0589,0.00394,0.000104,0.0896,0.158,144.007,4,alt-rock,766351,2020-01-02 17:58,LATAM
6w6YZTPXfYd2bBcFLp2yCf,Jeremy Camp,Santa's Christmas List,Jingle Bell Rock,0,129160,False,0.465,0.932,1,-4.332,1,0.0819,0.00229,0.0,0.177,0.493,139.854,4,alt-rock,552260,2020-01-02 17:59,EU
3eUOVnvVw9ntGUqJmHKF1J,Os Paralamas Do Sucesso,Nove Luas,Lourinha Bombril,47,158933,False,0.615,0.907,7,-9.234,1,0.042,0.0194,5.59e-05,0.279,0.8,168.459,4,alt-rock,146763,2020-01-02 18:00,LATAM
4LqXMo9PHrEggPvoTPO6ph,Semisonic,Fiesta temática 90s,Closing Time,0,274160,False,0.478,0.854,7,-5.454,1,0.0289,0.02,1.12e-06,0.115,0.274,91.856,4,alt-rock,475968,2020-01-02 18:01,US
1JlxQG0qBaEI2V1f0zkQLT,Kapanga,Lima,No Me Sueltes (Es Posible),48,235146,False,0.551,0.908,1,-5.619,1,0.0926,0.0167,0.0,0.345,0.77,153.99,4,alt-rock,520953,2020-01-02 18:02,EU
1LQBLintxKQiYmmb55mhKq,Jeremy Camp,Santa's Christmas List,Let It Snow,0,130386,False,0.598,0.705,4,-6.621,1,0.0461,0.0923,0.0,0.254,0.943,149.999,4,alt-rock,331634,2020-01-02 18:03,LATAM
42mDqJTTQW6adKYflnauIE,LCD Soundsystem;Soulwax,Dance Dance Dance,Get Innocuous! - Soulwax Remix,0,601240,False,0.667,0.997,0,-5.832,1,0.0457,0.0745,0.744,0.241,0.693,117.999,4,alt-rock,437022,2020-01-02 18:04,LATAM
3FxMlzkBfekU3gNliu571t,La 25,Asi Es el Rock And Roll,Chico Común,47,271571,False,0.517,0.94,2,-3.888,1,0.0648,0.216,9.62e-05,0.157,0.637,128.059,4,alt-rock,552410,2020-01-02 18:05,EU
1NTaFxBsq90jAF7te7TCVZ,Las Pastillas del Abuelo;Alejandro Vazquez,Paradojas,Inercia,47,202253,False,0.577,0.936,4,-3.789,0,0.0369,0.0242,0.00108,0.284,0.925,145.011,4,alt-rock,144731,2020-01-02 18:06,LATAM
2wmofaCfAaF9hdjEXmdfTO,Charlie Brown Jr.,Chegou Quem Faltava - Versão Completa (Ao Vivo),Confisco - Ao Vivo - Chegou Quem Faltava,47,181333,False,0.504,0.969,1,-5.439,1,0.11,0.000395,0.154,0.96,0.389,131.367,4,alt-rock,236621,2020-01-02 18:07,APAC
3RlsVPIIs5KFhLFhxZ4iDF,Nickelback,All the Right Reasons (Walmart Exclusive Edition),Rockstar,70,252040,False,,0.91,0,-3.004,1,0.0386,0.0459,0.0,0.343,0.693,144.072,4,alt-rock,790104,2020-01-02 18:08,US
6AvslIXIi9iaGvukefyVVK,MISSIO,Loner,Bottom Of The Deep Blue Sea,58,231586,False,0.573,0.754,4,-4.788,1,0.0329,0.0248,0.00019,0.104,0.241,132.964,4,alt-rock,416736,2020-01-02 18:09,MENA
6Thn8AOHIwPCkf2O4ZgfC2,Phosphorescent,Muchacho,Song for Zula,62,370200,False,0.486,0.623,4,-8.264,1,0.0358,0.734,0.536,0.0509,0.525,86.007,4,alt-rock,647545,2020-01-02 18:10,APAC
4WiiRw2PHMNQE0ad6y6GdD,The 1975,The 1975,Chocolate,67,224673,False,0.614,0.938,11,-4.461,1,0.0611,0.000532,0.0,0.368,0.607,100.058,4,alt-rock,609210,2020-01-02 18:11,APAC
50f6Sc85lbQgEaOfQm41Zr,Lauren Daigle,How Can It Be,Trust in You,66,211600,False,0.413,0.636,9,-5.651,1,0.0407,0.0186,0.0,0.106,0.203,176.048,4,alt-rock,596095,2020-01-02 18:12,EU
20I8RduZC2PWMWTDCZuuAN,Franz Ferdinand,Franz Ferdinand,Take Me Out,79,237026,False,0.277,0.663,4,-8.821,0,0.0377,0.000409,0.00051,0.136,0.527,104.561,4,alt-rock,472067,2020-01-02 18:13,APAC
5Xak5fmy089t0FYmh3VJiY,Pearl Jam,Ten,Black,74,342653,False,0.36,0.684,4,-6.457,0,0.0308,0.323,0.0,0.34,0.2,77.15,4,alt-rock,534983,2020-01-02 18:14,US
1L94M3KIu7QluZe63g64rv,Pearl Jam,Ten,Alive,76,340907,False,0.284,0.875,11,-6.069,0,0.0422,0.00752,0.000461,0.402,0.595,75.009,4,alt-rock,841520,2020-01-02 18:15,APAC
738SQjONa0q63yhLxvg3m1,Zayde Wølf,Modern Alchemy,Gladiator,61,188333,False,0.54,0.78,9,-5.872,1,0.0418,0.0263,7.12e-06,0.35,0.514,144.011,4,alt-rock,968543,2020-01-02 18:16,MENA
5d9RSSwDvlTyuwfmeafUah,Phil Wickham,Living Hope,Living Hope,55,327000,False,0.292,0.535,3,-6.892,1,0.0393,0.0355,0.0,0.0977,0.316,143.949,4,alt-rock,331049,2020-01-02 18:17,US
51TG9W3y9qyO8BY5RXKgnZ,Megadeth,Countdown To Extinction,Symphony Of Destruction,74,246733,False,0.61,0.891,4,-5.452,0,0.0587,0.000805,0.0928,0.0657,0.51,139.903,4,alt-rock,702526,2020-01-02 18:18,US
3QI2FbgxMG42vJjqNEHOP3,O Rappa,7 Vezes,Em busca do porrão - Versão 2,47,312280,True,0.652,0.57,5,-9.013,0,0.0259,0.638,0.00815,0.154,0.78,92.978,4,alt-rock,972793,2020-01-02 18:19,EU
5N23UhzMfAuCYjwhSbTQwH,Matt Redman,Sing Like Never Before: The Essential Collection,The Heart Of Worship,58,318120,False,0.507,0.28,3,-10.284,1,0.0282,0.775,0.000264,0.122,0.233,139.791,4,alt-rock,106825,2020-01-02 18:20,APAC
2NV0oNAYgjlN27SeNIo8bL,O Rappa,O Rappa - Acústico Oficina Francisco Brennand (Deluxe) [Ao Vivo],Na horda - Ao vivo,48,306961,False,0.581,0.857,7,-5.89,0,0.127,0.374,0.0462,0.96,0.697,140.885,4,alt-rock,806249,2020-01-02 18:21,APAC
1w68dw4EgQy5aUgpBuZQVj,Charlie Brown Jr.,Acústico (Ao Vivo),Quinta-Feira - Ao Vivo,47,317160,False,0.394,0.834,11,-6.658,1,0.0632,0.142,0.00107,0.919,0.834,147.975,4,alt-rock,547138,2020-01-02 18:22,LATAM
1pLQZ6MwbYaLqzJT3imTBU,Charly García,Parte De La Religion,Buscando un Símbolo de Paz,47,282840,False,0.687,0.926,5,-7.313,1,0.0548,0.0486,0.00174,0.162,0.58,115.753,4,alt-rock,970832,2020-01-02 18:23,EU
0YHRPEBjZrfg2LHpMObMZn,Catupecu Machu,Cuadros Dentro De Cuadros,Hechizos,47,279013,False,0.595,0.907,4,-6.206,0,0.0387,0.0138,0.0,0.13,0.427,97.469,4,alt-rock,620440,2020-01-02 18:24,US
7suq0FFag5QEiQnyihDAhu,Slank,Kampungan,Mawar Merah,48,275620,False,0.454,0.593,7,-9.665,1,0.0252,0.0385,0.000552,0.125,0.41,93.052,4,alt-rock,854322,2020-01-02 18:25,LATAM
019GjjVqU4lNg4QnZzRjUd,LCD Soundsystem,Maintain Your Mojo,Losing My Edge,0,470215,False,0.754,0.978,5,-5.989,0,0.0664,0.000321,0.453,0.348,0.89,116.169,4,alt-rock,249412,2020-01-02 18:26,MENA
7KaqcST5QdMTGPCKWW9ayv,Machine Head,Metal,Davidian,0,296626,False,0.276,0.937,7,-6.952,1,0.163,0.000531,0.123,0.227,0.306,153.814,3,alt-rock,227893,2020-01-02 18:27,EU
7pDUhxbAWlITdbP9JcjF5Q,Detonautas Roque Clube,Detonautas Acústico,Quando o sol se for,47,204133,False,0.543,0.736,2,-8.435,1,0.0382,0.128,0.0,0.837,0.605,171.897,4,alt-rock,933921,2020-01-02 18:28,US
2pcv1gReKGKTqg7YCWIXjp,Semisonic,Los Clásicos del Pop 90s,Closing Time,0,274160,False,0.478,0.854,7,-5.454,1,0.0289,0.02,1.12e-06,0.115,0.274,91.856,4,alt-rock,573813,2020-01-02 18:29,APAC
09T8jYEV0b1z6tqghjTBZO,Los Caballeros De La Quema,Fulanos de Nadie,Otro Jueves Cobarde,47,320946,False,0.532,0.511,7,-7.085,1,0.0363,0.674,2e-06,0.109,0.593,114.043,4,alt-rock,602507,2020-01-02 18:30,US
65P8KmStYrVUPlchXH2CH8,The Wallflowers,Fiesta temática 90s,One Headlight,0,316520,False,0.683,0.643,2,-7.425,1,0.0312,0.000576,0.00118,0.0564,0.771,107.027,4,alt-rock,252980,2020-01-02 18:31,MENA
3vGvMhuNgM3KVuwHEwZWwI,Los Hermanos,Los Hermanos Na Fundição Progresso - 09 De Junho De 2007,Anna Júlia - Ao Vivo,46,226546,False,0.233,0.948,3,-4.464,1,0.209,0.12,0.00261,0.984,0.444,146.753,4,alt-rock,304056,2020-01-02 18:32,MENA
3yz60wsJlg630mjAfU4qIv,Steve Earle,Good Times Country,Go Amanda,0,214720,False,0.326,0.716,10,-3.547,1,0.0306,0.00227,0.00171,0.123,0.648,143.148,4,alt-rock,836403,2020-01-02 18:33,US
44agmNQypTCFKc2dpVonDy,Los Estramboticos,!!Puro Macanazo!!,El Recuento de los Daños,47,271733,False,0.824,0.696,7,-6.716,1,0.0774,0.188,0.0,0.112,0.818,135.044,4,alt-rock,372995,2020-01-02 18:34,APAC
1naVNubDGnYRnlayKdz08s,White Zombie,Halloween Metal Nights,Thunder Kiss '65,1,234466,False,0.636,0.937,9,-3.94,1,0.044,0.00117,0.000223,0.54,0.395,112.641,4,alt-rock,625745,2020-01-02 18:35,APAC
6bzWr3EpSEolVwlbLk58il,Jane's Addiction,Maintain Your Mojo,Mountain Song,0,242720,False,0.218,0.932,9,-6.803,1,0.098,0.0155,0.0246,0.277,0.315,167.718,4,alt-rock,384880,2020-01-02 18:36,APAC
3DeJRsFwGGsX0TC6k4aEWm,Los Hermanos,Los Hermanos,Primavera,47,262040,False,0.339,0.624,8,-4.755,1,0.0313,0.421,1.36e-05,0.126,0.408,200.332,3,alt-rock,337104,2020-01-02 18:37,EU
5cUH0jGZStImc41LbHSjhA,Machine Head,Groove Metal Roots & Branches,Davidian,1,296626,False,0.276,0.937,7,-6.952,1,0.163,0.000531,0.123,0.227,,153.814,3,alt-rock,249418,2020-01-02 18:38,EU
36VJrVTuKwedxqftzsIXXU,Los Bunkers,La Culpa,Canción para mañana,47,195133,False,0.17,0.878,9,-3.934,1,0.0576,0.0215,1.76e-05,0.217,0.43,174.74,3,alt-rock,936638,2020-01-02 18:39,US
0u3knvc8GwzIss9x3AhRLp,Eels,Rock n Roll Christmas,Everything's Gonna Be Cool This Christmas,0,170949,False,0.393,0.893,3,-6.955,1,0.0605,0.00118,0.000278,0.135,0.756,156.326,4,alt-rock,946055,2020-01-02 18:40,EU
6E7Ix5jkd6uzfoxuvcI8Ww,Rend Collective;We The Kingdom,Santa's Christmas List,God Rest Ye Merry Gentlemen (Hallelujah),0,217120,False,0.607,0.884,2,-4.059,1,0.0489,0.023,0.0,0.226,0.555,139.988,4,alt-rock,203667,2020-01-02 18:41,US
6OsUmsYsq6FxzWdG6Wr89X,White Zombie,Halloween Spooky Party 2022,More Human Than Human,0,269693,True,0.659,0.961,6,-5.568,1,0.0829,0.000425,0.423,0.105,0.537,101.368,4,alt-rock,417925,2020-01-02 18:42,APAC
6n6zJJFmKJ1DoKq2eMCbEb,The Wallflowers,Hits Pop Rock 90's,One Headlight,0,316520,False,0.683,0.643,2,-7.425,1,0.0312,0.000576,0.00118,0.0564,0.771,107.027,4,alt-rock,607475,2020-01-02 18:43,LATAM
2WoE7vewC8tX2mopc3gVAH,Eels,Alternative Christmas 2022,Everything's Gonna Be Cool This Christmas,0,170949,False,0.393,0.893,3,-6.955,1,0.0605,0.00118,0.000278,0.135,0.756,156.326,4,alt-rock,444957,2020-01-02 18:44,US
4IAzk848l23vRjil53e0nK,Eels,Alternative Christmas 2022,Everything's Gonna Be Cool This Christmas,0,170949,False,0.393,0.893,3,-6.955,1,0.0605,0.00118,0.000278,0.135,0.756,156.326,4,alt-rock,748935,2020-01-02 18:45,EU
67HyrTkDWSI00qAhvyQFEW,LCD Soundsystem,All Out Alternative,Daft Punk Is Playing at My House,0,201720,False,0.922,0.839,7,-6.908,1,0.0502,0.0195,0.00049,0.0217,0.977,135.997,4,alt-rock,334206,2020-01-02 18:46,US
3W73vndiqDkaYwYjSMaSWu,Rend Collective,Santa's Christmas List,Ding Dong Merrily On High (The Celebration's Starting),0,117226,False,0.696,0.715,7,-7.741,1,0.0314,0.34,0.0,0.18,0.959,130.021,4,alt-rock,152963,2020-01-02 18:47,LATAM
7qzsvHOsaJdefeDwyZNGjY,Clutch,Groove Metal Roots & Branches,Texan Book of the Dead,0,174800,False,0.436,0.88,9,-8.547,1,0.0651,0.0154,0.0,0.205,0.683,112.012,4,alt-rock,403241,2020-01-02 18:48,APAC
6k9oA3gIxOIOFIUQCPaubQ,Eels,Christmas Rock 2022,Everything's Gonna Be Cool This Christmas,0,170949,False,0.393,0.893,3,-6.955,1,0.0605,0.00118,0.000278,0.135,0.756,156.326,4,alt-rock,638069,2020-01-02 18:49,US
4wjKsLqJqLYBzaEO7iD4Fp,White Zombie,Halloween Metal Nights,More Human Than Human,0,269693,True,0.659,0.961,6,-5.568,1,0.0829,0.000425,0.423,0.105,0.537,101.368,4,alt-rock,262574,2020-01-02 18:50,US
69UZ7jq0OEfymnk2mmXScI,White Zombie,Rock & Halloween,Thunder Kiss '65,0,234466,False,0.636,0.937,9,-3.94,1,0.044,0.00117,0.000223,0.54,0.395,112.641,4,alt-rock,834310,2020-01-02 18:51,LATAM
3vooOYHU0Fi3ViCG7Ozh0Y,The Neighbourhood,I Love You.,W.D.Y.W.F.M?,68,259413,False,0.557,0.845,8,-2.926,0,0.0346,0.0303,0.00851,0.354,0.508,123.997,4,alt-rock,111023,2020-01-02 18:52,EU
0QnONzv3TvHAWk294h6DaQ,Pearl Jam,Last Kiss,Last Kiss,71,195466,False,0.622,0.692,7,-6.97,1,0.0276,0.363,0.000158,0.193,0.774,112.053,4,alt-rock,160774,2020-01-02 18:53,US
2EtDBM1HREttw143IwZvJ0,The Score;blackbear,Pressure,Dreamin (with blackbear),59,198640,True,0.609,0.726,1,-3.947,0,0.108,0.00252,0.0,0.0745,,79.967,4,alt-rock,557952,2020-01-02 18:54,EU
35YyxFpE0ZTOoqFx5bADW8,Radiohead,In Rainbows,Nude,69,255386,False,0.516,0.342,4,-9.785,1,0.0342,0.832,0.579,0.0857,0.167,128.378,3,alt-rock,561018,2020-01-02 18:55,LATAM
551qy5vUgrUfEUc4dCNfht,Nirvana,MTV Unplugged In New York,Where Did You Sleep Last Night,69,306066,False,0.573,0.59,3,-8.43,1,0.0557,0.667,0.000397,0.691,,108.789,3,alt-rock,365395,2020-01-02 18:56,LATAM
4ePKbzLwkIBslceokt2iXZ,The Seige,I Am Defiant,I Am Defiant,60,248880,True,0.477,0.859,6,-3.649,1,0.264,0.0932,0.0,0.71,0.504,125.044,4,alt-rock,332701,2020-01-02 18:57,LATAM
7nnWIPM5hwE3DaUBkvOIpy,Incubus,Make Yourself,Drive,75,232453,False,0.645,0.792,4,-7.34,0,0.036,0.0562,0.0121,0.119,0.666,90.565,4,alt-rock,162830,2020-01-02 18:58,APAC
1OBNzxKB8SAi2LpVjeAp8y,A Rocket To The Moon,Wild & Free (Deluxe),Ever Enough,56,187293,False,0.356,0.625,1,-3.455,1,0.0317,0.219,0.0,0.107,0.293,165.902,4,alt-rock,696631,2020-01-02 18:59,US
7kzKAuUzOITUauHAhoMoxA,The Strokes,Is This It,Last Nite,74,193506,False,0.624,0.91,0,-5.703,1,0.0297,0.0285,0.000198,0.0789,0.767,104.042,4,alt-rock,441123,2020-01-02 19:00,MENA
6urCAbunOQI4bLhmGpX7iS,No Doubt,Tragic Kingdom,Don't Speak,77,263560,False,0.52,0.709,5,-7.125,0,0.0352,0.247,1.78e-05,0.18,,76.039,4,alt-rock,206809,2020-01-02 19:01,MENA
1sTsuZTdANkiFd7T34H3nb,The Killers,Day & Age (Bonus Tracks),Human,75,245373,False,0.557,0.8,10,-8.477,1,0.0601,0.00132,0.0012,0.0906,0.582,135.47,4,alt-rock,459854,2020-01-02 19:02,EU
6PwjJ58I4t7Mae9xfZ9l9v,The Killers,Hot Fuss,Somebody Told Me,78,197200,False,0.497,0.97,10,-4.851,0,0.0836,9.04e-05,0.000674,0.101,0.689,138.081,4,alt-rock,943345,2020-01-02 19:03,MENA
1Ic9pKxGSJGM0LKeqf6lGe,Nirvana,In Utero - 20th Anniversary Remaster,All Apologies,72,233173,False,0.446,0.632,1,-12.197,1,0.034,0.0793,0.000266,0.0881,0.359,113.176,4,alt-rock,335112,2020-01-02 19:04,EU
7AtcBzm8ywaQpifSqRdyPH,Lupa,Oi :),Oi :),46,159428,False,0.559,0.679,3,-8.993,1,0.0349,5.71e-05,0.555,0.12,0.587,139.998,4,alt-rock,905254,2020-01-02 19:05,US
6dNJ3lasVLPd0078T9yqlm,Wolfmother,Wolfmother,Joker And The Thief,64,279666,False,0.264,0.8,0,-2.427,1,0.0537,0.0195,0.00744,0.406,0.465,155.558,4,alt-rock,332868,2020-01-02 19:06,LATAM
5KnqauuLF6qyZA9RzfeKxG,Red Hot Chili Peppers,Return of the Dream Canteen,The Drummer,68,202888,False,0.536,0.894,9,-5.687,1,0.0479,0.00596,0.0168,0.118,0.784,174.899,4,alt-rock,267376,2020-01-02 19:07,EU
5w6B0sAH7XauCvMOAtplQj,Barns Courtney,The Attractions Of Youth,Fire,65,197520,False,0.548,0.64,10,-6.285,0,0.0306,0.21,0.000328,0.08,0.392,108.326,4,alt-rock,334577,2020-01-02 19:08,US
4Y4ldFPbe39m81tRLOcIWd,The Score,Metamorph,Head Up,59,169977,False,0.596,,9,-5.849,1,0.0557,0.00494,1.4e-05,0.138,0.269,144.871,4,alt-rock,390938,2020-01-02 19:09,EU
2jfk3m8nq5IvB35s2xIs1O,Skillet,Rise (Deluxe Edition),Not Gonna Die,66,225280,False,0.445,0.953,5,-2.463,0,0.0704,0.0106,0.0,0.281,0.475,172.063,4,alt-rock,208548,2020-01-02 19:10,LATAM
2VSbEXqs6NbNiZSTcHlIDR,Creed,Weathered,My Sacrifice,71,294600,False,0.32,0.88,2,-6.035,1,0.0504,0.000101,4.31e-06,0.076,0.257,146.349,4,alt-rock,628870,2020-01-02 19:11,MENA
56sk7jBpZV0CD31G9hEU3b,Three Days Grace,One-X,Animal I Have Become,74,231400,False,0.553,0.853,8,-3.668,1,0.0339,0.000684,0.0,0.126,0.506,122.023,4,alt-rock,400103,2020-01-02 19:12,MENA
4dmgrfGknhKKaozk5U3JXL,O Rappa;Maria Rita / 1134893,Acústico MTV,Rodo cotidiano (Participação especial Maria Rita) - Ao vivo acústico,47,376613,False,0.634,0.704,11,-8.5,0,0.17,0.647,7.57e-06,0.975,,114.751,4,alt-rock,746255,2020-01-02 19:13,US
0aQAxk0VUa03yons7PZjS1,Patricio Rey y sus Redonditos de Ricota,La Mosca y la Sopa,Blues de la Artillería,46,269800,False,0.67,0.62,11,-7.247,0,0.0274,0.045,0.00126,0.11,0.876,108.243,4,alt-rock,541890,2020-01-02 19:14,LATAM
0b0x5fdpSjvJ8LiYSPnWoF,Café Tacvba,Un Segundo MTV Unplugged,Las Batallas/Rarotonga - MTV Unplugged,46,326146,False,0.496,,9,-8.056,1,0.0459,0.013,0.0231,0.807,0.441,164.655,4,alt-rock,498389,2020-01-02 19:15,LATAM
7c6AxRHaO6nfzhOxLShc94,Patricio Rey y sus Redonditos de Ricota,Cordero Atado,Ladrón de Mi Cerebro,47,214053,False,0.566,0.784,9,-7.609,1,0.0294,0.0875,0.00792,0.115,0.572,109.851,4,alt-rock,523894,2020-01-02 19:16,LATAM
5QSe2vbcBasm02vr76vqg4,Virus,Locura,Pecados para Dos,47,236813,False,0.762,,0,-7.632,1,0.037,0.132,0.168,0.0566,0.345,128.181,4,alt-rock,240662,2020-01-02 19:17,APAC
3UvB63cZSpGUL3LvAj03dI,Caifanes,El Silencio,Piedra,46,276066,False,0.643,0.816,7,-8.535,1,0.0476,0.0357,7.28e-05,0.218,0.616,115.061,4,alt-rock,741591,2020-01-02 19:18,MENA
3gpgMfFAQDkVgcY1u76Ccx,Tan Bionica,Destinologia,Hola Noviembre,46,213760,False,0.649,0.835,0,-4.327,1,0.0307,0.107,0.0,0.221,0.525,120.068,4,alt-rock,193736,2020-01-02 19:19,LATAM
7objW5pQVFLJWwqRBAjOrv,Los Piojos,Azul,Agua,46,299933,False,0.47,0.67,7,-8.99,1,0.0337,0.0472,0.00782,0.151,0.375,105.058,4,alt-rock,749375,2020-01-02 19:20,EU
6P3phrVqOebNtYo1uEyRJY,Bombay Bicycle Club,Frühstücksmusik Herbst/Winter 2022/2023,Always Like This,0,245640,False,0.649,0.613,1,-6.698,1,0.0321,0.423,0.000754,0.0872,0.679,121.437,4,alt-rock,999787,2020-01-02 19:21,MENA
0WJa7QAYzg34rQ7iPXVTTS,Michael W. Smith,Santa's Christmas List,The Spirit Of Christmas - Medley,0,321773,False,0.282,0.478,9,-6.411,1,0.0322,0.835,0.186,0.166,0.127,122.705,4,alt-rock,787597,2020-01-02 19:22,MENA
4kl3TXOlj8JXMPtZXUmRXI,Fuel,Fiesta temática 90s,Sunburn,0,265573,False,0.501,0.795,4,-7.147,0,0.0298,0.00279,0.00028,0.105,0.544,93.556,4,alt-rock,509816,2020-01-02 19:23,US
0iUuCOGuE6aeHjX0GarFC9,Patricio Rey y sus Redonditos de Ricota,Un Baión para el Ojo Idiota,Todo Preso Es Político,46,348533,False,0.406,0.863,4,-4.943,1,0.036,0.00152,0.196,0.0996,0.685,149.8,4,alt-rock,383027,2020-01-02 19:24,LATAM
1SjK3fJFkEGuvGpwFvg3y9,Pato Fu,Ruido Rosa,Ando Meio Desligado,46,208973,False,0.618,0.661,5,-8.097,0,0.0356,0.0621,5.15e-06,0.363,0.614,143.129,4,alt-rock,885277,2020-01-02 19:25,MENA
1NhLJcFWLjrBax77kFft28,Las Pelotas,Máscaras de Sal,Capitán América,46,188000,False,0.617,0.789,11,-7.891,0,0.029,0.000185,0.000174,0.0909,0.934,125.006,4,alt-rock,331471,2020-01-02 19:26,LATAM
4DVU0z4zLAqPq2ShvB7Hl3,Panteon Rococo,Panteón Rococó,Que Pasará,47,240373,False,0.736,0.878,0,-5.185,1,0.0654,0.0263,0.0,0.112,0.833,160.078,4,alt-rock,534137,2020-01-02 19:27,LATAM
1MmzIqMP1y5AGIX20RZxDc,Fuel,Halloween Metal Nights,Won't Back Down,0,201426,False,0.465,0.883,8,-4.794,1,0.0504,0.000101,0.425,0.638,0.133,95.04,4,alt-rock,793785,2020-01-02 19:28,MENA
1up0F8kK6mgObzqWi9Myom,Steve Earle,Finest Country,Jerusalem,0,236186,False,0.445,0.776,2,-4.492,1,0.0346,0.00252,0.0074,0.0981,0.403,118.379,4,alt-rock,930120,2020-01-02 19:29,MENA
69s1IPlLiKxXcJtdZzafct,Type O Negative,Metal,I Don't Wanna Be Me,0,308826,False,0.473,0.977,8,-8.651,0,0.15,0.0243,0.604,0.0931,0.0449,100.552,4,alt-rock,928859,2020-01-02 19:30,LATAM
1rBivSsnwBbuC1UH9w9eCV,Enjambre,Daltónico,Ciencia De La Lluvia,47,232757,False,0.465,,2,-3.312,1,0.0624,0.0455,1.82e-05,0.0804,0.502,159.054,4,alt-rock,178983,2020-01-02 19:31,EU
3vq7aH5bBDHGg2szzHUdUw,Type O Negative,Post-Millennial Noise,I Don't Wanna Be Me,0,308826,False,0.473,0.977,8,-8.651,0,0.15,0.0243,0.604,0.0931,0.0449,100.552,4,alt-rock,908436,2020-01-02 19:32,LATAM
6CIwEZhbp17LhI8u8VvwyU,The Dandy Warhols,Alternative Christmas 2022,Little Drummer Boy,0,195640,False,0.424,0.815,9,-6.065,1,0.0382,0.0243,0.0,0.295,0.0785,108.709,4,alt-rock,202617,2020-01-02 19:33,APAC
0KQQimYTGg3Rc1bISoSuXl,No Te Va Gustar,Aunque Cueste Ver El Sol,Cielo De Un Solo Color,46,244093,False,0.603,0.715,9,-7.254,0,0.037,0.04,0.0,0.195,0.564,95.016,4,alt-rock,626027,2020-01-02 19:34,US
2Ai4eBBKTWgn9Mna9yzqeq,Estelares,Una Temporada en el Amor,Las Trémulas Canciones,46,277304,False,0.739,0.679,7,-4.918,1,0.0261,0.157,3.19e-06,0.0405,0.772,113.023,4,alt-rock,936668,2020-01-02 19:35,LATAM
1SmH3Jv3V73B8vPb3p0N3M,Los Piojos,Azul,El Balneario de los Doctores Crotos,46,244066,False,0.702,0.808,9,-6.272,1,0.137,0.0432,0.0,0.144,0.653,139.892,4,alt-rock,689324,2020-01-02 19:36,APAC
6kbpMfsWlfpB2zFTDUH92f,Serú Girán,Serú Girán (Remasterizado 2021),Eiti-Leda (Remasterizado 2021),46,418442,False,0.368,0.449,11,-9.764,1,0.0347,0.874,0.0869,0.178,0.286,107.983,4,alt-rock,952742,2020-01-02 19:37,EU
6IBJRIkJjFZAKNatEy8AU2,La 25,Asi Es el Rock And Roll,Mil Canciones,46,372091,False,0.568,0.851,7,-4.146,1,0.0327,0.025,0.0,0.0763,0.49,124.035,4,alt-rock,409900,2020-01-02 19:38,LATAM
2wNtuIBz7mqFJhSmmjSzWh,Los Gardelitos,Gardeliando,Nadie Cree en Mi Canción,46,222666,False,0.395,0.898,7,-6.836,1,0.0447,4.5e-05,5.74e-06,0.0644,0.853,168.086,4,alt-rock,383245,2020-01-02 19:39,APAC
0Qh7NOFNMZAd7TK2wlde99,Los Gardelitos,Sortilegio de Arrabal,Sortilegio de Arrabal (En Vivo),46,211761,False,0.434,0.887,9,-9.693,0,0.102,0.00307,0.0,0.381,0.531,169.975,4,alt-rock,393593,2020-01-02 19:40,US
0SRPuTnr5QOKRoIxMvvlgK,Dominic Fike,What Could Possibly Go Wrong,Vampire,64,186050,False,0.787,0.735,0,-4.808,0,0.0857,0.331,4.09e-05,0.113,0.698,97.957,4,alt-rock,419648,2020-01-02 19:41,LATAM
6HguG9HRb1Ke1bhihfE4m8,The 1975,A Brief Inquiry Into Online Relationships,Sincerity Is Scary,66,225955,False,0.664,0.524,2,-5.178,1,0.0283,0.0495,8.18e-06,0.075,0.475,91.027,4,alt-rock,714524,2020-01-02 19:42,APAC
4IiuExPFijOGZnVxGsKWcc,The White Stripes;The Glitch Mob,Seven Nation Army (The Glitch Mob Remix),Seven Nation Army - The Glitch Mob Remix,65,257021,False,0.701,,4,-6.629,1,0.133,0.152,0.626,0.194,0.198,120.04,4,alt-rock,507204,2020-01-02 19:43,EU
1FHNctV68GUNLgXclG2DtR,Toploader,Dancing In The Moonlight: The Best Of Toploader,Dancing in the Moonlight,67,233373,False,0.639,0.845,0,-3.333,0,0.0372,0.0528,0.0,0.336,0.871,119.48,4,alt-rock,763685,2020-01-02 19:44,APAC
79vEv8zqy9tLYsTxxkXHXq,The 1975,Part Of The Band,Part Of The Band,67,260148,False,0.717,0.51,6,-8.225,1,0.0462,0.755,0.105,0.25,0.831,142.01,4,alt-rock,474545,2020-01-02 19:45,US
7AOdyU64RafmvJUL4WMotN,X Ambassadors;Erich Lee,Me Before You (Original Motion Picture Soundtrack),Unsteady - Erich Lee Gravity Remix,64,204586,False,0.345,0.574,2,-7.431,1,0.0435,0.0112,1.61e-05,0.343,0.0736,116.679,4,alt-rock,376952,2020-01-02 19:46,US
5awDvzxWfd53SSrsRZ8pXO,Rammstein,Sehnsucht,Du hast,75,234226,False,0.64,0.922,9,-6.283,0,0.0385,0.00369,0.055,0.332,0.716,125.105,4,alt-rock,271040,2020-01-02 19:47,APAC
5UYYQuk6SjY3S892UuLXE3,Zayde Wølf,Rare Breed,Heroes,59,222413,False,0.516,0.714,5,-4.529,0,0.0391,0.257,0.0,0.0683,0.312,86.926,4,alt-rock,595951,2020-01-02 19:48,EU
6h3lMAmmpQDFqoHk9F99IR,Bea Miller,aurora,S.L.U.T.,67,179146,False,,0.773,5,-4.378,0,0.0792,0.0598,0.0,0.179,0.724,94.997,4,alt-rock,908536,2020-01-02 19:49,EU
3N1McBmL4FxqiHSfKAB413,Future Royalty,The Best,The Best,55,226478,False,0.578,0.861,10,-6.043,1,0.0995,0.0328,0.019,0.103,0.575,142.032,4,alt-rock,873068,2020-01-02 19:50,LATAM
37mfTcSlX60JtAvAETytGs,I DONT KNOW HOW BUT THEY FOUND ME,Choke,Choke,71,195717,False,0.516,0.85,4,-3.909,0,0.0706,0.00139,0.0,0.296,0.583,120.324,4,alt-rock,327976,2020-01-02 19:51,MENA
7clyJIrLkEbXUDwj1tC9zz,grandson,a modern tragedy vol. 1,Blood // Water,70,214520,False,0.504,,6,-5.632,0,0.137,0.00163,0.00199,0.148,0.628,153.988,4,alt-rock,529870,2020-01-02 19:52,EU
0HoxJw3Gt3w4psA1cC3Yn7,Adam Jensen,The Hunter,The Hunter,59,210972,False,0.527,0.762,4,-3.36,0,0.0778,0.222,0.000283,0.0765,0.564,82.464,4,alt-rock,734744,2020-01-02 19:53,APAC
57Xjny5yNzAcsxnusKmAfA,The Strokes,Room On Fire,Reptilia,75,219826,False,0.489,0.649,9,-5.11,1,0.0336,0.000603,0.713,0.101,0.77,158.009,4,alt-rock,651181,2020-01-02 19:54,EU
5pRElcsPZrgZXkoON2o5Go,Skillet,Comatose,Comatose,67,230426,False,0.359,0.955,4,-2.323,0,0.12,0.00116,0.0,0.349,0.446,170.033,4,alt-rock,160440,2020-01-02 19:55,LATAM
5Rizj5FLb2AyNKu9esjYY6,Nirvana,In Utero - 20th Anniversary - Deluxe Edition,Rape Me,71,170000,False,0.42,0.746,8,-10.628,1,0.0467,0.0141,0.0,0.0661,0.229,111.886,4,alt-rock,631951,2020-01-02 19:56,LATAM
1RTYixE1DD3g3upEpmCJpa,Black Veil Brides,Wretched and Divine: The Story Of The Wild Ones,In The End,71,228280,False,0.442,0.939,8,-4.18,1,0.0941,0.000183,0.00589,0.0857,0.27,140.021,4,alt-rock,134876,2020-01-02 19:57,LATAM
06WUUNf7q18NZfjIsQFsfa,Slayer,Repentless,Delusions of Saviour,73,115413,False,0.223,0.805,8,-8.969,1,0.037,0.000179,0.814,0.0849,0.25,168.165,4,alt-rock,204849,2020-01-02 19:58,EU
6gYx4SBZz99Lwn6V5iDll9,Porcupine Tree,Deadwing,Arriving Somewhere But Not Here,51,722200,False,0.377,0.789,2,-5.032,0,0.0504,0.016,0.705,0.245,0.048,159.965,4,alt-rock,688356,2020-01-02 19:59,APAC
13DqxJiOQYYbgcFVhd8Rtk,Birileri,...aynı yer,...aynı yer,46,213033,False,0.635,0.414,11,-10.369,0,0.0322,0.165,2.13e-05,0.229,0.692,88.978,4,alt-rock,192292,2020-01-02 20:00,US
4EchqUKQ3qAQuRNKmeIpnf,The Offspring,Americana,The Kids Aren't Alright,81,180160,False,0.523,,1,-4.203,1,0.0337,0.00704,3.81e-05,0.0579,,99.607,4,alt-rock,405113,2020-01-02 20:01,APAC
1Kff9M64hU5w2sC8RpxT51,Los Caligaris,Canciones para Armar,Olvidar,46,297034,False,0.716,0.712,4,-8.641,1,0.0305,0.0374,0.000215,0.121,0.872,141.93,4,alt-rock,629583,2020-01-02 20:02,APAC
3FdszHMbgPXCYxDYhW5B0N,La Portuaria,Hasta Despertar,Perfidia,46,227558,False,0.658,0.701,2,-8.088,1,0.023,0.182,0.035,0.104,,98.024,4,alt-rock,689912,2020-01-02 20:03,LATAM
6UzKahpnjdqdFga5RAvBFn,Las Pastillas del Abuelo,Por Colectora,La Casada,46,289459,False,0.499,0.875,5,-5.626,1,0.0476,0.58,1.35e-06,0.109,0.886,110.027,4,alt-rock,501157,2020-01-02 20:04,US
2XdGsYBDQYXjgdixMdn7w2,Matt Redman;Chris Tomlin,Slow Christmas Songs 2022,Angels (Singing Gloria),0,316920,False,0.424,0.239,3,-10.601,1,0.0309,0.658,1.73e-05,0.0951,0.0697,141.88,4,alt-rock,184618,2020-01-02 20:05,APAC
0zpEpdoYYyhBEwgfsxqVVe,Patricio Rey y sus Redonditos de Ricota,Cordero Atado,Perdiendo el Tiempo,46,232240,False,0.632,0.85,11,-7.382,0,0.0444,0.00459,0.0022,0.126,0.663,137.13,4,alt-rock,819193,2020-01-02 20:06,MENA
3UEs83vjOBXpzGUzCozijk,No Te Va Gustar,Este Fuerte Viento Que Sopla,La Única Voz,46,321133,False,0.605,0.727,7,-4.831,0,0.096,0.0936,0.000156,0.0526,0.865,164.828,4,alt-rock,954865,2020-01-02 20:07,MENA
6ZV5I5GntRTLOSNvSHQ1ia,Jóvenes Pordioseros,Pánico,Lobo,46,162360,False,0.627,0.919,2,-5.635,1,0.0529,0.0582,0.0,0.179,0.909,139.95,4,alt-rock,899847,2020-01-02 20:08,MENA
5Z5nDrUm4et2SBtLDKnF38,Michael W. Smith;Lady Antebellum,Santa's Christmas List,White Christmas,0,229106,False,,0.552,8,-6.654,1,0.0357,0.465,1.18e-06,0.102,0.35,126.622,4,alt-rock,773662,2020-01-02 20:09,US
2h3wkxedVtAkQ8a6rl5N8t,Siouxsie and the Banshees,Spooky Scary Season,Spellbound,0,197106,False,,0.931,7,-6.348,1,0.0449,0.016,0.0,0.0772,0.295,148.813,4,alt-rock,461996,2020-01-02 20:10,LATAM
7IWbx6SKa1HzTdw9wuxUfc,Michael W. Smith,Santa's Christmas List,Happy Holiday / Holiday Season - Medley,0,186760,False,0.339,0.67,5,-4.587,1,0.0405,0.511,0.0,0.208,0.494,147.844,4,alt-rock,888639,2020-01-02 20:11,US
4l4wZSPLrRwtIsvlq5JlG1,Los Hermanos,Ventura,Além do Que Se Vê,46,230746,False,0.718,0.498,8,-7.171,0,0.031,0.286,0.000326,0.157,0.767,138.111,4,alt-rock,539357,2020-01-02 20:12,MENA
20n9GjrKJBmN7nMEb21cxc,El Cuarteto De Nos,Jueves,Que Empiece el Juego,46,236706,False,0.735,0.723,9,-6.032,0,0.0725,0.0128,0.0,0.0539,,119.938,4,alt-rock,222823,2020-01-02 20:13,MENA
6TeJ52WYcJT92bO95BY17u,Siouxsie and the Banshees,Halloween Scary Party,Halloween,0,221466,False,0.223,0.91,7,-7.097,1,0.08,0.0116,0.000518,0.212,0.364,171.75,4,alt-rock,865491,2020-01-02 20:14,MENA
0VALO2mJCnpzv8OSHlMlSq,La Verbena Popular,El Tercer Viento Norestense,Hiereme,46,241986,False,0.746,0.805,0,-4.141,1,0.0342,0.307,0.0,0.254,0.912,145.899,4,alt-rock,388144,2020-01-02 20:15,EU
26cV1OvQgnLdM1HTVj8ZMs,Siouxsie and the Banshees,Anthems for Witches 2022,Spellbound,0,197106,False,0.412,0.931,7,-6.348,1,0.0449,0.016,0.0,0.0772,0.295,148.813,4,alt-rock,944830,2020-01-02 20:16,US
1OFXvxW4urYCAh0hoW3FGn,Celso Piña,Cumbia x siempre,Dile,0,245626,False,0.725,0.402,1,-9.294,0,0.0428,0.734,0.0,0.129,0.865,86.078,4,alt-rock,431509,2020-01-02 20:17,APAC
2drouoeVvVzz5cRfe9VK8W,Siouxsie and the Banshees,Halloween Songs | Witches Hour,Halloween,1,221466,False,0.223,0.91,7,-7.097,1,0.08,0.0116,0.000518,0.212,0.364,171.75,4,alt-rock,882454,2020-01-02 20:18,APAC
2u65iUSn9AerEa26a4HBPD,Siouxsie and the Banshees,Rock & Halloween,Halloween,2,221466,False,0.223,0.91,7,-7.097,1,0.08,0.0116,0.000518,0.212,0.364,171.75,4,alt-rock,583454,2020-01-02 20:19,US
0nIr30RF5GZRmJWp8IBLpC,Los Caligaris,Circología,Bolso Gris,46,202000,False,0.686,0.72,5,-4.771,1,0.0252,0.0347,0.0,0.16,0.771,97.978,4,alt-rock,520654,2020-01-02 20:20,EU
0ufcuftmmSD0iWt75nn9Oy,Siouxsie and the Banshees,Anthems for Witches 2022,Halloween,0,221466,False,0.223,0.91,7,-7.097,1,0.08,0.0116,0.000518,0.212,0.364,171.75,4,alt-rock,367181,2020-01-02 20:21,EU
2lKHhxzlYDf4m73LcohpWF,Estelares,El Costado Izquierdo,Rimbaud,46,229865,False,0.647,0.737,4,-5.609,0,0.0312,0.00113,7.53e-06,0.193,0.608,139.95,4,alt-rock,852131,2020-01-02 20:22,APAC
5auwSKx96QcROy6CTGnHIl,Panteon Rococo,XX Años (En Vivo),Esta Noche - En Vivo,46,236026,False,0.387,0.953,0,-9.177,1,0.158,0.00155,0.000117,0.859,0.167,101.749,4,alt-rock,154567,2020-01-02 20:23,LATAM
0E3GkSUYpQCjwP8XDB5g5r,Siouxsie and the Banshees,Happy Haunted Halloween Tunes,Halloween,1,221466,False,0.223,0.91,7,-7.097,1,0.08,0.0116,0.000518,0.212,0.364,171.75,4,alt-rock,521985,2020-01-02 20:24,LATAM
5y0ig04lDdVHdeHj70dPea,Enjambre,Imperfecto Extraño,Y La Esperanza,46,222306,False,0.521,0.642,4,-8.572,0,0.0308,0.222,0.826,0.227,0.358,114.026,4,alt-rock,431990,2020-01-02 20:25,MENA
5Yi46NJu0JsXrys19xAaBC,Los Gardelitos,Gardeliando,Cobarde para Amar,46,262160,False,0.546,0.729,7,-7.11,1,0.0376,0.000665,0.0,0.146,0.722,119.239,4,alt-rock,589051,2020-01-02 20:26,EU
6bs88I4enbCiWZIeD5QQ5E,Enjambre,Daltónico,Eliza Mi Hortaliza,46,237475,False,0.365,0.851,11,-3.512,1,0.0474,0.269,1.15e-05,0.0805,0.481,193.04,4,alt-rock,329094,2020-01-02 20:27,APAC
1t10J4iBw22LChkLGh6qMV,Luis Alberto Spinetta,Rock x siempre,Rezo Por Vos,0,210773,False,0.609,0.824,0,-8.383,1,0.0377,0.0782,0.0584,0.539,0.435,118.534,4,alt-rock,698132,2020-01-02 20:28,US
6BttoLTTDMUFbbcFNQw121,Enjambre,Proaño,Rosa Náutica (Del Piso),46,235586,False,0.476,0.849,4,-6.357,0,0.0411,0.00489,0.589,0.157,0.136,132.65,4,alt-rock,447328,2020-01-02 20:29,MENA
1oEVFAAHzA8xPbPoaJB3bf,Los Auténticos Decadentes;Fernando Ruiz Diaz,En Vivo en el Palacio de los Deportes - 25 Aniversario,Un Osito de Peluche de Taiwán (feat. Fernando Ruiz Díaz) - Vivo en el Palacio de los Deportes,46,315425,False,0.364,0.873,2,-5.894,1,0.0455,0.174,0.0,0.939,0.235,98.146,4,alt-rock,269317,2020-01-02 20:30,MENA
5nQvUs9YQeg3vshSzydlRw,Foreign Air,Free Animal,Free Animal,57,180213,False,0.577,0.583,5,-7.257,0,0.0433,0.0904,0.0,0.0937,0.406,80.002,4,alt-rock,277263,2020-01-02 20:31,LATAM
6gi7qsHSH2JWZsTRHndxqm,grandson;Jessie Reyez,Rain (from The Suicide Squad),Rain (from The Suicide Squad),63,236040,False,0.483,0.643,10,-6.872,0,0.0404,0.0135,7.04e-05,0.361,0.219,125.938,4,alt-rock,726854,2020-01-02 20:32,US
6lvJDlBrtabJWiBlMTGxKs,Blonde Redhead,Melody of Certain Damaged Lemons,For the Damaged Coda,60,157000,False,0.5,0.47,0,-9.995,0,0.0395,0.798,0.88,0.0899,0.0766,141.454,4,alt-rock,335706,2020-01-02 20:33,US
5YCPqMoXNlPeUJ9fm1dlz3,The Neighbourhood;Young Saab,Sweater Weather (Young Saab Remix),Sweater Weather - Young Saab Remix,61,267270,False,0.583,0.954,7,-4.179,0,0.0788,0.000553,0.243,0.414,0.421,124.029,4,alt-rock,376527,2020-01-02 20:34,EU
1BSAmxkrz2H8v5kpTfAT6v,Bea Miller,chapter two: red,like that,55,185440,False,0.426,0.445,6,-5.776,0,0.169,0.183,0.0,0.661,0.347,56.966,4,alt-rock,664256,2020-01-02 20:35,MENA
1BLOVHYYlH4JUHQGcpt75R,The Strokes,The New Abnormal,Ode To The Mets,67,351786,False,,0.617,1,-5.423,0,0.0289,0.341,0.181,0.101,0.201,92.002,4,alt-rock,396805,2020-01-02 20:36,EU
0RmUjJteEkkF5kKdhEfwNe,Zayde Wølf,Golden Age,Hustler,56,194771,False,0.575,0.857,11,-4.288,1,0.0456,0.0393,0.0,0.0919,0.888,81.999,4,alt-rock,449338,2020-01-02 20:37,LATAM
0QQIhT6PtJ5glyn4HKNKQ6,KALEO,A/B,All the Pretty Girls,70,269893,False,0.466,,1,-6.606,1,0.0302,0.626,6.22e-06,0.117,0.352,74.747,4,alt-rock,320030,2020-01-02 20:38,LATAM
56nQ0EwaDX0X1TFGrDVC0b,Palaye Royale,Fever Dream,Fever Dream,62,306212,False,0.326,0.894,1,-4.972,0,0.0643,0.000984,0.0,0.363,0.164,129.43,4,alt-rock,410844,2020-01-02 20:39,APAC
2Zi27tBhXnDQTz3porgaiw,3 Doors Down,Seventeen Days,Here Without You - Acoustic Version,64,232013,False,0.551,0.574,10,-6.265,0,0.0263,0.0203,0.0,0.186,,143.734,4,alt-rock,723500,2020-01-02 20:40,MENA
1LomCMl5wD3MPVlC6smUHe,Wolf Alice,Visions Of A Life,Don’t Delete The Kisses,65,275226,False,0.604,0.789,5,-6.259,1,0.0273,0.0011,0.828,0.368,0.348,122.032,4,alt-rock,580514,2020-01-02 20:41,LATAM
7BCxIjRsqbc9Yiy2haBCIK,Red Hot Chili Peppers,Return of the Dream Canteen,Tippa My Tongue,66,260808,False,0.573,0.913,5,-6.52,0,0.0409,0.00861,0.0273,0.114,0.795,88.418,4,alt-rock,997779,2020-01-02 20:42,APAC
6LgJvl0Xdtc73RJ1mmpotq,Radiohead,OK Computer,Paranoid Android,70,387213,False,0.251,0.848,5,-6.501,1,0.0579,0.0377,0.00591,0.0545,0.207,163.709,4,alt-rock,794673,2020-01-02 20:43,LATAM
027qrQMWGsHo13amwdaBkI,The Score,Carry On,Can You Hear Me Now,54,194235,False,0.596,0.781,5,-6.493,0,0.0408,0.0131,0.00123,0.178,0.155,143.936,4,alt-rock,115148,2020-01-02 20:44,LATAM
5OQsiBsky2k2kDKy2bX2eT,Foo Fighters,There Is Nothing Left To Lose,Learn to Fly,77,235293,False,0.465,0.919,4,-4.025,1,0.0408,1.83e-05,2.07e-05,0.262,0.537,135.997,4,alt-rock,440980,2020-01-02 20:45,EU
5i9YJPhJo1RrWHKjkbkgmk,Büyük Ev Ablukada,FIRTINAYT,BENİM KAFAM SİKTİRMİŞ GİTMİŞ,45,117460,True,0.761,0.652,11,-10.534,0,0.236,0.0632,0.0,0.104,0.847,125.018,4,alt-rock,360865,2020-01-02 20:46,US
2iatXu415rxIRAQJ9dXWi5,Porcupine Tree,In Absentia (Deluxe - Remastered),Trains - Remastered,56,360323,False,0.453,0.581,9,-12.713,0,0.0336,0.0256,0.0236,0.154,0.213,174.203,4,alt-rock,628766,2020-01-02 20:47,LATAM
3K2JogTLIIthEsUp1bgPFS,Ciro y los Persas,Naranja Persa 2,Por Cel,45,292480,False,0.721,0.776,3,-5.487,1,0.0395,0.323,2.39e-06,0.0382,0.815,105.01,4,alt-rock,339091,2020-01-02 20:48,EU
7326NRPSE29jliGTzaRku7,Conociendo Rusia,Conociendo Rusia,Cicatriz,45,244012,False,0.555,0.606,0,-7.591,1,0.0293,0.181,3.86e-05,0.112,0.483,151.916,4,alt-rock,969581,2020-01-02 20:49,US
584A0PrNqDNS5pMmCaCgOm,Os Paralamas Do Sucesso,Bora Bora,Uns Dias,45,244800,False,0.626,0.702,7,-8.525,1,0.0279,0.00274,0.000166,0.214,0.6,139.506,4,alt-rock,369438,2020-01-02 20:50,LATAM
4gBNgq0v7fG5kGC857Pb8M,Birileri,Pür Akustik,Aşık Olmamam Gerek - Canlı Akustik,45,211700,False,0.516,0.733,4,-10.627,0,0.0376,0.352,0.0,0.29,0.657,90.563,4,alt-rock,569781,2020-01-02 20:51,LATAM
7rVJVRNCAJkoQ2ta6E9fY2,NX Zero,Em Comum,Hoje O Céu Abriu,46,230773,False,0.56,0.918,6,-3.38,1,0.0344,0.1,1.07e-06,0.115,0.595,101.919,4,alt-rock,210620,2020-01-02 20:52,MENA
3QFehvGrS4MmrAWW5Hqw3f,Los Tipitos,Tipitorex,Silencio - En Vivo,45,302800,False,0.601,0.765,4,-8.744,0,0.0291,0.217,0.000219,0.967,0.599,113.538,4,alt-rock,918816,2020-01-02 20:53,MENA
2d4OxzOWcVWtACFsILP7Zj,Babasónicos,Infame,Estertor,46,183092,False,0.425,0.692,11,-6.699,0,0.0322,0.435,0.0124,0.356,0.494,155.582,4,alt-rock,920664,2020-01-02 20:54,APAC
3ywytFNiWrmc59LKpGP6NY,Patricio Rey y sus Redonditos de Ricota,Cordero Atado,El Arte del Buen Comer,46,276440,False,0.682,0.704,4,-8.286,0,0.0298,0.0205,5.66e-05,0.146,0.298,105.889,4,alt-rock,814304,2020-01-02 20:55,EU
04Opv95YdaTL2OU4tooVyQ,Efek Rumah Kaca,Kamar Gelap,Balerina,46,242608,False,0.45,0.826,7,-4.719,1,0.0367,0.0218,3.65e-05,0.193,0.666,130.062,4,alt-rock,416465,2020-01-02 20:56,LATAM
7vP1ftuN13Tq2j9gVlEm1l,Los Caligaris;Pedro Fernández,Vivir Así Es Morir de Amor,Vivir Así Es Morir de Amor,45,195406,False,0.704,0.739,11,-6.015,0,0.0588,0.25,0.0,0.0144,0.809,109.992,4,alt-rock,152846,2020-01-02 20:57,APAC
2C6fzRAlaWOhKCOsn5a0Nk,La Franela,Después de Ver,Lo Que Me Mata,45,227944,False,0.664,0.811,9,-4.925,0,0.0287,0.0617,0.0,0.117,0.722,138.992,4,alt-rock,739868,2020-01-02 20:58,LATAM
7tajVL3uCWa2D9xfGgDHMn,No Te Va Gustar;Draco Rosa,Otras Canciones,Poco,45,250535,False,0.532,0.747,0,-8.247,1,0.0406,0.177,0.000233,0.816,0.659,134.056,4,alt-rock,486188,2020-01-02 20:59,LATAM
3ltkObuXJYfkdcbNQsTvqM,Bersuit Vergarabat,La Argentinidad Al Palo,Porno Star,45,232533,False,0.612,0.89,2,-4.827,1,0.0377,0.0167,7.1e-06,0.0689,0.712,95.029,4,alt-rock,991336,2020-01-02 21:00,LATAM
4ddGbSuvryKgVIIBjBqGHo,Soda Stereo,Dynamo (Remastered),Camaleón - Remasterizado 2007,46,281480,False,0.374,0.92,8,-7.561,1,0.0478,8.92e-05,0.491,0.0864,0.55,195.93,4,alt-rock,728485,2020-01-02 21:01,LATAM
6XqVKktG8x1CdAzYgXAa0o,Las Pastillas del Abuelo,Crisis,Me Juego el Corazón?,45,215946,False,0.665,0.826,6,-5.207,0,0.041,0.195,0.0,0.104,0.918,116.009,4,alt-rock,584770,2020-01-02 21:02,LATAM
5ijySEvA18lrJVfCfG9EHm,Patricio Rey y sus Redonditos de Ricota,Lobo Suelto,Buenas Noticias,45,223733,False,0.595,0.761,2,-8.677,0,0.0272,0.226,0.000157,0.586,0.791,84.993,4,alt-rock,988039,2020-01-02 21:03,EU
5w9oSZxNUp3nIkrvZsdPJ1,The Screaming Jets,Hits & Pieces,Helping Hand - Remastered,45,286733,False,0.472,0.715,8,-6.038,0,0.0405,0.000993,9.39e-05,0.342,0.536,133.311,4,alt-rock,820422,2020-01-02 21:04,LATAM
68gi1yEZqkzKJPiUeZe8bI,Los Estramboticos,Lágrimas y Risas,Oír Tu Voz,46,214946,False,0.711,0.907,9,-3.267,1,0.0355,0.0611,0.000337,0.111,0.922,94.993,4,alt-rock,512538,2020-01-02 21:05,US
4gb0u3m6CgWufipNiXx8ij,La Vela Puerca,20 Años: Festejar para Sobrevivir - en Vivo,Para No Verme Más - En Vivo,45,279995,False,0.513,0.584,0,-8.089,1,0.0343,0.597,2.4e-05,0.81,0.195,130.829,4,alt-rock,116968,2020-01-02 21:06,APAC
7jZohYbYAs1Pdl3i2u2c4J,Pato Fu,Televisão de Cachorro,Canção Pra Você Viver Mais,45,324066,False,0.631,0.647,2,-6.433,1,0.0418,0.0316,0.0079,0.0946,0.762,164.191,4,alt-rock,183506,2020-01-02 21:07,MENA
4dUBeg6zboC0lTUS7TKXfs,Siouxsie and the Banshees,Halloween Hits,Spellbound,0,197106,False,0.412,0.931,7,12.622,1,0.0449,0.016,0.0,0.0772,0.295,398.508,4,alt-rock,499345,2020-01-02 21:08,LATAM
5PvFiy6gfcrs6n4ki8vFqS,Mastodon,Metal,Teardrinker,0,320507,False,0.457,0.979,5,-3.836,1,0.0485,9.8e-06,0.119,0.123,0.227,127.006,4,alt-rock,605807,2020-01-02 21:09,US
7b3OfGX7LuIyTBk6FMdagF,Mastodon,Metal Lives!,Teardrinker,0,320507,False,0.457,0.979,5,-3.836,1,0.0485,9.8e-06,0.119,0.123,0.227,127.006,4,alt-rock,127136,2020-01-02 21:10,MENA
0vGAY9aloPKORe0R0KlfGv,Siouxsie and the Banshees,Helloween Party,Spellbound,0,197106,False,0.412,0.931,7,-6.348,1,0.0449,0.016,0.0,0.0772,0.295,148.813,4,alt-rock,213907,2020-01-02 21:11,APAC
4KuCdksNtIbdPVRfJGHrUX,La 25,Mundo Perfecto,Chica Suburbana,45,152533,False,0.497,0.924,1,-3.915,0,0.105,0.115,0.0,0.197,0.962,175.509,3,alt-rock,733864,2020-01-02 21:12,LATAM
7f2Rpazz6GxPwKKGcTK3LA,Panteon Rococo;Santa Fe Klan,Ofrenda,Hasta Que Te Conocí,46,322533,False,0.482,0.684,11,-4.117,0,0.0468,0.182,0.0,0.0776,0.328,104.724,4,alt-rock,776366,2020-01-02 21:13,EU
5cUJtPvqRfXRAj9yQR8iRJ,Enjambre,Enjambre Y Los Huéspedes Del Orbe,Falacia,46,161666,False,0.388,0.793,0,-4.144,1,0.058,0.004,0.00316,0.0728,0.541,157.797,4,alt-rock,126830,2020-01-02 21:14,EU
4HTnxtdlQv00Nsw5PrsCnt,La 25,Mundo Perfecto,Escombro En La Ciudad,45,246400,False,0.58,0.781,9,-5.311,0,0.104,0.372,0.0,0.148,0.902,190.073,4,alt-rock,556908,2020-01-02 21:15,US
6F5aVSame3xjIbO4bhzTsM,Juan Ingaramo,Summer Pack,Por Amarte,46,236890,False,0.703,0.813,7,-5.546,1,0.054,0.33,8.31e-06,0.0782,0.79,140.01,4,alt-rock,172876,2020-01-02 21:16,US
26wc2F3aJGvc5SJgKt7Xt8,Panteon Rococo,Ofrenda,Te Vas a Acordar de Mí,45,193173,False,0.71,0.808,9,-3.634,1,0.0686,0.0198,1.85e-06,0.056,0.685,141.032,4,alt-rock,751087,2020-01-02 21:17,APAC
5kW4weQet1sxEKE9wJngDJ,Mastodon,Top of the Rock,Teardrinker,0,320507,False,0.457,0.979,5,-3.836,1,0.0485,9.8e-06,0.119,0.123,0.227,127.006,4,alt-rock,850665,2020-01-02 21:18,LATAM
1TD7UJAz4DyR3GuAgju5zU,Los Gardelitos,Oxigeno,Mezclas Raras,45,195266,False,0.645,0.764,9,-5.467,0,0.0378,0.00172,0.0,0.517,0.66,119.921,4,alt-rock,882424,2020-01-02 21:19,MENA
38kjFXYgPvtuXCPbHPMGte,The Neighbourhood,Wiped Out!,Prey,67,282640,False,0.517,0.779,9,-5.005,0,0.0477,0.0258,0.0,0.0622,0.197,115.206,4,alt-rock,638356,2020-01-02 21:20,LATAM
51c94ac31swyDQj9B3Lzs3,Deftones,White Pony,Change (In the House of Flies),77,299533,False,0.269,0.853,7,-4.647,0,0.0854,0.000249,0.000246,0.118,0.179,141.581,4,alt-rock,666052,2020-01-02 21:21,MENA
3YuaBvuZqcwN3CEAyyoaei,Audioslave,Audioslave,Like a Stone,78,293960,False,0.614,0.568,7,-5.477,0,0.0276,0.00797,0.0,0.0997,0.516,107.849,4,alt-rock,933930,2020-01-02 21:22,LATAM
2rtGaCAeYtmcIvuZsvgTf6,Radiohead,Kid A,How to Disappear Completely,67,356333,False,0.167,0.302,6,-11.644,0,0.0345,0.316,0.797,0.11,0.19,102.026,4,alt-rock,651194,2020-01-02 21:23,US
5FZxsHWIvUsmSK1IAvm2pp,Foo Fighters,In Your Honor,Best of You,76,255626,False,0.366,0.94,1,-5.119,0,0.0696,0.000769,9.42e-05,0.188,0.369,130.198,4,alt-rock,501646,2020-01-02 21:24,APAC
4zIJHigfguvdm3O8c9KPeo,The Score,ATLAS,Who I Am,55,215746,False,,0.689,8,-5.207,0,0.0335,0.0113,0.0,0.15,0.647,80.041,4,alt-rock,779112,2020-01-02 21:25,LATAM
2F0V2ZtysDji16KdnRYnno,Adam Jensen,Street Fight,Street Fight,62,191180,False,0.716,0.738,1,-6.347,1,0.0406,0.0018,0.00676,0.113,0.349,129.04,4,alt-rock,631754,2020-01-02 21:26,US
7r9kOxiNDnkAg5QKqtyjVk,Lauren Daigle,Look Up Child,Rescue,69,215613,False,0.293,0.237,6,-8.17,1,0.0284,0.78,0.0,0.11,0.108,92.935,4,alt-rock,858208,2020-01-02 21:27,LATAM
1kKPRIlPOXmaAMlYxY8sSS,Zayde Wølf,Cold-Blooded,Cold-Blooded,54,215232,False,0.445,0.72,8,-6.946,1,0.0502,0.000307,1.61e-05,0.105,0.155,172.14,4,alt-rock,572230,2020-01-02 21:28,APAC
5YTUCHSwfwJ4oHFDjFgpEe,Bea Miller,Arcane League of Legends (Soundtrack from the Animated Series),Playground (from the series Arcane League of Legends),64,230525,False,0.514,0.704,8,-6.859,1,0.0298,0.0107,7.15e-05,0.13,0.361,157.4,4,alt-rock,882147,2020-01-02 21:29,US
1BH3rSiixIJhXe3viUeMAN,Saint Chaos;Sam Tinnesz,Seeing Red,Walk,60,170210,False,0.697,0.883,10,-3.815,0,0.0694,0.0178,0.0,0.481,0.796,121.963,4,alt-rock,140377,2020-01-02 21:30,APAC
7cpC2EuFMexgy392K13RZb,Red Hot Chili Peppers,Return of the Dream Canteen,Fake as Fu@k,66,262373,True,0.599,0.777,8,-6.037,0,0.0922,0.0355,0.00301,0.0936,,132.252,4,alt-rock,132787,2020-01-02 21:31,MENA
3IyCL4Em1GOpNGDf451Hg1,The Struts,Everybody Wants,Could Have Been Me,71,187653,False,0.541,,4,-4.512,1,0.0642,0.0158,0.000185,0.34,0.434,80.029,4,alt-rock,189134,2020-01-02 21:32,LATAM
0G1BEi8ByngMCJqcPnDACw,Red Hot Chili Peppers,Return of the Dream Canteen,Eddie,66,341986,False,0.515,0.809,9,-5.817,0,0.0512,0.00455,0.0723,0.0905,0.525,142.011,4,alt-rock,600570,2020-01-02 21:33,US
2dbA4sPwu3iK72c0mA6907,Red Hot Chili Peppers,Return of the Dream Canteen,Bella,66,291346,False,0.492,0.815,7,-5.499,0,0.0487,0.00643,2e-05,0.0875,0.812,171.379,4,alt-rock,738077,2020-01-02 21:34,LATAM
5kFWp8In0sIpeXPfPuJlYE,Red Hot Chili Peppers,Return of the Dream Canteen,Roulette,64,297105,False,0.689,0.869,1,-6.688,0,0.0511,0.00242,0.00339,0.127,0.84,100.684,4,alt-rock,294642,2020-01-02 21:35,MENA
2u1B87jh7hcE0ImLMfHNji,Duman,Darmaduman,Akıbet,44,227873,False,0.375,0.537,5,-8.967,0,0.0295,0.361,2.58e-05,0.101,0.181,140.111,4,alt-rock,240172,2020-01-02 21:36,EU
0g8gKLBFY1Y16Zyrc9fuKA,Red Hot Chili Peppers,Return of the Dream Canteen,In the Snow,60,355397,False,0.701,0.347,8,-11.279,0,0.0298,0.574,0.000107,0.0606,0.443,86.432,4,alt-rock,874310,2020-01-02 21:37,MENA
7fcfNW0XxTWlwVlftzfDOR,Pantera,Vulgar Display of Power,Walk,74,315120,True,0.43,0.704,1,-8.008,0,0.0804,0.000155,0.00221,0.0933,0.703,118.242,4,alt-rock,775484,2020-01-02 21:38,LATAM
4yffABDkB5A9flvr9vQFck,The Black Keys,Brothers (Deluxe Remastered Anniversary Edition),Howlin' for You,66,191956,False,0.725,0.747,11,-5.545,1,0.0876,0.0272,0.0468,0.104,0.38,132.921,4,alt-rock,683557,2020-01-02 21:39,MENA
00B7SBwrjbycLMOgAmeIU8,Red Hot Chili Peppers,Return of the Dream Canteen,Reach Out,66,251588,False,0.663,0.71,11,-5.55,0,0.0599,0.00745,0.00559,0.147,0.487,120.984,4,alt-rock,539530,2020-01-02 21:40,APAC
2pYaGdqXBrl8MdvuwgtBb7,Skillet,Victorious,Legendary,63,244538,False,0.548,0.924,11,-4.48,0,0.0689,0.00033,1.42e-05,0.162,0.242,124.031,4,alt-rock,478199,2020-01-02 21:41,APAC
5VeTnCn59BLrrk95uNRiBL,Emmanuel Horvilleur;Zoe Gotusso,Amor Loco,Amor Loco,45,226840,False,0.604,0.4,0,-12.514,1,0.243,0.585,0.0,0.136,0.747,88.646,4,alt-rock,118475,2020-01-02 21:42,MENA
4E5xVW505akJX0wcKj8Mpd,Megadeth,Rust In Peace (Expanded Edition),Tornado Of Souls - Remastered 2004,68,319266,False,0.519,0.982,7,-3.547,1,0.108,0.00203,0.00055,0.0971,0.361,97.745,4,alt-rock,269293,2020-01-02 21:43,EU
5Iuqf7d8G5SAvuKY7MKHbd,Ashes Remain,What I've Become,End of Me,64,170426,False,0.59,0.823,5,-4.606,0,0.0394,0.00191,0.0,0.375,0.572,129.971,4,alt-rock,907292,2020-01-02 21:44,LATAM
41Q87dXXetURXvHWQb3Yuo,Andrés Calamaro,Salmonalipsis now,Tuyo siempre,45,194173,False,0.579,0.648,4,-6.624,0,0.0533,0.247,8.64e-06,0.211,0.74,68.467,4,alt-rock,405120,2020-01-02 21:45,EU
6sUGVATdMTiXz4dDJV6Y5C,Tan Bionica,Canciones del Huracan + Wonderful Noches,La Ensalada,45,321333,False,,0.833,7,-5.977,1,0.0534,0.000105,0.0,0.138,,122.036,4,alt-rock,734087,2020-01-02 21:46,US
2cmrWW2lEdV9Cg3kJK0V4h,División Minúscula,Laberintos,Laberintos,46,201240,False,0.166,0.969,9,-5.107,0,0.07,0.00377,0.0,0.15,0.709,215.513,4,alt-rock,733399,2020-01-02 21:47,EU
5n40SAKMk89wdWyhTfWzx4,Gondwana,RAS Portraits,Antonia,45,248213,False,0.763,0.64,0,-8.044,1,0.0411,0.298,0.00244,0.0538,0.94,95.487,4,alt-rock,378479,2020-01-02 21:48,APAC
5oybimaSGL9SQIoOnr7BJd,Skank,Multishow Ao Vivo - Skank no Mineirão,Tanto (I Want You) - Ao Vivo,45,228040,False,,0.839,7,-4.406,1,0.0324,0.0295,8.3e-06,0.942,,97.583,4,alt-rock,283923,2020-01-02 21:49,APAC
36DsPKPZurixiFVcZ4XONb,Cuca,La Racha,La Balada,45,290666,False,0.671,0.512,8,-9.876,1,0.0334,0.272,0.0,0.102,0.187,95.782,4,alt-rock,722499,2020-01-02 21:50,APAC
2RgDiVVZrBDL81IV2AOxPe,Los Fabulosos Cadillacs,Rey Azúcar,Carmela - Remasterizado 2008,45,178426,False,0.695,0.891,0,-5.118,0,0.0501,0.14,0.000351,0.0713,0.841,116.68,4,alt-rock,184224,2020-01-02 21:51,EU
02rL5rMK7s4LQ6BAjNF5iv,Los Fabulosos Cadillacs,Los Fabulosos Cadillacs - Vol. V,Radio Kriminal - Remasterizado 2008,45,278720,False,0.791,0.701,2,-7.843,1,0.0678,0.0226,0.278,0.546,0.251,100.635,4,alt-rock,545340,2020-01-02 21:52,US
4K8g4J2FoDIXfgi762CKW2,Static-X,Metal Lives!,Looks That Kill,0,251600,False,0.641,0.956,5,-4.006,0,0.0376,0.00037,0.00858,0.16,0.669,136.981,4,alt-rock,899224,2020-01-02 21:53,APAC
5Tx2VlERdaXscX7dh0Wteo,Las Pastillas del Abuelo,Versiones,Cerveza,45,240560,False,,0.554,4,-9.906,1,0.026,0.169,0.000665,0.134,0.565,149.95,4,alt-rock,740195,2020-01-02 21:54,MENA
6kvvMuXpc0njRRmx8C27N8,Static-X,Post-Millennial Noise,Cold,0,220400,False,,0.962,0,-3.722,1,0.0495,0.000455,0.00271,0.319,0.721,150.039,4,alt-rock,787788,2020-01-02 21:55,MENA
1F9l3qGdQBAh8dp4jKWsqH,Newsboys,Santa's Christmas List,The Christmas Song,0,246954,False,0.222,0.455,2,-7.039,1,0.0341,0.713,0.0,0.148,0.237,75.262,4,alt-rock,174940,2020-01-02 21:56,EU
5ITw1gs95vZpnZlS0JUwkS,Dorothy,Anthems for Witches 2022,Wicked Ones,0,173901,False,,0.647,5,-4.675,1,0.0398,0.0337,0.0,0.359,,96.386,4,alt-rock,279815,2020-01-02 21:57,LATAM
0zNeZTy7nLEWCRrBgjrBx5,Enjambre,El Segundo Es Felino,Impacto,45,238160,False,0.727,0.706,4,-6.235,1,0.0247,0.067,0.000176,0.133,0.772,108.499,4,alt-rock,347588,2020-01-02 21:58,EU
5eK0UAeymUyyXILUAefcj5,Pescado Rabioso,Lo Mejor de Pescado Rabioso,Me Gusta Ese Tajo,45,145373,False,0.459,0.717,11,-8.16,0,0.0487,0.00159,0.793,0.213,0.673,157.436,3,alt-rock,363080,2020-01-02 21:59,MENA
45dK5t0NaS3zBrP4yjfGXz,Fernando Delgadillo,Desde la Isla del Olvido,Noche Sin Luciérnagas,46,255869,False,0.753,0.38,6,-6.811,1,0.0428,0.927,1.58e-06,0.104,0.431,134.874,3,alt-rock,274673,2020-01-02 22:00,EU
3dVsYiHV3ekE8hS17Lmyck,Newsboys,Santa's Christmas List,All I Want For Christmas Is You,0,194306,False,0.559,0.909,0,-6.215,1,0.0713,0.0244,0.0,0.0676,0.594,150.01,4,alt-rock,974862,2020-01-02 22:01,MENA
5rsiXpifJ6NLCpdhTgOWU6,The Presidents Of The United States Of America,Pure Frosting,Cleveland Rocks,43,153093,False,0.438,,1,-7.573,1,0.0564,0.0171,0.0,0.382,0.644,148.244,4,alt-rock,248458,2020-01-02 22:02,EU
067myxyF0oOrjlStXYE3gW,Enjambre,Daltónico,Sanguijuela,45,186414,False,0.428,0.945,4,-3.256,1,0.052,0.0097,2.81e-06,0.117,0.456,143.876,4,alt-rock,737365,2020-01-02 22:03,EU
1hsvFo7ECcXn617aFGqSfG,Enjambre,Imperfecto Extraño,En Tu Día,45,192133,False,0.423,0.903,9,-7.135,1,0.0422,0.00101,0.366,0.108,0.746,158.003,4,alt-rock,628075,2020-01-02 22:04,MENA
2JT6jOMYwTE9eDMwXqeLZn,La Vela Puerca;Emiliano Brancciari,20 Años: Festejar para Sobrevivir - en Vivo,Zafar - En Vivo,44,277113,False,0.351,0.637,7,-8.241,1,0.0334,0.552,0.0,0.939,0.611,100.968,4,alt-rock,649469,2020-01-02 22:05,LATAM
506La0sS4cMOKiMRMKlsrG,Las Pastillas del Abuelo,Paradojas,Absolutismos,45,234280,False,,0.868,4,-3.88,0,0.0394,0.037,2.05e-05,0.136,0.498,110.009,4,alt-rock,293187,2020-01-02 22:06,LATAM
2oNMhDpqWkI3oIjOGmqV0z,Panteon Rococo,Panteón Rococó,La Distancia,45,266746,False,0.653,0.955,10,-3.378,0,0.19,0.0692,0.0,0.0461,0.904,116.17,4,alt-rock,376865,2020-01-02 22:07,APAC
3iIQdR4zxBG2pkBU0L9ooA,Estelares,Una Temporada en el Amor,Melancolía,45,250197,False,0.671,0.775,9,-4.861,0,0.0333,0.0326,0.0,0.467,0.671,131.995,4,alt-rock,645847,2020-01-02 22:08,US
507bYMYfbm6sUS9iEAaeSd,Seether;Amy Lee,Disclaimer II,Broken,70,258333,False,0.448,0.61,3,-2.695,0,0.0342,0.0102,0.000491,0.135,0.214,123.762,4,alt-rock,369212,2020-01-02 22:09,APAC
2JuasWPUodaUxf5nwNpciQ,Alice In Chains,Jar Of Flies,Nutshell,71,259200,False,0.384,0.561,3,-10.059,0,0.0296,0.373,0.253,0.0775,0.159,136.136,3,alt-rock,724702,2020-01-02 22:10,LATAM
0l4DTppOxy7NUaEcwXuOb6,Neon Trees,Habits (Spotify),Animal,66,212306,False,0.482,0.829,5,-5.576,1,0.0437,0.00034,0.0,0.378,0.739,147.99,4,alt-rock,135571,2020-01-02 22:11,US
2302lUwfZ4S4dVyPOCDFnQ,Marilyn Manson,Smells Like Children,Sweet Dreams (Are Made Of This),70,293293,False,,0.642,8,-5.267,1,0.0326,0.0048,0.486,0.296,0.129,92.698,4,alt-rock,165538,2020-01-02 22:12,US
6e7HeiJ73JX3VWTWsElnIr,The Score,Stay,In My Bones,55,169121,False,0.579,0.678,3,-7.422,0,0.0289,0.000133,0.00114,0.132,0.453,84.076,4,alt-rock,755632,2020-01-02 22:13,EU
2xVyWv5f31wI37XeYbXjWJ,The Score;XYLØ,Bulletproof,Bulletproof (with XYLØ),53,190106,False,0.548,,2,-6.207,1,0.086,0.0117,0.0,0.132,0.533,77.683,4,alt-rock,655082,2020-01-02 22:14,US
7piw04hPQZ1OHZ9Fq9JOXR,Three Days Grace,One-X,Time of Dying,66,186373,False,0.306,0.873,0,-3.668,0,0.0567,0.00105,0.0,0.52,0.452,198.387,4,alt-rock,138857,2020-01-02 22:15,LATAM
4ElNxglBjcrASiGn58t9Jm,for KING & COUNTRY,Burn The Ships,God Only Knows,65,229760,False,0.597,0.417,2,-7.952,1,0.0502,0.395,8.35e-06,0.128,0.263,143.839,4,alt-rock,909134,2020-01-02 22:16,EU
6rSuL1ViLO7Aljn2WD09s4,Skillet,Comatose,Whispers in the Dark,66,204346,False,0.509,0.938,11,-3.883,0,0.0715,0.000644,0.00246,0.14,0.335,94.019,4,alt-rock,104371,2020-01-02 22:17,EU
3LBLmC8gqvt1l43kdpx43w,The Score,Metamorph,Enemies,60,161592,False,0.555,0.832,4,-5.96,0,0.0323,0.00967,2.94e-05,0.132,0.3,155.061,4,alt-rock,959996,2020-01-02 22:18,APAC
1oFnf7O5pRtgTt1U6cBxHl,Gece,Gece,22,43,219986,False,,0.794,0,-4.417,1,0.0355,0.0022,2.06e-06,0.0846,0.338,67.469,4,alt-rock,756544,2020-01-02 22:19,LATAM
5axys0aO71B1dZDfnrxHvy,Red Hot Chili Peppers,Return of the Dream Canteen,Carry Me Home,61,253494,False,0.481,0.715,11,-7.14,1,0.0661,0.023,0.00213,0.181,0.222,131.452,3,alt-rock,989324,2020-01-02 22:20,EU
4cvngM7l4dOwldWzMOEP6c,Red Hot Chili Peppers,Return of the Dream Canteen,La La La La La La La La,61,237489,True,0.426,0.217,9,-15.564,0,0.0401,0.895,9.89e-05,0.0867,0.179,128.22,4,alt-rock,953985,2020-01-02 22:21,APAC
3JyvSSU0VnlMUsQckyEVfX,grandson,a modern tragedy vol. 2,Darkside,62,229531,True,0.497,0.701,7,-6.834,1,0.119,0.000568,0.000287,0.352,0.18,76.918,4,alt-rock,381812,2020-01-02 22:22,APAC
2mvffzYUJ9Ld9xhsF5DUjU,Nirvana,Nevermind (Remastered),In Bloom,67,255080,False,,0.876,10,-4.902,0,0.0647,3.33e-05,0.000104,0.205,0.512,157.044,4,alt-rock,780851,2020-01-02 22:23,EU
4diMr8l7HCK1OdrQM3LAzq,Red Hot Chili Peppers,Return of the Dream Canteen,Afterlife,63,254301,False,0.561,0.866,2,-5.258,0,0.0352,0.00623,0.039,0.0414,0.824,93.104,4,alt-rock,289821,2020-01-02 22:24,US
27L8sESb3KR79asDUBu8nW,Fountains Of Wayne,Welcome Interstate Managers,Stacy's Mom,76,197986,False,0.774,0.75,11,-4.927,0,0.0412,0.00207,1.78e-05,0.0808,0.927,118.015,4,alt-rock,524475,2020-01-02 22:25,US
1d6zb2JQZt9LpxOwU1E3y4,Red Hot Chili Peppers,Return of the Dream Canteen,Handful,62,240217,False,0.572,0.601,11,-6.879,0,0.0392,0.0123,0.000237,0.101,0.552,142.258,3,alt-rock,316097,2020-01-02 22:26,APAC
1TmBaKkDUu0akM9xzSxRia,Red Hot Chili Peppers,Return of the Dream Canteen,Bag of Grins,62,306434,False,0.486,0.812,0,-6.244,1,0.0553,0.0106,0.0116,0.201,0.303,112.648,4,alt-rock,537440,2020-01-02 22:27,EU
2AHctrKhJekyp7wIykP83U,Red Hot Chili Peppers,Return of the Dream Canteen,Shoot Me a Smile,62,222737,False,0.576,0.798,9,-6.691,0,0.0351,0.125,0.134,0.137,0.399,146.8,4,alt-rock,885106,2020-01-02 22:28,MENA
0jwIgZRcbW2VjYuCbhKnX5,Ratones Paranoicos,Fieras Lunaticas,La Nave,45,223946,False,0.67,0.896,8,-6.069,0,0.057,0.382,0.0201,0.233,0.787,115.4,4,alt-rock,492522,2020-01-02 22:29,US
1Ou8VdIw39ATdskqSnAaFo,Zoé,Arrullo De Estrellas,Arrullo De Estrellas,45,252986,False,0.462,,5,-7.009,1,0.0355,0.324,0.235,0.0757,0.405,81.514,4,alt-rock,183154,2020-01-02 22:30,EU
18QN5s8wxFP61qsKPLiBue,Sanctus Real,My God Is Still The Same,My God Is Still The Same,66,205146,False,,0.821,1,-5.146,1,0.136,0.0129,0.0,0.357,0.398,164.154,4,alt-rock,392178,2020-01-02 22:31,MENA
0VCpgkuUgYee2tWLVlSf6O,Inhaler,The Greatest Rock Tunes 2022,Totally,0,236146,False,0.618,0.718,1,-7.494,1,0.0262,0.000303,0.00125,0.0863,0.371,97.029,4,alt-rock,807869,2020-01-02 22:32,EU
3AP3yFNoB0mdDh8DEaLCdL,Conociendo Rusia,Conociendo Rusia,La Luna,45,208579,False,0.432,0.456,4,-7.259,1,0.029,0.132,0.000205,0.085,,98.843,3,alt-rock,569542,2020-01-02 22:33,EU
0jdfbvSdaWvxfAlD20TtNc,Yaşlı Amca,Akşamüstü,Sanki Yapamadım,44,213198,False,0.442,0.567,8,-6.346,0,0.0516,0.238,0.000325,0.0852,0.639,138.616,0,alt-rock,604167,2020-01-02 22:34,MENA
02bJ6uGeHKfNOhIc9qyA8e,The Black Keys,Dropout Boogie,Wild Child,69,164866,False,0.68,0.639,5,-6.233,0,0.0278,0.017,5.09e-06,0.0398,0.957,106.991,4,alt-rock,488035,2020-01-02 22:35,LATAM
6gZVQvQZOFpzIy3HblJ20F,Alice In Chains,Facelift,Man in the Box,75,285200,True,0.355,0.791,8,-7.565,1,0.0453,0.00045,0.0,0.0969,0.758,106.392,4,alt-rock,363500,2020-01-02 22:36,LATAM
56AD3PBYdPepniv4VtsV7s,Yüzyüzeyken Konuşuruz,Evdekilere Selam,Kendi Evimde Deplasmandayım,44,274773,False,0.346,,2,-7.727,0,0.138,0.347,0.0,0.225,0.838,182.498,4,alt-rock,638350,2020-01-02 22:37,APAC
6S2UlwxfsDpR5yqKaVASMv,Zoé,Reptilectric,Últimos Días,44,230075,False,0.45,0.92,0,-4.162,1,0.0383,0.00117,0.123,0.128,0.438,145.608,4,alt-rock,669779,2020-01-02 22:38,APAC
1lSSSGxlchhDCPzL7LXk4Z,Los Bunkers,Grandes Exitos,Miño,45,244666,False,0.56,0.906,0,-4.808,1,0.0284,0.0648,5.91e-05,0.255,0.839,105.706,4,alt-rock,908307,2020-01-02 22:39,APAC
2NXYLpZdCZ6qaqZlaMpDMd,Luis Alberto Spinetta,Mondo Di Cromo,No Te Alejes Tanto De Mí,45,209893,False,0.783,0.292,2,-18.026,1,0.0404,0.164,0.00185,0.153,0.696,120.802,4,alt-rock,656002,2020-01-02 22:40,EU
6GIQckKtzHYA8MHoRWRkcy,Ximena Sariñana,No todo lo puedes dar,Sin Ti No Puede Estar Tan Mal,45,275160,False,0.731,0.58,4,-6.91,0,0.0461,0.15,0.000599,0.189,0.59,108.038,4,alt-rock,995507,2020-01-02 22:41,LATAM
7zJEM93vCjyjy51XRI9klu,Los Daniels,Se Renta Cuarto para Señoritas,Te Puedes Matar,44,189106,False,0.373,0.862,11,-11.931,1,0.0781,0.0052,1.05e-06,0.145,0.24,90.466,4,alt-rock,843918,2020-01-02 22:42,US
0x37bUHqB4qJrJSr8iR2pO,Inhaler,Hidden Gems,Cheer Up Baby,0,233906,False,0.462,0.914,8,-6.382,1,0.0416,0.00124,0.000125,0.0978,0.326,142.978,4,alt-rock,170868,2020-01-02 22:43,MENA
5BLXWjtErKV3De7MOtomI6,Marilina Bertoldi,Mojigata,Es Poderoso,44,139389,False,0.562,0.784,2,-7.147,1,0.0971,0.177,9.92e-05,0.0793,0.805,158.113,4,alt-rock,452954,2020-01-02 22:44,LATAM
0Ki1LxOG8z8ywTCcUT3ugq,Los Caligaris,Transpirando Alegría,Tyson,45,196207,False,0.526,0.884,5,-3.359,1,0.0757,0.0469,0.0,0.315,0.657,156.021,4,alt-rock,446214,2020-01-02 22:45,EU
7aDLnVQ1Gvjh6Q0nc1rePd,Detonautas Roque Clube,Melhor Plantar o Bem,Melhor Plantar o Bem,44,234061,False,0.648,0.85,8,-5.323,1,0.0401,0.0861,1.43e-05,0.122,0.878,77.516,4,alt-rock,102718,2020-01-02 22:46,MENA
6iv2RejVrtRlzbz6XfLD02,Joe Vasconcellos,Taxi para 3,Ciudad Traicionera,44,254240,False,0.497,0.311,4,-8.269,0,0.0523,0.673,0.0,0.105,0.33,169.007,4,alt-rock,262635,2020-01-02 22:47,US
7hzeu43gNUoHwh5CQrl3Jk,Molotov,Un Tributo,Payaso,45,230026,False,0.776,0.896,1,-5.035,0,0.232,0.35,1.29e-05,0.367,0.396,104.949,4,alt-rock,785968,2020-01-02 22:48,US
6Boqs3NAzPMxyhztKZOIyi,Anthrax,Halloween Metal Nights,Medusa,1,284040,False,0.334,0.814,11,-14.175,0,0.0447,0.0247,0.000593,0.501,0.676,150.813,4,alt-rock,416908,2020-01-02 22:49,MENA
0qgDf2H3HHSfiANtWkZPXh,Caifanes,Caifanes,Será por Eso,45,214893,False,0.457,0.774,4,-6.63,1,0.03,0.0719,1.67e-06,0.443,0.465,153.389,4,alt-rock,233090,2020-01-02 22:50,APAC
5DLN0LQbIAD28k53GJfRPq,Anthrax,Halloween Metal Nights,Indians,1,341066,False,0.349,0.983,4,-5.969,0,0.0564,0.00065,0.000892,0.0365,0.422,105.571,4,alt-rock,358725,2020-01-02 22:51,MENA
4PY23WVDXuHDHwhg0P7PDq,Detonautas Roque Clube,Detonautas Acústico,Só por hoje / Tenis Roque,44,277693,False,0.471,0.796,7,-8.318,1,0.0423,0.0439,0.000226,0.712,0.339,178.063,4,alt-rock,347232,2020-01-02 22:52,APAC
7wEKVEEo4Vmn1qNvL7AZNf,Panteon Rococo,Ofrenda,Veinticinco Rosas,45,173253,False,0.755,0.74,5,-3.161,0,0.039,0.0048,1.87e-06,0.283,0.852,100.95,4,alt-rock,257083,2020-01-02 22:53,MENA
6CKlCWBY885ja7Fz2EQjdE,Enjambre,Enjambre Y Los Huéspedes Del Orbe,Homografobia,45,161733,False,0.366,0.885,9,-5.235,1,0.046,0.0296,0.0872,0.0712,0.336,157.971,4,alt-rock,191072,2020-01-02 22:54,EU
67AUQswwoIM2Opd0bhBEcc,Fidel Nadal,Emocionado,Necesito Tu Amor,45,254413,False,0.714,0.827,5,-4.011,1,0.0325,0.00837,1.85e-05,0.226,0.781,144.081,4,alt-rock,787667,2020-01-02 22:55,LATAM
1zMSZbxk4dDAHxBS5V07KT,Serú Girán,Seru Giran 92,Mundo Agradable,44,251026,False,0.499,0.502,9,-9.986,0,0.0301,0.0115,2.78e-05,0.127,0.294,120.177,4,alt-rock,842069,2020-01-02 22:56,US
67BMusU7lw2tEwR9mPiE5m,Anthrax;Public Enemy,Release Your ANGER,Bring The Noise,0,210493,False,0.599,0.831,2,-7.86,1,0.159,0.000155,2.13e-06,0.117,0.281,121.05,4,alt-rock,546659,2020-01-02 22:57,US
2DFi8rwHcVkTTgu7PULhtI,Saint Motel,My Type,My Type,68,206393,False,0.596,0.897,10,-2.94,1,0.0462,0.0641,5.24e-05,0.0628,0.578,118.0,4,alt-rock,653917,2020-01-02 22:58,US
4iG2gAwKXsOcijVaVXzRPW,MGMT,Oracular Spectacular,Time to Pretend,72,261000,True,0.438,,2,-3.249,1,0.0452,8.74e-05,0.0777,0.3,0.421,100.99,3,alt-rock,927320,2020-01-02 22:59,US
4dyx5SzxPPaD8xQIid5Wjj,Peter Bjorn and John,Writer's Block,Young Folks,76,276693,False,0.699,0.812,0,-6.005,1,0.0377,0.0164,0.000763,0.105,0.662,138.185,4,alt-rock,858396,2020-01-02 23:00,LATAM
70wYA8oYHoMzhRRkARoMhU,The Killers,Sam's Town,When You Were Young,77,220426,False,0.467,0.988,11,-3.313,1,0.112,0.000152,0.0484,0.28,0.321,130.433,4,alt-rock,129333,2020-01-02 23:01,MENA
3gVhsZtseYtY1fMuyYq06F,Rammstein,Mutter,Sonne,74,272440,False,0.51,0.917,4,-4.806,0,0.0854,0.0054,0.000133,0.396,0.313,75.098,4,alt-rock,957658,2020-01-02 23:02,APAC
1f2V8U1BiWaC9aJWmpOARe,Red Hot Chili Peppers,By the Way (Deluxe Edition),By the Way,75,216933,False,0.451,0.97,0,-4.938,1,0.107,0.0264,0.00355,0.102,0.198,122.444,4,alt-rock,160280,2020-01-02 23:03,US
6QewNVIDKdSl8Y3ycuHIei,Pearl Jam,Ten,Even Flow,76,292580,False,0.394,0.944,10,-6.506,0,0.0761,0.00178,4.54e-06,0.298,0.265,105.338,4,alt-rock,123914,2020-01-02 23:04,LATAM
0tZ3mElWcr74OOhKEiNz1x,Rage Against The Machine,Evil Empire,Bulls On Parade,75,229466,True,0.412,0.919,5,-7.291,1,0.184,0.0124,0.0601,0.424,,166.367,4,alt-rock,462945,2020-01-02 23:05,LATAM
4VFPqkCuTS1tQpbnsSot2q,LOUTA,DECIME QUE ES VERDAD,DECIME QUE ES VERDAD,44,184831,False,0.369,0.223,8,-9.582,0,0.0348,0.114,0.0,0.274,0.34,87.352,4,alt-rock,771266,2020-01-02 23:06,US
2bPGTMB5sFfFYQ2YvSmup0,Rammstein,Rammstein,Deutschland,77,322339,False,,0.895,7,-5.242,1,0.0442,5.54e-05,0.349,0.0985,0.237,120.117,4,alt-rock,172249,2020-01-02 23:07,LATAM
0haXiRi57j2xQo5a3WkzqV,Palaye Royale,The Bastards,Lonely,68,186249,True,0.622,0.619,2,-6.4,0,0.0561,0.0624,0.0,0.081,0.483,147.965,4,alt-rock,363689,2020-01-02 23:08,APAC
4pRYWucBrSGVwY95PWw4do,Hillsong UNITED;Brooke Ligertwood,All Of The Above,Hosanna,61,330360,False,0.404,0.634,1,-4.772,0,0.0311,0.0371,0.00209,0.182,0.0943,153.951,4,alt-rock,336456,2020-01-02 23:09,US
0YJ9FWWHn9EfnN0lHwbzvV,Radiohead,In Rainbows,Jigsaw Falling Into Place,69,248893,False,0.462,0.832,11,-6.085,0,0.0479,0.108,0.00416,0.0741,0.807,165.653,4,alt-rock,457642,2020-01-02 23:10,LATAM
5gFfoZxgMHgMiArpO4Balz,İnsan Mıyız,Seni Senden,Seni Senden,44,229125,False,0.628,0.703,10,-8.365,0,0.0341,0.0355,0.000696,0.105,0.231,120.006,4,alt-rock,987425,2020-01-02 23:11,APAC
3hgESJrxlX103Q78BrEAfr,Sleeping Wolf,The Silent Ones,New Kings,57,234613,False,0.558,0.817,4,-3.619,1,0.0481,0.0147,0.000102,0.384,0.429,76.004,4,alt-rock,398272,2020-01-02 23:12,LATAM
55mJleti2WfWEFNFcBduhc,TOOL,Lateralus,Schism,70,403533,False,0.567,0.714,9,-8.512,0,0.0302,0.0012,0.417,0.186,0.191,107.441,3,alt-rock,288063,2020-01-02 23:13,US
141GeeQQItnC1sH7gXUDlf,Red Hot Chili Peppers,Return of the Dream Canteen,Copperbelly,60,224983,False,0.592,0.616,2,-7.227,0,0.0337,0.0917,0.0106,0.179,0.492,129.896,3,alt-rock,210083,2020-01-02 23:14,LATAM
5AU57UY8wDFicbZw8E6mw2,The Score,Carry On,The Champion,56,159741,False,0.407,0.653,2,13.257,1,0.035,0.000935,0.00434,0.402,0.355,347.735,4,alt-rock,278305,2020-01-02 23:15,APAC
3lIZy99mnEArB9FWVoxH3C,Gece,İyi Niyetli Bir Gün,Derbeder,43,245040,False,0.381,0.806,10,-6.376,0,0.0641,0.00184,0.000233,0.162,0.425,172.068,4,alt-rock,219824,2020-01-02 23:16,US
6rpdxmNNNCTA07YGUQsqH4,Patricio Rey y sus Redonditos de Ricota,Luzbelito,Ella Baila Con Todos,44,299160,False,0.592,0.797,2,-7.657,1,0.0288,0.000929,0.847,0.0826,0.518,99.032,4,alt-rock,616276,2020-01-02 23:17,LATAM
5FQXMRDSTkn9fowDJ3kZo8,Sick Puppies,Tri-Polar (International Version),You're Going Down,66,187346,True,0.49,0.833,6,-5.899,1,0.0487,0.0116,0.000504,0.15,0.39,89.981,4,alt-rock,478455,2020-01-02 23:18,APAC
6E9deAT9PHY3xwZwD0fvhZ,Batu Akdeniz,Bir Kalbin Çöküşü,Ona Gitme,44,199872,False,0.475,0.728,11,-4.741,0,0.0362,0.0331,0.0,0.198,0.483,82.474,4,alt-rock,548197,2020-01-02 23:19,US
0fRQGN6XS01UzZbKNj6sQp,Bandalos Chinos,Cállame,Cállame,44,187693,False,0.697,0.873,7,-7.422,0,0.0451,0.241,0.00291,0.358,0.899,144.203,4,alt-rock,848931,2020-01-02 23:20,US
6Dt4xgUvH2sLJcgiOR8nd8,Camilo Séptimo;Samantha Barrón,Ciclones,Ciclones,44,240880,False,0.599,0.633,8,-6.629,1,0.0357,0.501,0.000147,0.124,0.289,90.072,4,alt-rock,622393,2020-01-02 23:21,MENA
2MlMI8EvmLlWYXVcdfSAxs,O Rappa,O Rappa - Acústico Oficina Francisco Brennand (Deluxe) [Ao Vivo],Uma vida só - Ao vivo,45,235864,False,0.46,0.898,5,-4.922,0,0.0412,0.0112,0.00108,0.649,,92.148,4,alt-rock,239652,2020-01-02 23:22,US
522MbOYOtRZTyRQNfJrE5h,Conociendo Rusia,Cabildo y Juramento,Montaña Infinita,44,230866,False,0.616,0.395,2,-6.017,1,0.0301,0.289,5.6e-06,0.166,0.398,120.758,3,alt-rock,439061,2020-01-02 23:23,LATAM
0pz2M8f78gt3rwgWmbpOX3,Andrés Calamaro,Andres,Mi gin tonic,44,172466,False,0.703,0.82,7,-7.121,1,0.0272,0.0496,0.0,0.094,0.934,119.993,4,alt-rock,381321,2020-01-02 23:24,EU
5nXr1lGKGDKcnBkjosJzpo,NX Zero,Em Comum,Maré,44,240413,False,0.6,0.938,6,-2.781,0,0.0326,0.0136,1.15e-06,0.0975,0.65,130.057,4,alt-rock,844085,2020-01-02 23:25,MENA
3M6auAoAoVyPGxNxe1jcXw,Charlie Brown Jr.,Camisa 10 joga bola até na chuva,Só pra vadiar,44,244760,False,0.623,0.946,2,-4.199,0,0.0486,0.172,6.01e-06,0.066,0.922,108.016,4,alt-rock,376321,2020-01-02 23:26,LATAM
4sQZkvEugFqfWQ7OUsssZs,Los Caligaris,20 Años: El Show Más Feliz del Mundo (En Vivo),Razón - En Vivo,44,197847,False,0.518,0.846,6,-7.181,1,0.0448,0.0529,0.0,0.934,0.563,152.087,4,alt-rock,224722,2020-01-02 23:27,APAC
03YuyrltrfOOtysn0HBvax,Skank;Michael Fossenkemper,O Samba Poconé,Tão Seu,45,243666,False,0.77,0.786,6,-3.516,0,0.0553,0.0322,0.000664,0.182,0.969,153.8,4,alt-rock,762404,2020-01-02 23:28,APAC
5EL8He4J2hrTWl9rxbE3DY,Babasónicos,Desde Adentro - Impuesto de Fe (En Vivo),El Maestro - En Vivo,44,170866,False,0.65,0.915,4,-5.761,0,0.0368,0.446,0.0,0.91,0.885,112.028,4,alt-rock,485552,2020-01-02 23:29,US
6aw5G0HhAmyqM2OlqjTjOb,The Adams,The Adams,Waiting,45,239386,False,0.448,0.915,9,-4.737,1,0.0685,0.00108,0.000338,0.231,0.626,139.927,4,alt-rock,186276,2020-01-02 23:30,US
0f70fllnpYQJlADzm3dkEX,Estelares,Ríos de Lava - Single,Ríos de Lava,44,223692,False,0.596,0.81,9,-7.48,1,0.0273,0.000322,0.0,0.155,0.705,130.022,4,alt-rock,720784,2020-01-02 23:31,APAC
2aaClnypAakdAmLw74JXxB,Sepultura,Metal,Arise,0,198226,False,0.371,0.961,9,-6.765,0,0.0931,1.52e-05,0.0548,0.0916,0.159,115.336,4,alt-rock,289460,2020-01-02 23:32,MENA
6DRWiEJyjKr8iy4ys0jE7R,La 25,Entre Cuervos y Chacales,De Paso Nomás,44,185501,False,0.646,0.846,7,-4.427,1,0.0282,0.0584,0.0,0.376,0.965,126.022,4,alt-rock,881411,2020-01-02 23:33,EU
5Y7Lt08Xc885tzG5kKTZ4u,Skay Beilinson,¿Dónde Vas?,Aves Migratorias,44,202826,False,0.744,0.823,9,-6.44,1,0.0307,0.0133,0.427,0.0919,0.962,120.018,4,alt-rock,849213,2020-01-02 23:34,MENA
1N9UaGzXe20ZRXpGDrQZhI,Los Auténticos Decadentes,Sigue Tu Camino,Pendeviejo,44,212386,False,0.396,0.955,4,-1.889,1,0.272,0.0786,0.0,0.194,0.523,180.04,4,alt-rock,432614,2020-01-02 23:35,MENA
0ay8DzY6bSJ7Ok85oR34Mn,Marilina Bertoldi,Mojigata,Sushi en Lata,44,127723,False,0.746,0.72,2,-5.955,1,0.0695,0.0365,0.00927,0.599,0.801,89.988,4,alt-rock,600035,2020-01-02 23:36,EU
3CI0tvulxpMSMAPNCgqTMU,Lucybell,Lucybell,Sembrando En El Mar,44,231026,False,0.58,0.847,2,-9.639,1,0.0516,0.00106,0.498,0.289,0.403,98.561,4,alt-rock,610970,2020-01-02 23:37,EU
7FC5uMdyQyYgN6jpBjgvdK,Guasones,Esclavo,Como un Lobo,44,241880,False,0.57,,4,-5.156,1,0.0308,0.000372,5.9e-05,0.12,0.651,128.95,4,alt-rock,688083,2020-01-02 23:38,APAC
4GO7nRMoH2XnvXSIUqNMqg,Panteon Rococo,A la Izquierda de la Tierra,Nada Pasó,44,279413,False,0.49,0.747,0,-4.628,1,0.0448,0.0759,0.000234,0.108,0.785,96.01,4,alt-rock,162225,2020-01-02 23:39,MENA
57ECsM5I8Y4Jyyy3AEYW9U,Los Caligaris,Yernos Perfectos,A Vos,44,235058,False,0.628,0.869,6,-5.821,0,0.0426,0.125,1.19e-06,0.0235,0.868,166.983,4,alt-rock,392362,2020-01-02 23:40,US
4WJTKbNJQ41zXnb84jSWaj,Sepultura,Groove Metal Roots & Branches,Roots Bloody Roots,0,212253,False,0.435,0.874,0,-6.664,1,0.123,0.000337,0.0419,0.311,0.265,120.167,4,alt-rock,253287,2020-01-02 23:41,APAC
1N8MFkbeTDjVmUaVnYVKFg,Patricio Rey y sus Redonditos de Ricota,Momo Sampler,La Murga de la Virgencita,44,294733,False,0.557,0.896,4,-6.52,0,0.0346,0.000931,0.000186,0.339,0.561,101.073,4,alt-rock,727746,2020-01-02 23:42,MENA
519WGo9DQCtYP72a7Lmprj,Serú Girán,Bicicleta (Remastered 2012),Canción De Alicia En El País - Remastered 2012,44,264333,False,0.485,0.271,9,-18.108,1,0.0683,0.679,0.000302,0.126,0.155,115.172,4,alt-rock,162224,2020-01-02 23:43,US
5E30LdtzQTGqRvNd7l6kG5,The Neighbourhood,Wiped Out!,Daddy Issues,87,260173,False,0.588,0.521,10,-9.461,1,0.0329,0.0678,0.149,0.123,0.337,85.012,4,alternative,565263,2020-01-02 23:44,US
09gysnJpfQ3ublBmJDfcEC,Amaarae;Kali Uchis;Moliy,SAD GIRLZ LUV MONEY Remix (feat. Kali Uchis and Moliy),SAD GIRLZ LUV MONEY Remix (feat. Kali Uchis and Moliy),79,204763,True,0.87,0.523,1,-8.052,0,0.0602,0.433,2.07e-05,0.113,0.319,110.02,4,alternative,755092,2020-01-02 23:45,MENA
2K7xn816oNHJZ0aVqdQsha,The Neighbourhood,Hard To Imagine The Neighbourhood Ever Changing,Softcore,86,206280,False,0.575,0.568,9,-5.509,0,0.03,0.0484,0.000417,0.286,0.37,93.986,4,alternative,953538,2020-01-02 23:46,US
2QjOHCTQ1Jl3zawyYOpxh6,The Neighbourhood,I Love You.,Sweater Weather,93,240400,False,0.612,0.807,10,-2.81,1,0.0336,0.0495,0.0177,0.101,0.398,124.053,4,alternative,359253,2020-01-02 23:47,LATAM
4fouWK6XVHhzl78KzQ1UjL,GAYLE,abcdefu,abcdefu,86,168601,True,0.695,0.54,4,-5.692,1,0.0493,0.299,0.0,0.367,0.415,121.932,4,alternative,107175,2020-01-02 23:48,LATAM
07MDkzWARZaLEdKxo6yArG,THE ANXIETY;WILLOW;Tyler Cole,THE ANXIETY,Meet Me At Our Spot,81,162680,True,0.773,0.47,2,-7.93,1,0.0299,0.0153,0.000193,0.0851,0.399,94.995,4,alternative,751370,2020-01-02 23:49,LATAM
60a0Rd6pjrkxjPbaKzXjfq,Linkin Park,Hybrid Theory (Bonus Edition),In the End,85,216880,False,0.556,0.864,3,-5.87,0,0.0584,0.00958,0.0,0.209,0.4,105.143,4,alternative,101391,2020-01-02 23:50,US
2nLtzopw4rPReszdYBJU6h,Linkin Park,Meteora,Numb,83,185586,False,0.496,0.863,9,-4.153,1,0.0381,0.0046,0.0,0.639,0.243,110.018,4,alternative,159758,2020-01-02 23:51,APAC
7BoobGhD4x5K96Me0hqC8Q,Bella Poarch,Build a Bitch,Build a Bitch,76,122772,True,0.855,0.463,3,-7.454,1,0.0367,0.217,1.77e-05,0.347,0.866,102.931,4,alternative,991443,2020-01-02 23:52,APAC
6bTbMMEShyGyrcuIwtBlpA,Bella Poarch,Dolls EP,Living Hell,70,174002,False,0.729,0.551,0,-6.935,0,0.056,0.598,0.0,0.176,0.312,124.044,4,alternative,876292,2020-01-02 23:53,US
6rrKbzJGGDlSZgLphopS49,The Score,ATLAS,Unstoppable,73,192106,False,0.485,0.843,1,-3.993,0,0.0467,0.00129,1.01e-05,0.14,0.602,78.001,4,alternative,736784,2020-01-02 23:54,LATAM
0AUyNF6iFxMNQsNx2nhtrw,grandson,Blood // Water,Blood // Water,75,216720,False,0.51,0.882,8,-5.659,0,0.159,0.00158,0.00206,0.0764,0.653,154.029,4,alternative,851976,2020-01-02 23:55,EU
6CqHve8qCxKzEd3ciOy6xj,Slipknot,Rock Brandneu,Yen,3,285315,False,0.568,0.934,9,-4.428,1,0.107,0.000885,0.0297,0.36,0.319,137.005,4,alternative,167816,2020-01-02 23:56,US
75fT19n6ZQHr67Mkh86qfD,Red Hot Chili Peppers,Rock Brandneu,Tippa My Tongue,2,260808,False,0.573,0.913,5,-6.52,0,0.0409,0.00861,0.0273,0.114,0.795,88.418,4,alternative,180035,2020-01-02 23:57,MENA
6syz0SJTv8ZNCNxaOnvMtb,Gorillaz,Maintain Your Mojo,Clint Eastwood,3,340920,True,0.663,0.694,10,-8.627,0,0.171,0.0253,0.0,0.0698,0.525,167.953,4,alternative,370745,2020-01-02 23:58,LATAM
1tRpraJDpEUl0HjnkMosqx,Red Hot Chili Peppers,Top of the Rock,Black Summer,3,232412,False,0.417,0.682,1,-5.071,1,0.0295,0.0267,0.000669,0.109,0.351,105.542,4,alternative,121380,2020-01-02 23:59,APAC
2AEdT2ZKd14kzOouzdNOUj,Red Hot Chili Peppers,OK Boomers - Top Tunes,Californication,2,329733,False,0.592,0.765,9,-2.788,0,0.027,0.0021,0.00154,0.127,0.327,96.483,4,alternative,899480,2020-01-03 00:00,MENA
23PvWFdi76vER4p1e2Xroj,The Killers,Workout Hits 2023,Mr. Brightside,2,223973,False,0.344,,1,-3.759,1,0.0783,0.00104,0.0,0.0903,0.251,148.104,4,alternative,150659,2020-01-03 00:01,APAC
5xUhs6dlfkcxZM8zq7riYF,Red Hot Chili Peppers,Tek It - New Noise,Black Summer,1,232412,False,0.417,0.682,1,-5.071,1,0.0295,0.0267,0.000669,0.109,0.351,105.542,4,alternative,589635,2020-01-03 00:02,APAC
62pennq1pcVBFVW1b1CrFu,Red Hot Chili Peppers,Top of the Rock,Nerve Flip,0,186148,False,0.386,0.936,8,-4.005,1,0.0701,0.0121,1.6e-05,0.266,0.418,176.366,4,alternative,868266,2020-01-03 00:03,APAC
1yZWmKmLfTrFCxHvhFsdoN,The Killers;Phoebe Bridgers,The Greatest Rock Tunes 2022,Runaway Horses - Abridged,0,204466,False,0.499,0.223,9,-15.253,1,0.0338,0.912,0.0,0.0962,0.304,129.291,5,alternative,761487,2020-01-03 00:04,LATAM
0v8tmDMQrTMavluubqAJo4,Red Hot Chili Peppers,80s Bangers Vol. 2,Higher Ground - Remastered,1,202053,False,0.476,0.979,4,16.79,0,0.133,0.00142,0.00686,0.0944,0.394,311.122,4,alternative,311232,2020-01-03 00:05,APAC
2UCoAOZGk6a4BHUBzlvfAO,The Killers;Armin van Buuren;Benno De Goeij,Beats Electro Mood,Human - Armin van Buuren Dub Remix,1,445000,False,0.64,0.821,7,-5.789,0,0.0732,0.00122,0.145,0.203,0.624,135.478,4,alternative,523299,2020-01-03 00:06,US
5SVYqPYpje5JDG2O969oz6,The Killers;Toni Halliday,Rock n Roll Christmas,A Great Big Sled,0,262586,False,0.532,0.872,0,-3.869,1,0.0636,0.00223,0.0,0.283,0.299,127.959,4,alternative,593445,2020-01-03 00:07,MENA
12cG3BUpk6PzLAzWK0mryO,Red Hot Chili Peppers,Alternative Rock Mixtape,By the Way,2,215666,False,0.441,0.986,0,-2.466,1,0.116,0.038,0.000781,0.0998,0.184,123.974,4,alternative,791129,2020-01-03 00:08,EU
34ldTowcv56E2DqtSaYBjP,The Killers,OO's Music Grandi Successi,When You Were Young,5,220413,False,0.441,0.976,8,-3.09,0,0.147,0.000335,0.0475,0.298,0.248,130.411,4,alternative,483619,2020-01-03 00:09,MENA
6QvYmrqFKRSVrcVgvoA7Ar,Red Hot Chili Peppers,All That Really Matters - Just Hits,Tippa My Tongue,4,260808,False,0.573,0.913,5,-6.52,0,0.0409,0.00861,0.0273,0.114,0.795,88.418,4,alternative,356532,2020-01-03 00:10,MENA
58yD1ZePlS6V4gImXGV8Ed,Red Hot Chili Peppers,Daily Pop Mix,Tippa My Tongue,0,260808,False,0.573,0.913,5,-6.52,0,0.0409,0.00861,0.0273,0.114,0.795,88.418,4,alternative,815972,2020-01-03 00:11,EU
2cwOhw3d0uIsR4krTsrLwF,The Killers;Ryan Pardey,Rock n Roll Christmas,Don't Shoot Me Santa,0,245106,False,0.588,0.847,8,-4.164,1,0.0705,0.0601,0.0,0.307,0.662,120.041,4,alternative,897830,2020-01-03 00:12,APAC
6qK47Oa7Vbumzeb69KuMhZ,Gorillaz;Beck,20's Rock,The Valley of the Pagans,0,181028,True,0.75,0.856,2,-5.802,1,0.0457,0.0778,3.65e-05,0.117,0.94,130.034,4,alternative,540007,2020-01-03 00:13,MENA
6ehaWPjsNSf5HWOXTEFSUi,The Killers,Rock Workout 2023,Somebody Told Me,0,200946,False,0.508,0.981,10,-3.23,0,0.0779,8.22e-05,0.000449,0.0555,0.746,138.011,4,alternative,125218,2020-01-03 00:14,LATAM
5HNau9WX6OmX2PcBn3n24r,Red Hot Chili Peppers,20's Rock,Black Summer,0,232412,False,0.417,0.682,1,-5.071,1,0.0295,0.0267,0.000669,0.109,0.351,105.542,4,alternative,550594,2020-01-03 00:15,US
3omnDqXnlC4awZfUrGQSDN,The Killers;Toni Halliday,Alternative Christmas 2022,A Great Big Sled,0,262586,False,0.532,0.872,0,-3.869,1,0.0636,0.00223,0.0,0.283,0.299,127.959,4,alternative,900361,2020-01-03 00:16,MENA
5KaVoEhxf1UwParyAjzHVA,The Killers,Kick It,Mr. Brightside,1,223973,False,0.344,0.931,1,-3.759,1,0.0783,0.00104,0.0,0.0903,0.251,148.104,4,alternative,990181,2020-01-03 00:17,LATAM
71BwuaJ5VjGx9EJdrc9OX2,The Killers;Ryan Pardey,Home For Christmas 2022,Don't Shoot Me Santa,0,245106,False,0.588,0.847,8,-4.164,1,0.0705,0.0601,0.0,0.307,0.662,120.041,4,alternative,460931,2020-01-03 00:18,EU
47dUWyurHWefCpINwcvit2,Red Hot Chili Peppers,Pop Hits Now,Black Summer,0,232412,False,0.417,0.682,1,-5.071,1,0.0295,0.0267,0.000669,0.109,0.351,105.542,4,alternative,235116,2020-01-03 00:19,US
52cFhaPuS5oLrmFoJw4J9j,The Killers,Rock Workout 2023,Mr. Brightside,2,223973,False,0.344,0.931,1,-3.759,1,0.0783,0.00104,0.0,0.0903,0.251,148.104,4,alternative,614946,2020-01-03 00:20,APAC
4xnB2yGAeXOuR3kJ9KTD3b,Red Hot Chili Peppers,Rock Brandneu,Nerve Flip,0,186148,False,0.386,0.936,8,-4.005,1,0.0701,0.0121,1.6e-05,0.266,,176.366,4,alternative,847632,2020-01-03 00:21,LATAM
1gu8VJ0d28EsXtcgKzJcSl,The Killers;Ryan Pardey,Christmas Rock 2022,Don't Shoot Me Santa,0,245106,False,0.588,0.847,8,-4.164,1,0.0705,0.0601,0.0,0.307,0.662,120.041,4,alternative,950503,2020-01-03 00:22,US
5yug4vHY6oGqkFI80Ya5F0,Gorillaz,Alternative Rock Mixtape,Clint Eastwood,2,340920,True,0.663,0.694,10,-8.627,0,0.171,0.0253,0.0,0.0698,0.525,167.953,4,alternative,146574,2020-01-03 00:23,APAC
315FrAki9HoxEdG8CQuZhD,The Killers,Mirando las nubes,Mr. Brightside,0,223973,False,,0.931,1,-3.759,1,0.0783,0.00104,0.0,0.0903,0.251,148.104,4,alternative,361494,2020-01-03 00:24,EU
2QLFTiSNgt6cT3aQdeGFhd,The Killers;Ryan Pardey,Home At Christmas,Don't Shoot Me Santa,0,245106,False,0.588,0.847,8,-4.164,1,0.0705,0.0601,0.0,0.307,0.662,120.041,4,alternative,529883,2020-01-03 00:25,US
2S3G868WlDZNtfwZiDKPRx,The Killers;Ryan Pardey,Alternative Christmas 2022,Don't Shoot Me Santa,0,245106,False,0.588,0.847,8,-4.164,1,0.0705,0.0601,0.0,0.307,0.662,120.041,4,alternative,188429,2020-01-03 00:26,LATAM
77s65ayZ3gXbqMV8jKH1A3,The Killers;Ryan Pardey,Alternative Christmas 2022,Don't Shoot Me Santa,0,245106,False,,0.847,8,-4.164,1,0.0705,0.0601,0.0,0.307,0.662,120.041,4,alternative,897700,2020-01-03 00:27,EU
7GEQkaJPZmph6xtzXFNWxn,The Killers,Alternative Christmas 2022,Joy Ride - Night Version,0,436413,False,0.666,0.935,0,-4.563,1,0.0445,0.00285,0.781,0.352,,118.999,4,alternative,200952,2020-01-03 00:28,US
3CKJz2XmcRBskVxbN3pit2,Slipknot,Metal,Duality,0,252613,False,0.354,0.982,4,-3.026,0,0.168,0.000237,0.000301,0.204,0.194,143.79,4,alternative,698691,2020-01-03 00:29,MENA
1c9MeAa2tLEoZl5osXf5Ts,Red Hot Chili Peppers,Kick It,Fire - Remastered,1,123800,True,0.421,0.986,11,-1.795,0,0.152,0.00482,0.0,0.295,0.263,105.83,4,alternative,926765,2020-01-03 00:30,MENA
0VFk1Ofc6X7QHdVC9T71sK,Slipknot,Rock Brandneu,The Dying Song (Time to Sing),4,203586,False,0.516,0.991,11,-2.587,0,0.126,0.000467,4.66e-05,0.327,0.402,95.017,4,alternative,716692,2020-01-03 00:31,MENA
02ocOpp3OlYjjFvhvBDljE,Slipknot,Metal Lives!,Duality,0,252613,False,0.354,0.982,4,-3.026,0,0.168,0.000237,0.000301,0.204,0.194,143.79,4,alternative,786885,2020-01-03 00:32,US
2Y0iGXY6m6immVb2ktbseM,MGMT,Little Dark Age,Little Dark Age,83,299960,False,0.705,0.712,6,-6.156,1,0.0385,0.0102,0.000855,0.1,0.62,97.512,4,alternative,336985,2020-01-03 00:33,EU
0y1QJc3SJVPKJ1OvFmFqe6,KALEO,A/B,Way down We Go,78,213706,False,0.489,0.505,10,-8.022,0,0.117,0.579,0.000333,0.104,0.337,163.255,4,alternative,844721,2020-01-03 00:34,MENA
4gHnSNHs8RyVukKoWdS99f,Nirvana,Nevermind (Remastered),Something In The Way,76,232146,False,0.427,0.201,8,-13.044,1,0.0317,0.745,0.263,0.109,0.0668,105.218,4,alternative,476716,2020-01-03 00:35,US
4wfyFIRnxdIN0v4OGtXcX3,Linkin Park,Minutes to Midnight,What I've Done,58,205613,False,0.623,0.93,5,-5.285,1,0.0324,0.0141,1.64e-06,0.138,0.287,120.119,4,alternative,155189,2020-01-03 00:36,APAC
4kbj5MwxO1bq9wjT5g9HaA,WALK THE MOON,TALKING IS HARD,Shut Up and Dance,83,199080,False,0.578,0.866,1,-3.804,1,0.0619,0.00701,0.0,0.257,0.619,128.038,4,alternative,429922,2020-01-03 00:37,EU
46ZskDsXyj6SY4ILqw1XvK,Oliver Tree;Robin Schulz,Pop Hits Now,Miss You,0,206000,True,0.587,0.742,6,-6.64,0,0.0529,0.0128,0.00107,0.146,0.199,145.007,4,alternative,414855,2020-01-03 00:38,APAC
7daBAa22M7ygDPG1oehs8o,Oliver Tree;Robin Schulz,Daily Pop Mix,Miss You,0,206000,True,0.587,0.742,6,-6.64,0,0.0529,0.0128,0.00107,0.146,0.199,145.007,4,alternative,569298,2020-01-03 00:39,LATAM
35dGLgPbz4j896kxOaVS27,Oliver Tree;Robin Schulz,Upbeat Pop,Miss You,0,206000,True,0.587,0.742,6,-6.64,0,0.0529,0.0128,0.00107,0.146,0.199,145.007,4,alternative,338344,2020-01-03 00:40,MENA
47U8UsDT7LHPkZ2Jm4qnvm,Oliver Tree,20's Rock,Life Goes On,0,161803,False,0.7,0.49,0,-5.187,1,0.076,0.186,0.0,0.117,0.569,79.982,4,alternative,516004,2020-01-03 00:41,EU
4CeeEOM32jQcH3eN9Q2dGj,Nirvana,Nevermind (Remastered),Smells Like Teen Spirit,83,301920,False,0.502,0.912,1,-4.556,1,0.0564,2.55e-05,0.000173,0.106,0.72,116.761,4,alternative,485172,2020-01-03 00:42,LATAM
6NDhsCV7nxJeDsOpM1cPUk,Oliver Tree,Top of the Rock,I Hate You,4,162877,False,0.737,0.67,9,-6.448,1,0.0985,0.00474,0.0,0.0922,0.525,75.981,4,alternative,394208,2020-01-03 00:43,MENA
1Pw6eI2cLqAFc6HkpXt38i,Oliver Tree,Tek It - New Noise,I Hate You,3,162877,False,0.737,0.67,9,-6.448,1,0.0985,0.00474,0.0,0.0922,0.525,75.981,4,alternative,726605,2020-01-03 00:44,US
4JPIT5G0JnCL4JUWoIGGG3,Oliver Tree,Rock - Best of 2022,I Hate You,4,162877,False,0.737,0.67,9,-6.448,1,0.0985,0.00474,0.0,0.0922,0.525,75.981,4,alternative,374932,2020-01-03 00:45,APAC
5DCpa5sx8KAHUbbMf4Ug3W,Oliver Tree,The State of Pop,Life Goes On,0,161803,False,0.7,0.49,0,-5.187,1,0.076,0.186,0.0,0.117,,79.982,4,alternative,789202,2020-01-03 00:46,EU
1c8XAD2VT1O68YwWvDaJQY,Oliver Tree,Coffee Chill,Life Goes On,2,161803,False,0.7,0.49,0,-5.187,1,0.076,0.186,0.0,0.117,0.569,79.982,4,alternative,325767,2020-01-03 00:47,APAC
2sNvA9nxGE52pupLXhAuDm,Oliver Tree,US Pop 20s,Life Goes On,0,161803,False,0.7,0.49,0,-5.187,1,0.076,0.186,0.0,0.117,0.569,79.982,4,alternative,878387,2020-01-03 00:48,US
1tLemH0qMIlgVyijet0z3S,Oliver Tree,Relaxing Pop,Life Goes On,2,161803,False,0.7,0.49,0,-5.187,1,0.076,0.186,0.0,0.117,0.569,79.982,4,alternative,428542,2020-01-03 00:49,LATAM
6s2tPtqrO3yzNR84vcMMU0,Oliver Tree,Indie Chill Out,Cowboys Don't Cry,3,189969,False,0.608,0.638,8,-7.215,1,0.0561,0.217,0.0,0.324,,87.956,4,alternative,136626,2020-01-03 00:50,MENA
1v3rsZZAH13mnXEEz3AEL5,"Dominic Fike;""Zendaya",Autumn Vibe,"Elliot’s Song - From """"""""Euphoria"""""""" An HBO Original Series""""",1,152144,False,0.341,0.266,4,-17.251,1,0.146,0.831,0.0,0.113,0.388,184.14,4,alternative,234947,2020-01-03 00:51,APAC
5miFSFpVtDCmHp21YLkaHV,Oliver Tree,Here to Forever - All New Indie,Placeholder,1,159818,False,0.678,0.696,2,-4.361,1,0.0336,0.0346,0.0,0.374,0.421,82.489,4,alternative,825630,2020-01-03 00:52,LATAM
7CwwtOtObfhHMoYsh9gfTc,Oliver Tree,Internet Sensations,Placeholder,7,159818,False,0.678,0.696,2,-4.361,1,0.0336,0.0346,0.0,0.374,0.421,82.489,4,alternative,884892,2020-01-03 00:53,EU
1CWoIqBEZLUsB9wjZyjRkg,Oliver Tree,All Out Alternative,Placeholder,4,159818,False,0.678,0.696,2,-4.361,1,0.0336,0.0346,0.0,0.374,0.421,82.489,4,alternative,290781,2020-01-03 00:54,US
1bOENKlPYEDXyH9kLFUsnj,Nickelback,Timeless Rock Hits,Animals,3,185906,False,0.569,0.963,7,-3.069,1,0.0593,0.000787,0.0256,0.22,0.82,76.995,4,alternative,641906,2020-01-03 00:55,MENA
4D8xgk4Cin0beAmJlTzohD,Florence + The Machine,Sad Covers 2022,Stand By Me,3,245780,False,0.598,0.335,9,-6.791,1,0.0282,0.841,0.00016,0.194,0.245,107.988,4,alternative,616911,2020-01-03 00:56,US
4FbHin5O4lPRgERdQEy6rB,Florence + The Machine,Fall Aesthetic,The Bomb,0,164566,False,0.589,0.197,11,-8.684,1,0.0338,0.909,0.000144,0.0876,0.307,110.699,4,alternative,220407,2020-01-03 00:57,APAC
2cxo6cXWQCDdPTePV3d5Tu,Florence + The Machine,Helloween Party,Seven Devils,2,303253,False,0.37,0.767,9,-5.555,0,0.0363,0.00762,0.000125,0.0583,0.21,58.494,4,alternative,506795,2020-01-03 00:58,LATAM
4SmpAA1iwwFw9hQ5FmYLuq,Avenged Sevenfold,Metal,Hail to the King,0,305906,False,,0.916,3,-4.357,0,0.0387,0.000295,0.0255,0.126,0.68,118.002,4,alternative,724472,2020-01-03 00:59,US
0FrFqoPT7JB0ezIU9g2OLC,Deftones,Metal,Ohms,0,250222,False,,,4,-2.64,1,0.117,0.000108,0.0241,0.117,0.371,173.097,3,alternative,970412,2020-01-03 01:00,APAC
1X19KuKnCG4l9kl2QXcNuD,Mon Laferte,Rock un sentimiento vol. I,Salvador,0,201986,False,0.499,0.495,10,-9.166,0,0.0286,0.263,4.48e-05,0.104,0.473,99.957,4,alternative,862898,2020-01-03 01:01,US
06nOZkGMDu2cVCUvuKWjeI,Florence + The Machine,Helloween Party,Howl,1,214053,False,0.577,0.866,0,-4.05,1,0.0601,0.006,0.000708,0.164,0.28,130.016,4,alternative,188050,2020-01-03 01:02,US
7oex5ickCMbEeBYP9uuQFH,Florence + The Machine,Halloween Hits,Seven Devils,1,303253,False,0.37,0.767,9,-5.555,0,0.0363,0.00762,0.000125,0.0583,0.21,58.494,4,alternative,313781,2020-01-03 01:03,LATAM
2gBHPw488fjNjHIpBJl8Kk,Florence + The Machine,Pop & Halloween,Howl,1,214053,False,0.577,0.866,0,-4.05,1,0.0601,0.006,0.000708,0.164,0.28,130.016,4,alternative,493039,2020-01-03 01:04,APAC
5PbQBGeK9air60kXQlNHR4,Florence + The Machine,Halloween Hits,Girl With One Eye,1,218613,False,0.421,0.529,9,-6.302,0,0.131,0.435,0.0,0.148,0.212,133.894,3,alternative,235540,2020-01-03 01:05,MENA
66qTw96JwPJvUYsWiyyVGH,Florence + The Machine,Helloween Party,Girl With One Eye,0,218613,False,0.421,0.529,9,-6.302,0,0.131,0.435,0.0,0.148,0.212,133.894,3,alternative,613618,2020-01-03 01:06,APAC
6Fg7Zm99hVTt5Wv7NPQf11,Florence + The Machine,Happy Haunted Halloween Tunes,Howl,1,214053,False,0.577,0.866,0,-4.05,1,0.0601,0.006,0.000708,0.164,0.28,130.016,4,alternative,107755,2020-01-03 01:07,APAC
7MWBaRLGmvflqPoewBGbMj,Florence + The Machine,OO's Music Grandi Successi,You've Got The Love,0,168666,False,0.574,0.696,6,-4.697,1,0.0327,0.00481,0.0,0.102,0.401,109.877,4,alternative,202169,2020-01-03 01:08,APAC
6vT20BVB14V8598mGV1vSS,Florence + The Machine,Pop & Halloween,Girl With One Eye,0,218613,False,0.421,0.529,9,-6.302,0,0.131,0.435,0.0,0.148,0.212,133.894,3,alternative,142525,2020-01-03 01:09,US
4fvKqLGqlsj7giLICaxTXl,Julieta Venegas,Éxitos del Pop en Español de los Años 2000,Limón y Sal,0,205213,False,0.625,0.653,11,-5.967,1,0.0257,0.124,0.0,0.346,0.605,110.972,4,alternative,365938,2020-01-03 01:10,US
29RiulWABWHcTRLkDqVCl1,Korn,Metal,Rotting in Vain,0,213000,True,0.498,0.946,2,-4.792,1,0.0602,0.000121,2.53e-05,0.359,0.31,106.276,4,alternative,786025,2020-01-03 01:11,LATAM
14jEv2xc6r43y0Nm2ymswN,Mon Laferte,tardes tranqui,Amor Completo,0,241880,False,0.389,,4,-8.976,1,0.027,0.664,5.71e-05,0.108,0.347,175.567,3,alternative,259544,2020-01-03 01:12,APAC
2vU6bm5hVF2idVknGzqyPL,The Offspring,Alternative Christmas 2022,Christmas (Baby Please Come Home),0,187355,False,0.437,0.878,0,-4.687,1,0.0452,0.0112,0.0,0.126,0.623,128.043,4,alternative,988466,2020-01-03 01:13,APAC
0XgHNxz37RYVl1VDom3PNx,Florence + The Machine,Halloween & Alternative,Seven Devils,0,303253,False,0.37,0.767,9,-5.555,0,0.0363,0.00762,0.000125,0.0583,0.21,58.494,4,alternative,342587,2020-01-03 01:14,EU
6agwd0jyOXzwP7ajAwlSeN,Florence + The Machine,Halloween Scary Party,Howl,0,214053,False,0.577,0.866,0,-4.05,1,0.0601,0.006,0.000708,0.164,0.28,130.016,4,alternative,140392,2020-01-03 01:15,APAC
7BsPT8jICeKZdoTmLBMDxS,Mon Laferte,Rock un sentimiento vol. I,Tu Falta De Querer,0,278546,False,0.394,0.473,10,-7.935,1,0.0281,0.0247,0.00684,0.112,0.45,129.996,3,alternative,401943,2020-01-03 01:16,US
4eCQkJy0Gq9i5lQqOJcVKN,Avenged Sevenfold,Metal Lives!,Hail to the King,0,305906,False,0.58,,3,-4.357,0,0.0387,0.000295,0.0255,0.126,0.68,118.002,4,alternative,773263,2020-01-03 01:17,MENA
4nzIpIeHWiuFQnOV5ZELnj,Deftones,Metal Lives!,Ohms,0,250222,False,0.112,0.978,4,-2.64,1,0.117,0.000108,0.0241,0.117,0.371,173.097,3,alternative,195986,2020-01-03 01:18,APAC
4f2pSxIgf6TLd6O8GaC33a,Mon Laferte;Juanes,Alternativo diferente latino,Amárrame,0,207333,False,0.565,0.667,5,-4.679,0,0.0495,0.24,0.00166,0.106,0.78,180.041,4,alternative,164675,2020-01-03 01:19,MENA
4kqgYiNDWcwo9KBq4rz87l,Mon Laferte,Rock un sentimiento vol. I,Cuando Era Flor,0,281600,False,0.568,0.642,4,-6.736,0,0.0603,0.374,0.00681,0.131,0.476,177.669,4,alternative,864408,2020-01-03 01:20,APAC
0Zj4igNaBPjudrsnVLTstx,Mon Laferte;Guaynaa,Halloween 2022 Perreo Vol. 5,Plata Ta Tá,2,255506,False,0.813,0.796,4,-5.545,0,0.164,0.156,0.038,0.114,0.542,95.027,4,alternative,632918,2020-01-03 01:21,LATAM
0nI0q4NuoOIskGNRizI6vs,Korn,Metal Lives!,Rotting in Vain,0,213000,True,0.498,0.946,2,-4.792,1,0.0602,0.000121,2.53e-05,0.359,0.31,106.276,4,alternative,408920,2020-01-03 01:22,EU
7zwn1eykZtZ5LODrf7c0tS,The Neighbourhood,Hard To Imagine The Neighbourhood Ever Changing,You Get Me So High,83,153000,False,0.551,0.881,7,-6.099,0,0.0542,0.186,0.0791,0.152,0.387,88.036,4,alternative,780466,2020-01-03 01:23,US
22I3h5AOENlH4CqXJsEbFR,Justine Skye;Tyga,Collide (feat. Tyga),Collide (feat. Tyga),75,260169,True,0.418,0.31,11,-9.869,0,0.0625,0.095,0.0,0.216,0.131,139.614,4,alternative,859892,2020-01-03 01:24,MENA
1r1fPuhj9H4VdXr7OK6FL5,Linkin Park,LIVING THINGS,CASTLE OF GLASS,73,205400,False,0.615,0.911,1,-3.584,0,0.0278,0.0686,0.00188,0.0908,0.685,108.0,4,alternative,423283,2020-01-03 01:25,US
4vJfxpYeM088ddkHtSNqP1,Evanescence,Rock & Halloween,Haunted,3,185440,False,0.37,,4,-4.588,0,0.0625,0.00959,0.00449,0.107,0.16,155.671,4,alternative,605062,2020-01-03 01:26,EU
7uCBGNn991AM68fR4tSDco,The Score,Carry On,Born For This,69,237375,False,0.411,0.675,5,-6.251,0,0.0591,0.063,0.0,0.092,0.545,130.134,4,alternative,109841,2020-01-03 01:27,US
7oMO1B9CB4ZPYPLeVe32OY,R.E.M.,90's Music Grandi Successi,Losing My Religion,0,268426,False,,0.854,9,-5.051,0,0.0295,0.179,1.2e-06,0.0986,0.803,125.637,4,alternative,375518,2020-01-03 01:28,LATAM
7yI7YDsXGrwUX8sFTXXnVV,Weezer,Los Clásicos del Pop 90s,Say It Ain't So,1,258825,False,0.635,0.551,3,-7.136,1,0.0354,0.00743,1.82e-05,0.07,0.451,151.779,4,alternative,635669,2020-01-03 01:29,APAC
7M62cpl1L8v53XwfCZ2GYD,Skillet,Rock - Best of 2022,Surviving the Game,4,238870,False,0.535,0.979,8,-3.593,1,0.0597,0.000666,0.0,0.084,0.432,103.996,4,alternative,277390,2020-01-03 01:30,MENA
24TdORdiwpuE1EH7fh1fNQ,Evanescence,Halloween Scary Party,Bring Me To Life,0,235893,False,,0.943,4,-3.188,0,0.107,0.00721,2.06e-06,0.242,0.298,189.985,4,alternative,992119,2020-01-03 01:31,MENA
5cOdPnKDyhdFnB6X3V3JkK,Evanescence,Twisted Halloween Hits,Bring Me To Life,0,235893,False,0.318,0.943,4,-3.188,0,0.107,0.00721,2.06e-06,0.242,0.298,189.985,4,alternative,974027,2020-01-03 01:32,LATAM
3qmncUJvABe0QDRwMZhbPt,Weezer,90's Music Grandi Successi,Say It Ain't So,2,258825,False,0.635,0.551,3,-7.136,1,0.0354,0.00743,1.82e-05,0.07,0.451,151.779,4,alternative,331855,2020-01-03 01:33,LATAM
6Byuke1Ac5qWJHFgzu7byM,Weezer,Rock - Best of 2022,Records,4,208920,False,0.658,0.773,11,-5.119,1,0.0244,0.000901,0.0,0.194,0.66,100.006,4,alternative,456726,2020-01-03 01:34,MENA
6buVxRwPapLwrXwIsTiSfm,Disturbed,Metal,Hey You,0,268481,False,0.5,0.982,1,-3.496,1,0.0727,4.72e-05,4.28e-05,0.0447,0.507,103.033,4,alternative,270541,2020-01-03 01:35,EU
5SqrY9AWeRXqwgLCnLO2A0,Evanescence,Halloween 2022,Bring Me To Life,0,235893,False,0.318,0.943,4,-3.188,0,0.107,0.00721,2.06e-06,0.242,0.298,189.985,4,alternative,553554,2020-01-03 01:36,LATAM
3tqEDIkPhrv2AgXjQHKIwj,Disturbed,Rock Brandneu,Hey You,1,268481,False,0.5,0.982,1,-3.496,1,0.0727,4.72e-05,4.28e-05,0.0447,0.507,103.033,4,alternative,211533,2020-01-03 01:37,LATAM
6WwoaXSpEJ75vG1t674Cmm,Weezer,Fishing Music,Say It Ain't So,0,258825,False,0.635,0.551,3,-7.136,1,0.0354,0.00743,1.82e-05,0.07,0.451,151.779,4,alternative,451852,2020-01-03 01:38,APAC
0l6b6fXyv5BHHoJizlq2De,Mon Laferte,Alternativo diferente latino,Zombie,0,215813,False,0.727,0.468,11,-7.744,0,0.0549,0.69,0.0148,0.25,0.346,116.823,4,alternative,599729,2020-01-03 01:39,MENA
1EeI6tvN2c7erYcOdM0Ljp,Disturbed,20's Rock,If I Ever Lose My Faith In You,0,274055,False,0.379,0.562,10,-8.078,1,0.0376,0.0741,1.17e-05,0.137,0.172,173.861,4,alternative,650659,2020-01-03 01:40,APAC
11oRhYmKwkh6iUTC521TSk,Weezer,Top of the Rock,Records,0,208920,False,0.658,0.773,11,-5.119,1,0.0244,0.000901,0.0,0.194,0.66,100.006,4,alternative,636799,2020-01-03 01:41,APAC
61c2cPZd0ZZr7W2X5d0bUR,Weezer,Rock Workout 2023,Buddy Holly,2,159226,False,0.555,0.921,8,-4.606,1,0.0369,0.00264,0.000205,0.117,0.775,121.141,4,alternative,299277,2020-01-03 01:42,APAC
2q9STTSwMoEVLyvlNZyOdA,Weezer,Rock Brandneu,Records,0,208920,False,0.658,,11,-5.119,1,0.0244,0.000901,0.0,0.194,0.66,100.006,4,alternative,813042,2020-01-03 01:43,LATAM
5oJgIQPvytf2nR7WX3vZLn,Weezer,Tek It - New Noise,Records,0,208920,False,0.658,0.773,11,-5.119,1,0.0244,0.000901,0.0,0.194,0.66,100.006,4,alternative,722573,2020-01-03 01:44,US
65mksf4l4ShgosppsGHoVR,Weezer,90's Music Grandi Successi,Buddy Holly,0,159226,False,0.555,0.921,8,-4.606,1,0.0369,0.00264,0.000205,0.117,0.775,121.141,4,alternative,777765,2020-01-03 01:45,US
0LvONfXemxF8eUKovfhZdH,Skillet,Metal,Feel Invincible,0,229933,False,0.603,0.886,5,-3.777,0,0.0837,0.00045,0.0,0.26,0.395,126.027,4,alternative,521067,2020-01-03 01:46,APAC
7cEZSmCRCiOU1nsCuAtx0F,Weezer,Mirando las nubes,Island In The Sun,1,200053,False,0.654,0.794,4,-6.288,0,0.0284,0.00769,0.00134,0.165,0.678,114.62,4,alternative,903286,2020-01-03 01:47,APAC
1l1ra0gsPlpnDOc4HdkKZU,Weezer,Emo Christmas 2022,O Come All Ye Faithful,0,124653,False,0.516,0.818,11,-6.076,1,0.0393,0.00701,0.0,0.337,0.769,121.907,4,alternative,450871,2020-01-03 01:48,US
1cz1Z22xmJQaALUgUXzUaq,Disturbed,Timeless Rock Hits,Land of Confusion,1,287066,False,0.553,0.991,8,-3.703,1,0.0925,4.44e-05,0.0729,0.179,0.324,114.919,4,alternative,825194,2020-01-03 01:49,MENA
03I89EqsberXEAapUd1yWu,Weezer;AJR,Here to Forever - All New Indie,All My Favorite Songs,0,170720,False,0.605,0.7,4,-6.47,1,0.0277,0.00998,0.0,0.116,0.588,84.962,4,alternative,283176,2020-01-03 01:50,MENA
2Nmgl5ms85CE90Yu4lm8jL,Weezer,Alternative Christmas 2022,O Holy Night,0,244306,False,,0.609,3,-7.724,1,0.0482,0.359,0.0,0.1,0.0988,197.819,3,alternative,322540,2020-01-03 01:51,APAC
0PSKFp3zoNmJzDsOHeLV6l,The Smashing Pumpkins,Alternative Christmas 2022,Christmastime,0,196723,False,0.165,0.434,0,-8.163,1,0.0288,0.316,0.171,0.213,0.186,77.983,3,alternative,574069,2020-01-03 01:52,US
06feZZKF0F6FRvSTHCR0a4,Mon Laferte,noches de lluvia,Amor Completo,0,241880,False,0.389,0.418,4,29.187,1,0.027,0.664,5.71e-05,0.108,0.347,329.093,3,alternative,600289,2020-01-03 01:53,MENA
2MCUHzFEXf39cyzcNyKw7B,Weezer;AJR,All Out Alternative,All My Favorite Songs,0,170720,False,0.605,0.7,4,-6.47,1,0.0277,0.00998,0.0,0.116,0.588,84.962,4,alternative,771593,2020-01-03 01:54,US
6GwXhxrjTEVuBZC7jnB7f1,Disturbed,Metal Lives!,Hey You,0,268481,False,0.5,0.982,1,-3.496,1,0.0727,4.72e-05,4.28e-05,0.0447,0.507,103.033,4,alternative,367670,2020-01-03 01:55,LATAM
2YIm6Yfa0C3IxkRHDQdk1d,Skillet,Top of the Rock,Surviving the Game,0,238870,False,0.535,0.979,8,-3.593,1,0.0597,0.000666,0.0,0.084,0.432,103.996,4,alternative,885384,2020-01-03 01:56,MENA
3BcoBRPyr5UqYdeoF9clb7,Mon Laferte,Café en casa,Antes De Ti,1,242600,False,0.518,0.598,7,-4.579,0,0.0251,0.239,3.92e-06,0.243,0.322,92.026,4,alternative,396806,2020-01-03 01:57,LATAM
3M1kaOBZv0cvlXK7xYCT1Z,Weezer,Rock n Roll Christmas,O Come All Ye Faithful,0,124653,False,0.516,0.818,11,-6.076,1,0.0393,0.00701,0.0,0.337,0.769,121.907,4,alternative,580764,2020-01-03 01:58,US
0lpdGobBIXUFiPaZpDR1Bj,Skillet,Rock Brandneu,Surviving the Game,0,238870,False,0.535,0.979,8,-3.593,1,0.0597,0.000666,0.0,0.084,0.432,103.996,4,alternative,938749,2020-01-03 01:59,EU
6t1wUup2mF3IpJhMfAwoDl,Disturbed,Just Best Covers,If I Ever Lose My Faith In You,0,274055,False,0.379,,10,-8.078,1,0.0376,0.0741,1.17e-05,0.137,0.172,173.861,4,alternative,585461,2020-01-03 02:00,US
4fdy3vg2bCXU6L77vC6li8,The Smashing Pumpkins,Alternative Christmas 2022,Christmastime,0,196723,False,0.165,0.434,0,-8.163,1,0.0288,0.316,0.171,0.213,0.186,77.983,3,alternative,713705,2020-01-03 02:01,APAC
1wmOubz5LefeGM4KDAcsfz,Weezer,Christmas Rock 2022,O Come All Ye Faithful,0,124653,False,0.516,0.818,11,-6.076,1,0.0393,0.00701,0.0,0.337,,121.907,4,alternative,917761,2020-01-03 02:02,APAC
08k0JhCj8oJLB7Xuclr57s,Weezer,Fiesta temática 90s,My Name Is Jonas,1,206120,False,0.261,0.947,11,-3.031,1,0.0487,0.000193,0.00326,0.31,0.552,185.942,3,alternative,977130,2020-01-03 02:03,US
1Vl9pXCmq6m2FbpxqHptTY,The Smashing Pumpkins,Rock & Halloween,Bullet With Butterfly Wings - Remastered 2012,2,257812,False,0.395,0.751,10,-8.547,0,0.0618,5.71e-05,0.838,0.0725,0.455,121.561,4,alternative,549465,2020-01-03 02:04,EU
4yB8TeiQpL09df92fxn5sZ,Mon Laferte;Enrique Bunbury,Rock un sentimiento vol. I,Mi Buen Amor,0,227586,False,0.403,0.533,7,-4.633,1,0.0271,0.589,5.01e-06,0.136,0.283,98.741,3,alternative,475220,2020-01-03 02:05,APAC
3xpTUiMi6HdL0dWEKQdUTT,Mon Laferte;Enrique Bunbury,noches de lluvia,Mi Buen Amor,0,227586,False,0.403,0.533,7,-4.633,1,0.0271,0.589,5.01e-06,0.136,0.283,98.741,3,alternative,277237,2020-01-03 02:06,EU
3kL8AhqrrhSlGXaT8y5ujT,Mon Laferte,Café en casa,Paisaje Japonés,1,204733,False,0.524,0.361,0,-6.21,1,0.0406,0.725,0.00385,0.0975,0.203,172.002,3,alternative,583693,2020-01-03 02:07,EU
4eMjf9FgbmFQ6yHZD5EsgX,Skillet,Metal Lives!,Feel Invincible,0,229933,False,0.603,0.886,5,-3.777,0,0.0837,0.00045,0.0,0.26,0.395,126.027,4,alternative,926503,2020-01-03 02:08,LATAM
6RYHGsmhxeZ5694zS1zDF6,Weezer,Rock n Roll Christmas,We Wish You A Merry Christmas,0,84973,False,0.387,0.786,11,-4.127,1,0.0436,0.0195,0.0,0.123,0.462,149.806,3,alternative,538403,2020-01-03 02:09,LATAM
22rUY52RY8r6fi66gtEono,Weezer,Alternative Christmas 2022,We Wish You A Merry Christmas,0,84973,False,0.387,0.786,11,-4.127,1,0.0436,0.0195,0.0,0.123,0.462,149.806,3,alternative,413629,2020-01-03 02:10,US
3v8CoiN19zAzkTG0E7TBTN,Weezer,Christmas Rock 2022,We Wish You A Merry Christmas,0,84973,False,0.387,0.786,11,-4.127,1,0.0436,0.0195,0.0,0.123,0.462,149.806,3,alternative,196558,2020-01-03 02:11,US
7mntHnF2frXuZwFAp8ouCB,Weezer,Alternative Christmas 2022,We Wish You A Merry Christmas,0,84973,False,0.387,0.786,11,-4.127,1,0.0436,0.0195,0.0,0.123,0.462,149.806,3,alternative,450758,2020-01-03 02:12,US
2xql0pid3EUwW38AsywxhV,The Neighbourhood,Hard To Imagine The Neighbourhood Ever Changing,Reflections,80,244013,False,0.648,0.594,11,-7.027,0,0.0293,0.114,0.0462,0.116,0.544,113.983,4,alternative,313031,2020-01-03 02:13,US
2pgDBO0ZAgvye7joSmdDm8,Amaarae;Moliy,THE ANGEL YOU DON'T KNOW,SAD GIRLZ LUV MONEY,62,196420,True,0.883,0.492,1,-7.979,0,0.0725,0.447,0.0019,0.128,0.296,109.974,4,alternative,979041,2020-01-03 02:14,EU
5lYLBAH2uSvERWy8GAcBJz,Amaarae;Kali Uchis;Moliy;xxtristanxo,SAD GIRLZ LUV MONEY Remix (feat. Kali Uchis and Moliy) [Slowed + Reverb],SAD GIRLZ LUV MONEY Remix (feat. Kali Uchis and Moliy) - Slowed + Reverb,57,138646,True,0.774,0.579,10,-6.2,0,0.0699,0.343,0.0,0.131,0.418,92.399,4,alternative,574872,2020-01-03 02:15,EU
70LcF31zb1H0PyJoS1Sx1r,Radiohead,Pablo Honey,Creep,85,238640,True,0.515,0.43,7,-9.935,1,0.0372,0.0097,0.000133,0.129,0.104,91.844,4,alternative,223288,2020-01-03 02:16,US
3SWqGa1J0M7hSBUDM0KePD,The Score,ATLAS,Legend,71,189120,False,0.601,0.757,2,-3.341,1,0.028,0.0139,8.85e-05,0.0727,0.462,82.001,4,alternative,160636,2020-01-03 02:17,EU
0tFUl3tPqBzUM2aV0gitdq,Bella Poarch,Dolls,Dolls,68,132793,False,0.841,0.698,4,-6.588,0,0.261,0.211,0.0,0.203,0.372,118.018,4,alternative,865668,2020-01-03 02:18,US
1EQFOouqdKYdpbNoOHRVO2,GAYLE,abcdefu (angrier),abcdefu (angrier),72,159836,True,0.671,0.599,4,-6.18,1,0.0405,0.0658,0.0,0.101,0.448,121.849,3,alternative,938314,2020-01-03 02:19,LATAM
77loZpT5Y5PRP1S451P9Yz,Hoobastank,The Reason (15th Anniversary Deluxe),The Reason,81,232800,False,0.472,0.671,4,-4.649,1,0.029,0.0129,0.0,0.159,0.0681,82.952,4,alternative,786702,2020-01-03 02:20,EU
5KqmpRieVH3WGO1D9kcVzQ,GAYLE,Pop Hits Now,ur just horny,0,178787,True,0.529,0.897,1,-4.713,0,0.0726,0.221,0.0,0.0399,0.885,180.118,4,alternative,211459,2020-01-03 02:21,APAC
3VEEFoeRv26mQmOzGU3Ckg,GAYLE,New Pop Icons,ur just horny,0,178787,True,0.529,0.897,1,-4.713,0,0.0726,0.221,0.0,0.0399,0.885,180.118,4,alternative,188456,2020-01-03 02:22,APAC
22tX97U8EfPWu1cFoqKowu,GAYLE,Coffee Moment,god has a sense of humor,0,170771,False,0.494,0.45,2,-8.072,1,0.0687,0.622,0.0,0.242,0.368,65.252,4,alternative,278182,2020-01-03 02:23,LATAM
1xXhmlLGiXcm5tXvw41Hpt,GAYLE,Baddest of Them All,abcdefu,0,168601,True,0.695,0.54,4,-5.692,1,0.0493,0.299,0.0,0.367,0.415,121.932,4,alternative,776022,2020-01-03 02:24,APAC
1wPUjPJB5U49st6rPTdhT1,GAYLE,Autumn Hits,abcdefu (chill),0,176765,True,0.554,0.429,1,-7.687,0,0.0334,0.0405,0.0,0.23,0.195,112.899,4,alternative,788788,2020-01-03 02:25,MENA
2BTOY30m9duFKGrzQk8wWi,GAYLE,Daily Pop Mix,indieedgycool,0,146769,True,,0.773,11,-6.253,0,0.0764,0.0364,0.0,0.235,0.547,98.011,4,alternative,854062,2020-01-03 02:26,EU
5KXEUYNvmPhOTsfxuWAXdp,GAYLE,20's Rock,abcdefu (angrier),0,159836,True,0.671,0.599,4,-6.18,1,0.0405,0.0658,0.0,0.101,0.448,121.849,3,alternative,187240,2020-01-03 02:27,EU
7qvxyKLc49nd9kGXpT5S95,GAYLE,Indie Chill Out,god has a sense of humor,1,170771,False,0.494,0.45,2,-8.072,1,0.0687,0.622,0.0,0.242,0.368,65.252,4,alternative,237892,2020-01-03 02:28,US
7vDYJttCFTBAMwd1kHRTnn,GAYLE,Back to School!,abcdefu,0,168601,True,0.695,0.54,4,-5.692,1,0.0493,0.299,0.0,0.367,0.415,121.932,4,alternative,910249,2020-01-03 02:29,APAC
2FphpfBhQgCJ8dgId2WN9o,GAYLE,It's You - Fresh Hits,abcdefu,0,168601,True,0.695,0.54,4,-5.692,1,0.0493,0.299,0.0,0.367,0.415,121.932,4,alternative,935868,2020-01-03 02:30,MENA
1XPAphgEXCVkWMpGx3aF8U,GAYLE,Give You Love - Cozy Hits,abcdefu (chill),0,176765,True,0.554,0.429,1,-7.687,0,0.0334,0.0405,0.0,0.23,0.195,112.899,4,alternative,753130,2020-01-03 02:31,MENA
67bC7GO85hWwesCwEuvzpW,GAYLE,US Pop 20s,abcdefu,0,168601,True,0.695,0.54,4,-5.692,1,0.0493,0.299,0.0,0.367,0.415,121.932,4,alternative,195434,2020-01-03 02:32,LATAM
1mOzPMglrTCthDrUpN4xu5,GAYLE,I'm Blue - Hits of 2022,abcdefu,1,168601,True,0.695,0.54,4,-5.692,1,0.0493,0.299,0.0,0.367,0.415,121.932,4,alternative,161758,2020-01-03 02:33,LATAM
5RQwXLJCFIG5QLmjga6WU8,GAYLE,Beautiful Trending Hits 2022,abcdefu,3,168601,True,0.695,0.54,4,-5.692,1,0.0493,0.299,0.0,0.367,0.415,121.932,4,alternative,150028,2020-01-03 02:34,LATAM
2bkJyEAy4nmVybyBsQ9kX9,GAYLE,New Pop Classics,indieedgycool,2,146769,True,0.728,0.773,11,-6.253,0,0.0764,0.0364,0.0,0.235,0.547,98.011,4,alternative,722661,2020-01-03 02:35,EU
0Ie7tyxtKMKzLnDF4pvt8r,GAYLE,Running Songs,abcdefu,0,168601,True,0.695,0.54,4,-5.692,1,0.0493,0.299,0.0,0.367,0.415,121.932,4,alternative,861369,2020-01-03 02:36,LATAM
340BPA00CljfaZLOnRHmz2,GAYLE,Hit After Hit,abcdefu,0,168601,True,0.695,0.54,4,-5.692,1,0.0493,0.299,0.0,0.367,0.415,121.932,4,alternative,668465,2020-01-03 02:37,LATAM
5BRYHQInBNuSkYrgloSaKZ,GAYLE,u don't deserve me,god has a sense of humor,2,170771,False,0.494,0.45,2,-8.072,1,0.0687,0.622,0.0,0.242,0.368,65.252,4,alternative,335891,2020-01-03 02:38,US
3zavrx2VN39liXHZnuoewy,GAYLE,Hits Hits Hits,abcdefu,0,168601,True,0.695,0.54,4,-5.692,1,0.0493,0.299,0.0,0.367,0.415,121.932,4,alternative,781613,2020-01-03 02:39,APAC
1SgyVVPmNDMPoZyGgCvMsa,GAYLE;The Wild,Trending Pop,abc - The Wild Remix,0,182903,False,0.693,0.874,1,-3.923,0,0.0693,0.034,8.33e-06,0.289,0.647,123.979,5,alternative,153217,2020-01-03 02:40,MENA
09U6J5tJReTj805MdctJF4,GAYLE;The Wild,Today's Party Hits,abc - The Wild Remix,0,182903,False,0.693,0.874,1,-3.923,0,0.0693,0.034,8.33e-06,0.289,0.647,123.979,5,alternative,845377,2020-01-03 02:41,US
5MJlPY4rMBN0xJDKf8Js7n,GAYLE;The Wild,Upbeat Pop,abc - The Wild Remix,0,182903,False,0.693,0.874,1,-3.923,0,0.0693,0.034,8.33e-06,0.289,0.647,123.979,5,alternative,902693,2020-01-03 02:42,MENA
40XCot3weXxU2B3eDbU6Ct,GAYLE,Pop Brandneu,indieedgycool,0,146769,True,0.728,0.773,11,-6.253,0,0.0764,0.0364,0.0,0.235,0.547,98.011,4,alternative,746514,2020-01-03 02:43,EU
7nTy3uP0gaUjQsPaRT5Xf9,GAYLE;The Wild,From The Ashes - New Beats,abc - The Wild Remix,0,182903,False,0.693,0.874,1,-3.923,0,0.0693,0.034,8.33e-06,0.289,0.647,123.979,5,alternative,891337,2020-01-03 02:44,MENA
5LoDOM7j5uQp30assYbt9m,GAYLE,Your Perfect Soundtrack,indieedgycool,0,146769,True,0.728,,11,-6.253,0,0.0764,0.0364,0.0,0.235,,98.011,4,alternative,627558,2020-01-03 02:45,APAC
2Sq1Nttn8R9KLijPSD5nGB,GAYLE,Here to Forever - All New Indie,abcdefu (angrier),0,159836,True,0.671,0.599,4,-6.18,1,0.0405,0.0658,0.0,0.101,0.448,121.849,3,alternative,521527,2020-01-03 02:46,US
7tnE9vy6FCRtbZql5E3k9a,GAYLE,All That Really Matters - Just Hits,indieedgycool,2,146769,True,0.728,0.773,11,-6.253,0,0.0764,0.0364,0.0,0.235,,98.011,4,alternative,390216,2020-01-03 02:47,APAC
5PpMriTcsvpflaCokh9Fnw,GAYLE,All Out Alternative,abcdefu (angrier),0,159836,True,0.671,0.599,4,29.584,1,0.0405,0.0658,0.0,0.101,0.448,336.528,3,alternative,929537,2020-01-03 02:48,US
10UmwJAOxFM9XdTp6stN1i,Evanescence,Halloween Spooky Party 2022,Bring Me To Life,0,235893,False,0.318,0.943,4,-3.188,0,0.107,0.00721,2.06e-06,0.242,0.298,189.985,4,alternative,727545,2020-01-03 02:49,APAC
4Ql5Q06HoJeQmpIBl9TngL,Evanescence,Helloween Party,Bring Me To Life,2,235893,False,0.318,0.943,4,-3.188,0,0.107,0.00721,2.06e-06,0.242,0.298,189.985,4,alternative,271444,2020-01-03 02:50,EU
7aDOJxh95VAx7G76l9YajI,Zoé,noches de lluvia,Azul,0,194506,False,0.511,0.714,9,-6.414,1,0.0368,0.0504,0.56,0.105,0.521,98.008,4,alternative,961273,2020-01-03 02:51,US
1ko2iL09yVsV57V1Z616KP,Evanescence,Halloween Party Canzoni per Bambini 2022,Bring Me To Life,0,235893,False,,0.943,4,-3.188,0,0.107,0.00721,2.06e-06,0.242,0.298,189.985,4,alternative,153284,2020-01-03 02:52,US
1GaLQ64H7Df0HG2cIOXy5i,Evanescence,Halloween Party 2022,Haunted,0,185440,False,0.37,0.861,4,-4.588,0,0.0625,0.00959,0.00449,0.107,0.16,155.671,4,alternative,628769,2020-01-03 02:53,EU
0T7DQlfcadEUEjxoHeQQaL,Zoé,Alternativo diferente latino,Labios Rotos - En Vivo,0,244866,False,0.582,0.755,11,-7.305,1,0.0288,0.0632,0.00658,0.931,0.311,109.061,4,alternative,271488,2020-01-03 02:54,US
0Bhf80gwbCronwcRHW8EZF,Evanescence,Rock & Halloween,Bring Me To Life,2,235893,False,0.318,0.943,4,-3.188,0,0.107,0.00721,2.06e-06,0.242,0.298,189.985,4,alternative,697909,2020-01-03 02:55,APAC
7nW4aS5AeIP0jfoY8ZvlsL,Evanescence,Kick It,Bring Me To Life,0,235893,False,0.318,0.943,4,-3.188,0,0.107,0.00721,2.06e-06,0.242,0.298,189.985,4,alternative,471386,2020-01-03 02:56,APAC
3kQhWtoluFHPbcBC6gyYrZ,Zoé,tardes tranqui,Arrullo De Estrellas,0,252986,False,0.462,0.765,5,-7.011,1,0.036,0.324,0.231,0.0757,0.399,81.513,4,alternative,493414,2020-01-03 02:57,LATAM
4OtSo1ZTQWRWE53ZvBfBTV,R.E.M.,90's Music Grandi Successi,It's The End Of The World As We Know It (And I Feel Fine),0,246933,False,0.381,0.894,7,-8.638,1,0.037,0.0258,0.0,0.0251,0.797,205.528,4,alternative,704387,2020-01-03 02:58,EU
6w1n5rbFLWKscpvAbYGOru,R.E.M.,80s Bangers Vol. 2,It's The End Of The World As We Know It (And I Feel Fine),0,246933,False,0.381,0.894,7,-8.638,1,0.037,0.0258,0.0,0.0251,0.797,205.528,4,alternative,780507,2020-01-03 02:59,US
5j8hhWf7dxILKgMsRSScbM,Zoé,Alternativo diferente latino,Poli / Love - En Vivo,0,256359,False,0.553,0.722,7,-7.794,1,0.0327,0.101,2.83e-05,0.958,0.257,91.267,4,alternative,442037,2020-01-03 03:00,MENA
5Q6fh8OEhBYepJaORz9lxe,The Neighbourhood;Syd,Daddy Issues (Remix) feat. Syd,Daddy Issues (Remix) feat. Syd,75,181186,False,0.623,0.533,10,-8.164,1,0.0653,0.245,0.00717,0.112,0.247,84.982,4,alternative,997899,2020-01-03 03:01,US
0COqiPhxzoWICwFCS4eZcp,Evanescence,Fallen,Bring Me To Life,82,235893,False,0.331,0.943,4,-3.188,0,0.0698,0.00721,2.06e-06,0.242,0.296,94.612,4,alternative,548624,2020-01-03 03:02,EU
73jVPicY2G9YHmzgjk69ae,The 1975,The 1975,Robbers,71,254509,False,0.621,0.692,4,-6.858,1,0.0291,0.000363,1.75e-05,0.335,0.381,99.806,4,alternative,244350,2020-01-03 03:03,LATAM
5j3QqRGflS4o5jbsFSwKW1,DJ Shadow;Mos Def,The Fast And The Furious: Tokyo Drift (Original Motion Picture Soundtrack),Six Days - Remix,66,232000,False,0.641,0.943,5,-6.254,0,0.264,0.0351,0.000259,0.328,0.718,171.811,4,alternative,105758,2020-01-03 03:04,EU
104buTcnP2AsxqB7U1FIZ4,Linkin Park;Kiiara,One More Light,Heavy (feat. Kiiara),69,169800,True,0.59,0.671,9,-6.098,1,0.0706,0.0484,0.0,0.0604,0.438,149.982,4,alternative,282164,2020-01-03 03:05,US
1r6qzxz77Tvbrvqd1Q1MIN,Justine Skye;Tyga,Collide (Remix Pack),Collide (Sped Up Remix),68,221168,True,0.362,0.432,2,-9.359,0,0.112,0.0882,0.0,0.264,0.256,81.29,4,alternative,721983,2020-01-03 03:06,MENA
2ViSWfhT0kvEulXA1HH7Wk,Qveen Herby,EP 8,Sugar Daddy,64,203809,True,0.953,0.453,10,-7.197,1,0.07,0.0605,0.000159,0.625,0.0368,126.009,4,alternative,585493,2020-01-03 03:07,US
5cRKj1kynNFqiliT2ndZ3y,Higuchi Ai,Akuma no Ko,Akuma no Ko,65,227679,False,0.561,0.686,6,-6.273,0,0.0473,0.267,0.0,0.137,0.22,89.97,4,alternative,404047,2020-01-03 03:08,APAC
26ZzSLUJMmYp5u1hDELEWH,Crystal Castles,(III),Transgender,76,184760,False,0.522,0.914,7,-8.285,1,0.0379,0.000164,0.847,0.24,0.0364,137.939,3,alternative,533237,2020-01-03 03:09,LATAM
3BrWLBC4WYx393yRUOlTih,THE ANXIETY;WILLOW;Tyler Cole,Meet Me At Our Spot (Live),Meet Me At Our Spot - Live,67,147828,True,0.694,0.475,2,-7.035,1,0.0345,0.159,3.9e-06,0.103,0.391,94.987,4,alternative,854311,2020-01-03 03:10,US
7oVEtyuv9NBmnytsCIsY5I,Linkin Park,LIVING THINGS,BURN IT DOWN,75,230253,False,,0.972,9,-4.45,0,0.0534,0.0143,0.0,0.0707,0.585,110.006,4,alternative,614412,2020-01-03 03:11,APAC
5Sco7mbJy7p7vdDtJW10fZ,The Score,Pressure,Born For This,65,234013,False,0.631,,5,-6.27,0,0.0405,0.0576,0.0,0.0938,0.528,129.974,4,alternative,152286,2020-01-03 03:12,LATAM
2FML7gk7ac6quGFIjvkDb3,Avenged Sevenfold,Avenged Sevenfold,Dear God,68,393480,False,0.472,0.772,5,18.183,1,0.0316,0.00658,5.65e-05,0.132,0.6,364.969,4,alternative,144166,2020-01-03 03:13,US
2UREu1Y8CO4jXkbvqAtP7g,Skillet,Awake,Monster,77,178013,False,0.64,0.957,8,-2.336,1,0.0741,0.0431,0.0,0.0789,0.692,134.992,4,alternative,533844,2020-01-03 03:14,US
5jjZikDrEd0by1o7V3fO4y,Royal & the Serpent,Overwhelmed,overwhelmed,70,159293,False,0.804,0.323,0,-11.127,0,0.305,0.308,0.0,0.15,0.456,87.019,4,alternative,463848,2020-01-03 03:15,MENA
4pw7EuK2WTWGHI51jCKuGJ,Higuchi Ai,Saiaku Saiai,Akuma no Ko,62,229960,False,0.567,0.663,6,-6.402,0,0.0503,0.223,0.0,0.129,0.187,89.961,4,alternative,865450,2020-01-03 03:16,EU
48UPSzbZjgc449aqz8bxox,Red Hot Chili Peppers,Californication (Deluxe Edition),Californication,82,329733,False,0.592,0.767,9,-2.788,0,0.027,0.0021,0.00165,0.127,0.328,96.483,4,alternative,624679,2020-01-03 03:17,MENA
3dPQuX8Gs42Y7b454ybpMR,The White Stripes,Elephant,Seven Nation Army,84,232106,False,0.743,0.446,4,-7.807,0,0.0683,0.0039,0.118,0.337,0.278,123.596,4,alternative,781174,2020-01-03 03:18,LATAM
10nyNJ6zNy2YVYLrcwLccB,Radiohead,OK Computer,No Surprises,82,229120,False,0.255,0.393,5,-10.654,1,0.0278,0.0577,0.00361,0.113,0.118,76.426,4,alternative,626671,2020-01-03 03:19,MENA
6IbnUaczZBT34DhaD6S18F,MARINA,Electra Heart (Deluxe),Bubblegum Bitch,78,154666,True,0.495,0.856,0,-5.123,0,0.0311,0.000219,0.0,0.103,0.609,158.024,4,alternative,410750,2020-01-03 03:20,US
0AOmbw8AwDnwXhHC3OhdVB,Thousand Foot Krutch,The End Is Where We Begin,Courtesy Call,72,236898,False,0.531,0.638,11,-5.145,0,0.0809,0.00409,0.0,0.0822,0.445,164.079,4,alternative,691599,2020-01-03 03:21,LATAM
6VuztO5yaKP4VjqSkZxpan,Ashes Remain,What I've Become,On My Own,69,172960,False,0.361,0.871,8,-4.313,1,0.0393,0.0119,0.0,0.318,0.575,176.026,4,alternative,659285,2020-01-03 03:22,APAC
5gI0Acwuv7iBUxbgtlDFk4,Freddie Gibbs;Moneybagg Yo,Walk - Fresh Rap Flow,Too Much,0,188869,True,0.799,0.696,1,-6.621,1,0.134,0.211,2.46e-06,0.133,0.414,115.067,4,alternative,748193,2020-01-03 03:23,US
4biLwyzTFqLtDxPPr4Hmy5,Freddie Gibbs;Moneybagg Yo,Sailor on the Moon - Hot New Rap,Too Much,0,188869,True,0.799,,1,-6.621,1,0.134,0.211,2.46e-06,0.133,0.414,115.067,4,alternative,270316,2020-01-03 03:24,US
7lIXhNqUrf0GHCXNbGOEB4,Freddie Gibbs;Moneybagg Yo,Put It on Me: Trending Hip Hop 2022,Too Much,1,188869,True,0.799,0.696,1,-6.621,1,0.134,0.211,2.46e-06,0.133,0.414,115.067,4,alternative,677391,2020-01-03 03:25,LATAM
6onok9bXmlQDiHNt1eWZnN,Freddie Gibbs;Moneybagg Yo,Ghetto Superstar - New Rap Classics,Too Much,2,188869,True,0.799,0.696,1,-6.621,1,0.134,0.211,2.46e-06,0.133,0.414,115.067,4,alternative,356922,2020-01-03 03:26,APAC
74NANS3BFQRnpz3S0JVg5o,3 Doors Down,Emo Christmas 2022,It's Not My Time - Acoustic,0,238373,False,0.674,0.58,0,-8.081,1,0.0312,0.311,2.41e-05,0.198,0.305,128.003,4,alternative,811218,2020-01-03 03:27,US
1BGMcTlICbYWgfjiRrm3RJ,X Ambassadors;Jensen McRae,The Greatest Rock Tunes 2022,skip.that.party,0,231532,True,0.376,0.586,10,-7.165,1,0.0434,0.0131,0.00061,0.0641,0.171,149.734,4,alternative,818671,2020-01-03 03:28,APAC
2Lkn3Of9JHY6RSA8c3omKT,3 Doors Down,Обратно в клас - rock,Here Without You,0,238560,False,0.556,0.545,10,-6.768,0,0.0255,0.0635,0.0,0.124,0.193,143.991,4,alternative,662283,2020-01-03 03:29,APAC
1aL952bo0KZTPevSl3207C,3 Doors Down,Rock Workout 2023,Kryptonite,1,234626,False,0.544,0.848,11,-6.804,0,0.0288,0.00395,5.22e-05,0.134,0.489,99.039,4,alternative,952027,2020-01-03 03:30,EU
18lSBq4bUQg32GeQ8gIu1e,Shinedown,Rock - Best of 2022,Planet Zero,6,222738,False,0.416,0.964,9,-2.967,1,0.112,2.35e-05,0.000875,0.473,0.212,157.925,4,alternative,583756,2020-01-03 03:31,MENA
4MiLgByToEVhuGwc6MrSIX,Breaking Benjamin,Halloween Metal Nights,Blood,3,189120,True,0.477,0.973,4,-2.731,0,0.0766,3.81e-05,3.3e-05,0.289,0.288,90.519,4,alternative,122624,2020-01-03 03:32,EU
5ugV3rhvi2h6l52e1cIfLw,3 Doors Down,Fishing Music,Kryptonite,0,234626,False,0.544,0.848,11,-6.804,0,0.0288,0.00395,5.22e-05,0.134,0.489,99.039,4,alternative,645576,2020-01-03 03:33,APAC
7Bcjjhemjq1HxoWkTw4X6O,Marilyn Manson,Halloween Spooky Party 2022,The Beautiful People,0,222773,True,0.609,0.948,9,-4.938,1,0.113,0.00404,0.0978,0.042,0.786,144.037,4,alternative,799926,2020-01-03 03:34,LATAM
5jTnpbclNqXTV4trZSjoJE,Shinedown,20's Rock,Planet Zero,0,222738,False,0.416,,9,-2.967,1,0.112,2.35e-05,0.000875,0.473,0.212,157.925,4,alternative,191073,2020-01-03 03:35,APAC
5Z2iVSDPvCScP5M5atIt5v,Shinedown,Metal,Planet Zero,0,222738,False,0.416,0.964,9,-2.967,1,0.112,2.35e-05,0.000875,0.473,0.212,157.925,4,alternative,194140,2020-01-03 03:36,APAC
6RLT4oQWaW3WiBmuTFBZnI,Volbeat,Halloween Spooky Party 2022,The Devil's Bleeding Crown,0,238653,False,0.321,0.909,11,-4.612,1,0.041,1.62e-05,0.139,0.0442,0.209,109.653,3,alternative,345840,2020-01-03 03:37,APAC
12sPGeSWgxY2zpPupFYIrZ,Volbeat,Halloween Spooky Party 2022,Sorry Sack Of Bones,0,228666,True,0.407,0.954,7,-3.753,1,0.0532,0.000629,0.186,0.0545,0.454,171.988,4,alternative,859821,2020-01-03 03:38,APAC
7IMnJ5f7mRoGTtf8TPAILw,Volbeat,Halloween Party 2022,The Devil's Bleeding Crown,0,238653,False,,0.909,11,-4.612,1,0.041,1.62e-05,0.139,0.0442,0.209,109.653,3,alternative,574659,2020-01-03 03:39,MENA
36NQtTNiBpURnyDasqNsCf,Shinedown,Top of the Rock,Planet Zero,0,222738,False,0.416,0.964,9,-2.967,1,0.112,2.35e-05,0.000875,0.473,0.212,157.925,4,alternative,978794,2020-01-03 03:40,APAC
41f2eGe9sdVQ56ZjRRrowP,Marilyn Manson,Rock & Halloween,Sweet Dreams (Are Made Of This),2,293293,False,0.221,0.664,0,-5.242,0,0.0379,0.0039,0.657,0.239,0.101,186.044,4,alternative,885687,2020-01-03 03:41,MENA
4bh9zPGpEX1yl9Do6rkhHr,Shinedown,Rock Brandneu,Planet Zero,0,222738,False,,0.964,9,-2.967,1,0.112,2.35e-05,0.000875,0.473,0.212,157.925,4,alternative,599349,2020-01-03 03:42,LATAM
5u4jJAAD6jd0Z741eT7XGP,Volbeat,Twisted Halloween Hits,The Devil's Bleeding Crown,0,238653,False,0.321,0.909,11,-4.612,1,0.041,1.62e-05,0.139,0.0442,0.209,109.653,3,alternative,711145,2020-01-03 03:43,US
5TuTzdZVv2k4Gtl7Rn6pow,Los Enanitos Verdes,Triste Hora,Lamento Boliviano,0,222226,False,0.714,0.734,4,-7.125,0,0.0306,0.176,0.000618,0.115,0.68,123.57,4,alternative,397901,2020-01-03 03:44,US
6jmbmsPYXhA0HHQ7LSxvyD,Shinedown,Metal Lives!,Planet Zero,0,222738,False,0.416,0.964,9,-2.967,1,0.112,2.35e-05,0.000875,0.473,0.212,157.925,4,alternative,181367,2020-01-03 03:45,APAC
12xfRpp5r3akA2BZFPEVwv,Volbeat,Halloween Metal Nights,Heaven Nor Hell,1,322613,False,0.411,0.767,3,-4.211,1,0.056,0.000621,0.00842,0.134,0.659,134.408,4,alternative,458863,2020-01-03 03:46,LATAM
2UzNyk6tBmMaXf1dphGUo0,Volbeat,Halloween Metal Nights,The Devil's Bleeding Crown,0,238653,False,0.321,0.909,11,-4.612,1,0.041,1.62e-05,0.139,0.0442,0.209,109.653,3,alternative,633046,2020-01-03 03:47,EU
11jMqNuaE2vTsBBjESguoL,Los Enanitos Verdes,Triste Hora,Igual Que Ayer,0,290160,False,0.62,0.788,7,-8.646,1,0.0276,0.018,0.0,0.369,0.856,137.129,4,alternative,263973,2020-01-03 03:48,US
71jFgtUBKrBuIO6jeUYu9J,Los Enanitos Verdes,Triste Hora,Mi Primer Dia Sin Ti,0,270640,False,0.522,0.639,9,-5.553,1,0.0246,0.129,0.0,0.185,0.437,83.377,4,alternative,299563,2020-01-03 03:49,MENA
2Ns9vtFyKhGoI0vCFLHQOR,Los Enanitos Verdes,Triste Hora,Eterna Soledad,0,174160,False,0.558,0.403,0,-8.968,1,0.0245,0.328,0.0,0.171,0.148,81.661,4,alternative,113494,2020-01-03 03:50,APAC
2u0CelO5c81XS7z3dGpHbS,The Neighbourhood,Wiped Out!,The Beach,78,255133,False,0.245,0.64,2,-7.426,0,0.0608,0.131,8.11e-06,0.0766,0.105,135.739,4,alternative,760614,2020-01-03 03:51,APAC
0VF7YLIxSQKyNiFL3X6MmN,The Neighbourhood,Chip Chrome & The Mono-Tones (Deluxe),Stargazing,76,217026,False,0.512,0.483,0,-7.798,1,0.0298,0.00304,0.0011,0.12,0.367,160.009,4,alternative,909485,2020-01-03 03:52,EU
5SDcksP8En1l6RtTY1wzHc,Hillsong UNITED;TAYA,Zion,Oceans (Where Feet May Fail),71,536000,False,0.264,0.363,2,-10.196,1,0.0338,0.501,0.00406,0.11,0.0613,124.328,4,alternative,844695,2020-01-03 03:53,EU
64dLd6rVqDLtkXFYrEUHIU,Gorillaz;Tame Impala;Bootie Brown,New Gold (feat. Tame Impala and Bootie Brown),New Gold (feat. Tame Impala and Bootie Brown),82,215149,True,,0.923,1,-3.93,0,0.0522,0.0425,0.0469,0.116,0.551,108.014,3,alternative,441996,2020-01-03 03:54,US
0uBdQzKghx88d2Lp8SLFKJ,The 1975,I'm In Love With You,I'm In Love With You,78,262623,True,0.668,0.902,2,-3.924,1,0.0386,0.169,8.74e-05,0.198,0.913,119.008,4,alternative,634110,2020-01-03 03:55,MENA
0d28khcov6AiegSCpG5TuT,Gorillaz,Demon Days,Feel Good Inc.,84,222640,False,0.818,0.705,6,-6.679,1,0.177,0.00836,0.00233,0.613,0.772,138.559,4,alternative,964722,2020-01-03 03:56,LATAM
2DlHlPMa4M17kufBvI2lEN,System Of A Down,Toxicity,Chop Suey!,83,210240,False,0.417,0.934,7,-3.908,0,0.119,0.000278,0.0015,0.132,0.287,127.066,4,alternative,632225,2020-01-03 03:57,APAC
003vvx7Niy0yvhvHt4a68B,The Killers,Hot Fuss,Mr. Brightside,86,222973,False,0.352,0.911,1,-5.23,1,0.0747,0.00121,0.0,0.0995,0.236,148.033,4,alternative,366298,2020-01-03 03:58,LATAM
3FQCJI2t5LTbsRPfYVBSVB,Linkin Park,One More Light,Battle Symphony,64,216281,False,0.653,0.839,10,-5.077,1,0.0685,0.0369,0.0,0.068,,149.034,4,alternative,404731,2020-01-03 03:59,LATAM
2aibwv5hGXSgw7Yru8IYTO,Red Hot Chili Peppers,Stadium Arcadium,Snow (Hey Oh),80,334666,False,0.427,0.9,11,-3.674,1,0.0499,0.116,1.75e-05,0.119,0.599,104.655,4,alternative,754418,2020-01-03 04:00,APAC
3fjmSxt0PskST13CSdBUFx,Linkin Park,Meteora (Bonus Edition),Somewhere I Belong,73,213933,False,0.451,0.951,1,-3.754,1,0.0645,0.00038,2.39e-06,0.261,0.442,162.065,4,alternative,501624,2020-01-03 04:01,MENA
7Fv8Qp3tTSbSS2VjryUF7L,The Score,ATLAS,Revolution,67,231986,False,0.574,0.833,8,-6.239,0,0.0563,0.0611,0.0,0.105,,86.008,4,alternative,853574,2020-01-03 04:02,LATAM
3K4HG9evC7dg3N0R9cYqk4,Linkin Park,Hybrid Theory (Bonus Edition),One Step Closer,78,157333,False,0.492,0.969,9,-4.419,1,0.0491,0.0014,1.32e-06,0.0787,0.538,95.136,4,alternative,877696,2020-01-03 04:03,LATAM
4Yf5bqU3NK4kNOypcrLYwU,Linkin Park,Meteora,Faint,77,162600,False,,0.978,4,-3.554,1,0.131,0.111,0.0,0.0731,0.594,135.095,4,alternative,132250,2020-01-03 04:04,MENA
2RsAajgo0g7bMCHxwH3Sk0,Nirvana,Nevermind (Remastered),Come As You Are,79,218920,False,0.5,0.824,4,-5.846,0,0.0388,0.00016,0.00161,0.0916,0.539,120.125,4,alternative,750987,2020-01-03 04:05,US
0i8JFpqe9cKwnrcvoNgl1L,Skillet,Unleashed,Feel Invincible,72,229933,False,0.603,0.886,5,-3.777,0,0.0837,0.00045,0.0,0.26,0.395,126.025,4,alternative,432963,2020-01-03 04:06,MENA
4U1WGnRxI57j3Ebi9A3HtD,Marilyn Manson,TOKYO - HALLOWEEN -,アイ・プット・ア・スペル・オン・ユー,0,216735,True,0.611,0.801,11,-5.894,0,0.0733,0.00119,0.513,0.23,0.408,96.875,3,alternative,567777,2020-01-03 04:07,LATAM
1kSjPQCJfwVkPcxflNMJK2,Counting Crows,Christmas Rock 2022,A Long December,0,297293,False,0.403,,5,-5.941,1,0.0284,0.508,0.00548,0.272,0.393,141.649,4,alternative,338314,2020-01-03 04:08,MENA
2YDI2Irzquyw8H8ztLC2ql,Counting Crows,Rock n Roll Christmas,A Long December,0,297293,False,0.403,0.59,5,-5.941,1,0.0284,0.508,0.00548,0.272,0.393,141.649,4,alternative,431408,2020-01-03 04:09,LATAM
6lHlAlwFhEVKmYuCdln6e0,Counting Crows,Alternative Christmas 2022,A Long December,0,297293,False,0.403,0.59,5,-5.941,1,0.0284,0.508,0.00548,0.272,0.393,141.649,4,alternative,397341,2020-01-03 04:10,APAC
0lFWwbunLKOYOl7QZrhesY,Counting Crows,Alternative Christmas 2022,A Long December,0,297293,False,0.403,0.59,5,-5.941,1,0.0284,0.508,0.00548,0.272,0.393,141.649,4,alternative,145341,2020-01-03 04:11,US
7HS7bD1nAWG0CzigkPX7vN,Counting Crows,Fiesta temática 90s,Mr. Jones,0,272733,False,0.571,0.836,0,-5.556,1,0.0371,0.194,4.09e-06,0.182,0.73,141.612,4,alternative,804493,2020-01-03 04:12,APAC
6Jb8PXvsr5VGF0kewMXmaQ,Marilyn Manson,Twisted Halloween Hits,I Put A Spell On You,0,216735,True,0.611,0.801,11,-5.894,0,0.0733,0.00119,0.513,0.23,0.408,96.875,3,alternative,228706,2020-01-03 04:13,US
2dHFbe42W3zlzLRbjvvbp3,Marilyn Manson,Halloween Metal Nights,The Beautiful People,1,222773,True,0.609,,9,-4.938,1,0.113,0.00404,0.0978,0.042,0.786,144.037,4,alternative,438218,2020-01-03 04:14,APAC
0OlgQYka86XhPepKdZ6xio,Counting Crows,Fiesta temática 90s,Hanginaround,0,252720,False,0.514,0.781,0,-6.703,1,0.0639,0.248,0.0,0.731,0.717,90.522,4,alternative,273722,2020-01-03 04:15,APAC
7gu4nfoJkzmRsATBRjNCWI,Marilyn Manson,Twisted Halloween Hits,WE ARE CHAOS,0,240213,True,0.373,0.857,0,-3.546,1,0.0528,0.000999,0.00138,0.408,0.235,137.084,4,alternative,244548,2020-01-03 04:16,LATAM
7LyODTwVRK0KN0615tcBPq,Marilyn Manson,Halloween Scary Party,The Beautiful People,0,222773,True,0.609,0.948,9,-4.938,1,0.113,0.00404,0.0978,0.042,0.786,144.037,4,alternative,436044,2020-01-03 04:17,LATAM
3mHSlJiqWCut98cVJYQyCn,Counting Crows,Hits Pop Rock 90's,Mr. Jones,1,272733,False,,0.836,0,-5.556,1,0.0371,0.194,4.09e-06,0.182,,141.612,4,alternative,926888,2020-01-03 04:18,US
5aZ1TeiMuTKqqPhYIR5hu1,Counting Crows,Los Clásicos del Pop 90s,Mr. Jones,0,272733,False,0.571,0.836,0,-5.556,1,0.0371,0.194,4.09e-06,0.182,0.73,141.612,4,alternative,949728,2020-01-03 04:19,APAC
3otBSe8dnJMNDRE9AhSm0T,Marilyn Manson,Pumpkin Patch Hits,The Beautiful People,0,222773,True,0.609,0.948,9,-4.938,1,0.113,0.00404,0.0978,0.042,0.786,144.037,4,alternative,443529,2020-01-03 04:20,LATAM
3mJV4kByjmgU3ubU7JPp9W,Marilyn Manson,Halloween 2022,You And Me And The Devil Makes 3,0,264266,False,,0.964,2,15.895,1,0.0804,9.52e-05,0.834,0.203,,356.532,4,alternative,554637,2020-01-03 04:21,LATAM
4YZg4UXqhMoUM40aPNIX1v,Counting Crows;Vanessa Carlton,OO's Music Grandi Successi,Big Yellow Taxi,1,226826,False,0.674,0.867,1,-4.329,1,0.0462,0.00199,0.0,0.206,0.821,88.04,4,alternative,987127,2020-01-03 04:22,EU
0ttfJZcKq7E7NcIldlogbn,Marilyn Manson,Twisted Halloween Hits,The Beautiful People,0,222773,True,0.609,0.948,9,-4.938,1,0.113,0.00404,0.0978,0.042,0.786,144.037,4,alternative,311355,2020-01-03 04:23,EU
7gF611irT26CBRN7JOTRAU,Counting Crows;Vanessa Carlton,Mirando las nubes,Big Yellow Taxi,0,226826,False,0.674,0.867,1,-4.329,1,0.0462,0.00199,0.0,0.206,,88.04,4,alternative,950235,2020-01-03 04:24,EU
6U0KYAZFsPxLxc0x0bt7zl,Marilyn Manson,Halloween Party 2022,You And Me And The Devil Makes 3,0,264266,False,0.596,0.964,2,14.088,1,0.0804,9.52e-05,0.834,0.203,0.399,334.587,4,alternative,195175,2020-01-03 04:25,MENA
3S3MAk28b2evnivIWkDshP,Marilyn Manson,Halloween Metal Nights,The Fight Song,1,177440,True,0.499,0.983,1,-3.662,0,0.0882,0.000123,0.000246,0.0728,0.0378,129.903,4,alternative,303268,2020-01-03 04:26,MENA
3AjZqmRivJhEVqbliY3yJa,Marilyn Manson,Anthems for Witches 2022,I Put A Spell On You,1,216735,True,0.611,0.801,11,-5.894,0,0.0733,0.00119,0.513,0.23,0.408,96.875,3,alternative,404474,2020-01-03 04:27,EU
0WK1p8CduOKInJdZcjDy5A,Marilyn Manson,Twisted Halloween Hits,Sweet Dreams (Are Made Of This),0,293293,False,0.221,0.664,0,-5.242,0,0.0379,0.0039,0.657,0.239,0.101,186.044,4,alternative,133375,2020-01-03 04:28,EU
40dr3CZGx83RL6ADIC7xvv,Marilyn Manson,Halloween Spooky Party 2022,Sweet Dreams (Are Made Of This),0,293293,False,0.221,0.664,0,-5.242,0,0.0379,0.0039,0.657,0.239,0.101,186.044,4,alternative,834156,2020-01-03 04:29,APAC
0JtccJIQR0zb4t2SSdsGeN,Marilyn Manson,Halloween Scary Party,Sweet Dreams (Are Made Of This),0,293293,False,0.221,0.664,0,-5.242,0,0.0379,0.0039,0.657,0.239,0.101,186.044,4,alternative,869873,2020-01-03 04:30,LATAM
2iA4neLS2rg1dlciGgmt4X,Megadeth,Release Your ANGER,Symphony Of Destruction,0,246733,False,0.61,0.889,4,-5.452,0,0.0585,0.000794,0.0865,0.0657,0.506,139.903,4,alternative,445008,2020-01-03 04:31,US
4GPQDyw9hC1DiZVh0ouDVL,The Black Keys,OK Boomers - Top Tunes,Keep My Name Outta Your Mouth,0,189356,False,0.597,0.702,11,-4.767,1,0.0445,0.0197,0.01,0.125,0.645,83.507,4,alternative,852746,2020-01-03 04:32,APAC
5ftfVzSLIi5ZxYdNbRtf41,The Black Keys,Coffee Moment,Never Gonna Give You Up,0,218986,False,0.557,0.665,6,-6.19,0,0.0328,0.321,0.000281,0.0713,0.437,75.803,4,alternative,795254,2020-01-03 04:33,US
6YrAf4oXHqLg0ZANlUMz6y,Marilyn Manson,Pop & Halloween,Sweet Dreams (Are Made Of This),2,293293,False,0.221,,0,-5.242,0,0.0379,0.0039,0.657,0.239,,186.044,4,alternative,821264,2020-01-03 04:34,EU
1955ZZJe1TzmSR0TomnNjI,Megadeth,Halloween Spooky Party 2022,Symphony Of Destruction,0,246733,False,0.61,0.889,4,-5.452,0,0.0585,0.000794,0.0865,0.0657,0.506,139.903,4,alternative,822433,2020-01-03 04:35,US
2Z2vcMJMq1SFmteHzxJoey,Marilyn Manson,Happy Haunted Halloween Tunes,The Beautiful People,1,222773,True,,0.948,9,-4.938,1,0.113,0.00404,0.0978,0.042,0.786,144.037,4,alternative,616133,2020-01-03 04:36,MENA
1M8LMTTEajUuw7AN0g4f4i,Megadeth,Halloween Metal Nights,Holy Wars...The Punishment Due - Remastered,2,392600,False,0.327,0.985,11,-3.941,1,0.151,0.00177,0.108,0.351,0.218,125.232,4,alternative,199738,2020-01-03 04:37,APAC
0P9Kg7MUJ8ygcKSOPh1LfJ,Queens of the Stone Age,Halloween Party 2022,Burn The Witch,0,217213,False,0.452,0.819,2,-4.394,1,0.0863,0.175,0.69,0.224,0.423,124.649,4,alternative,931136,2020-01-03 04:38,EU
582QmuQapDg7uo1jcAKsgN,Megadeth,Release Your ANGER,Holy Wars...The Punishment Due - Remastered,0,392600,False,0.327,0.985,11,-3.941,1,0.151,0.00177,0.108,0.351,0.218,125.232,4,alternative,647793,2020-01-03 04:39,LATAM
73vIOb4Q7YN6HeJTbscRx5,Oliver Tree;Robin Schulz,Miss You,Miss You,87,206000,True,0.587,0.742,6,-6.64,0,0.0529,0.0128,0.00107,0.146,,145.007,4,alternative,911136,2020-01-03 04:40,MENA
0U0ldCRmgCqhVvD6ksG63j,Kavinsky,Nightcall,Nightcall,73,258413,False,0.532,0.874,9,-5.183,0,0.0482,0.00842,0.012,0.452,0.361,91.038,4,alternative,963185,2020-01-03 04:41,MENA
5qEn8c0MBzyRKgQq91Vevi,Fitz and The Tantrums,Out of My League,Out of My League,68,209386,False,0.545,0.968,9,-3.553,0,0.0853,0.0387,0.00325,0.331,0.527,169.965,4,alternative,268446,2020-01-03 04:42,APAC
14dJexYlvd3t3XAtD1pYW1,The 1975,Being Funny In A Foreign Language,Oh Caroline,76,212568,False,0.646,0.85,2,-5.466,1,0.0428,0.363,4.01e-05,0.0994,0.819,96.538,4,alternative,461923,2020-01-03 04:43,EU
7brQHA2CgQpcMBiOlfiXYb,The Neighbourhood,I Love You.,Afraid,77,251186,True,0.464,0.701,6,-5.693,0,0.0411,0.00892,0.309,0.335,0.356,83.996,4,alternative,273244,2020-01-03 04:44,US
1foMv2HQwfQ2vntFf9HFeG,Gorillaz,Plastic Beach,Rhinestone Eyes,80,200173,False,0.676,0.703,8,-5.815,0,0.0302,0.0869,0.000687,0.0463,0.852,92.761,4,alternative,145849,2020-01-03 04:45,US
3NLrRZoMF0Lx6zTlYqeIo4,3 Doors Down,Away From The Sun,Here Without You,76,238733,False,,0.533,10,-6.817,0,0.0252,0.0492,0.0,0.205,0.233,143.994,4,alternative,969764,2020-01-03 04:46,EU
68UU9oaQtMDnh6PRlW842H,Princess Nokia,Everything Sucks,I Like Him,66,132453,True,0.893,0.579,9,-8.995,1,0.113,0.0641,0.000121,0.215,0.611,133.018,4,alternative,930971,2020-01-03 04:47,EU
58AS4weYlUWvGztZbKIuAU,Linkin Park,Minutes to Midnight,Leave Out All The Rest,55,209306,False,0.514,0.637,0,-6.418,1,0.0363,0.213,2.24e-06,0.389,0.18,80.401,4,alternative,938566,2020-01-03 04:48,US
78gsvivelCP8Kh0tSRTy8D,Linkin Park,Minutes to Midnight,Bleed It Out,58,164760,True,0.542,0.932,4,-4.896,1,0.05,0.0747,0.0,0.613,0.698,140.135,4,alternative,895298,2020-01-03 04:49,LATAM
0fYVliAYKHuPmECRs1pbRf,X Ambassadors,VHS,Renegades,76,195200,False,0.526,0.862,2,-6.003,1,0.0905,0.0144,0.0597,0.229,0.528,90.052,4,alternative,683895,2020-01-03 04:50,US
57BrRMwf9LrcmuOsyGilwr,Linkin Park,Hybrid Theory (Bonus Edition),Crawling,76,208960,False,0.58,0.702,4,-5.565,1,0.0337,0.0466,3.2e-06,0.536,0.299,105.076,4,alternative,569926,2020-01-03 04:51,LATAM
4Kh6cq3XgOGUK9yXQu7RTq,Royal & the Serpent;Chri$tian Gate$,overwhelmed (the remixes),overwhelmed - Chri$tian Gate$ remix,69,134482,True,0.619,0.502,0,-8.097,0,0.249,0.178,0.0,0.155,0.38,174.196,4,alternative,992325,2020-01-03 04:52,US
7K0WZ75nHqj450OYd3ZywF,The EverLove,Walk Through Fire,I'm Dangerous,65,243329,False,0.691,0.841,8,-7.026,0,0.0436,0.00438,4.44e-05,0.31,0.755,92.025,4,alternative,597027,2020-01-03 04:53,EU
7ch89fdAaK52QYF5QKUUab,Yeah Yeah Yeahs;A-Trak,Halloween Hits,Heads Will Roll - A-Trak Remix,0,383893,False,0.738,0.607,8,-3.933,0,0.0845,0.00746,0.324,0.0699,0.78,131.982,4,alternative,678187,2020-01-03 04:54,MENA
2iwsJcPB5HIVTuHHwdTNO4,Duman,Viral Şarkılar,Her Şeyi Yak,0,270280,False,0.629,0.538,2,-6.79,1,0.0244,0.461,0.0,0.123,0.205,100.038,4,alternative,290566,2020-01-03 04:55,LATAM
6CkLcIjIAWHJp3nZWhNQvF,Duman,Best Viral Tunes,Her Şeyi Yak,0,270280,False,0.629,0.538,2,-6.79,1,0.0244,0.461,0.0,0.123,0.205,100.038,4,alternative,772036,2020-01-03 04:56,US
4dI3UmOl7scnyCU4KgaaNO,grandson,20's Rock,In Over My Head,0,198365,True,0.582,0.817,0,-6.475,1,0.0399,0.0017,0.0158,0.575,0.622,155.124,4,alternative,837504,2020-01-03 04:57,MENA
5WTKiRTdoDk07YJOP7y8DU,KALEO,It's You - Fresh Hits,Way Down We Go,2,213706,False,0.492,0.506,10,-8.022,0,0.118,0.58,0.00032,0.104,0.338,163.522,4,alternative,710674,2020-01-03 04:58,MENA
3U6726RPDdw6JshdT9fGFM,KALEO,Relaxing Pop,Way Down We Go,1,213706,False,0.492,0.506,10,-8.022,0,0.118,0.58,0.00032,0.104,0.338,163.522,4,alternative,548739,2020-01-03 04:59,MENA
3KKmCToTNy7Mnvkd9k0vVR,KALEO,Timeless Rock Hits,Way Down We Go,1,213706,False,0.492,0.506,10,-8.022,0,0.118,0.58,0.00032,0.104,0.338,163.522,4,alternative,278081,2020-01-03 05:00,EU
7n4Y9BCKLHi4hqI2NctuAq,KALEO,Indie Chill Out,I Want More,0,212392,False,0.55,0.531,8,-7.431,1,0.0309,0.256,0.0,0.0509,0.364,98.014,4,alternative,130489,2020-01-03 05:01,APAC
2tVrcIcrfvezPgPBBC2RAu,Kid Rock;Sheryl Crow;Bob Seger,Chillin' It - Mellow Day Country,Collide,1,288773,False,0.433,0.732,9,-4.197,1,0.0316,0.0375,2.53e-06,0.0692,0.592,199.943,4,alternative,664578,2020-01-03 05:02,MENA
0ND3OzMoWDW8ciiobRGXxf,Yeah Yeah Yeahs;A-Trak,Pumpkin Patch Hits,Heads Will Roll - A-Trak Remix,0,383893,False,0.738,0.607,8,-3.933,0,0.0845,0.00746,0.324,0.0699,0.78,131.982,4,alternative,714712,2020-01-03 05:03,MENA
5UFr6YU5nIp1ra63Yusbp7,Yeah Yeah Yeahs;A-Trak,Twisted Halloween Hits,Heads Will Roll - A-Trak Remix,0,383893,False,0.738,0.607,8,-3.933,0,0.0845,0.00746,0.324,0.0699,,131.982,4,alternative,795353,2020-01-03 05:04,US
1QHqRD65S2q7STSmrxTU3Y,Kid Rock,Feeling Good,All Summer Long,0,297586,False,0.701,0.865,7,-3.629,1,0.0283,0.0212,0.0,0.0956,0.88,102.998,4,alternative,955445,2020-01-03 05:05,MENA
1MWApXQMyidjiXB7w19fXH,Kid Rock;Sheryl Crow;Bob Seger,Country Road Songs,Collide,0,288773,False,0.433,0.732,9,-4.197,1,0.0316,0.0375,2.53e-06,0.0692,0.592,199.943,4,alternative,547624,2020-01-03 05:06,LATAM
4sO7A5yF6SfqiHeINS61DE,Yeah Yeah Yeahs;A-Trak,Halloween Party 2022,Heads Will Roll - A-Trak Remix,0,383893,False,0.738,0.607,8,-3.933,0,0.0845,0.00746,0.324,0.0699,0.78,131.982,4,alternative,846234,2020-01-03 05:07,LATAM
42Jkqzhm5Y7ab7f1d22GTq,Andrés Calamaro;Sebastian Yatra;Leiva;Ivan Ferreiro,Pañuelos al viento,Paloma,2,285024,False,0.727,0.382,9,-9.145,1,0.0314,0.809,0.0,0.0998,0.828,115.003,4,alternative,744661,2020-01-03 05:08,LATAM
4w50X1lyc0QOO6AGcfVJyI,Kid Rock;Sheryl Crow;Bob Seger,Country Car Hits,Collide,1,288773,False,0.433,0.732,9,-4.197,1,0.0316,0.0375,2.53e-06,0.0692,0.592,199.943,4,alternative,349478,2020-01-03 05:09,APAC
12AJRjW79qbZktCDpMifs5,Andrés Calamaro;Alejandro Sanz,Pañuelos al viento,Flaca,0,226858,False,0.739,,5,-10.82,1,0.0263,0.718,0.00292,0.0768,0.758,105.029,4,alternative,860607,2020-01-03 05:10,EU
7D9CMVj8TeaozjxYCIE5oF,Counting Crows,Обратно в клас - rock,Mr. Jones,0,272733,False,0.571,0.836,0,-5.556,1,0.0371,0.194,4.09e-06,0.182,0.73,141.612,4,alternative,147992,2020-01-03 05:11,LATAM
5cfct39EqJAkG0cqRaARz1,grandson,Alternative Rock Mixtape,Blood // Water,0,214520,False,0.505,0.892,6,-5.633,0,0.139,0.00162,0.00177,0.148,0.629,154.004,4,alternative,639000,2020-01-03 05:12,MENA
1lYHv3SEkE6wKfZRe0HMOG,Counting Crows,Christmas Songs 2022,A Long December,1,297293,False,0.403,0.59,5,-5.941,1,0.0284,0.508,0.00548,0.272,0.393,141.649,4,alternative,946315,2020-01-03 05:13,LATAM
04bNiW1CiMHWM0kSDvbLzp,grandson,All Out Alternative,Blood // Water,0,214520,False,0.505,0.892,6,-5.633,0,0.139,0.00162,0.00177,0.148,0.629,154.004,4,alternative,693066,2020-01-03 05:14,US
2mLYjGJ1Fl4qNept7opf7Y,Counting Crows,Rock Workout 2023,Mr. Jones,1,272733,False,0.571,0.836,0,-5.556,1,0.0371,0.194,4.09e-06,0.182,0.73,141.612,4,alternative,943355,2020-01-03 05:15,EU
6lVtX3nLHyWZP7aqU9HuVW,Yeah Yeah Yeahs,Halloween 2022,Heads Will Roll,0,221000,False,0.562,0.903,8,-4.46,0,0.0296,0.000187,0.0939,0.298,0.791,132.013,4,alternative,150542,2020-01-03 05:16,LATAM
6JN0cjFT0zDRYxzqcKrvwf,Soundgarden,Hits Pop Rock 90's,Spoonman,0,246920,False,0.258,0.904,0,-5.625,1,0.0386,2.2e-05,0.218,0.255,0.832,186.054,3,alternative,579173,2020-01-03 05:17,APAC
0QBrw0zGpCa8gKIJd2KDGo,Counting Crows,Del gusto de mamá,Mr. Jones,0,272733,False,0.571,0.836,0,-5.556,1,0.0371,0.194,4.09e-06,0.182,0.73,141.612,4,alternative,802550,2020-01-03 05:18,LATAM
2vGDTOtslhkco6LVFfdEI2,Soundgarden,Rock & Halloween,Black Hole Sun,0,318586,False,0.351,0.827,6,-5.351,1,0.0412,0.000222,0.000118,0.0755,0.145,105.463,4,alternative,678085,2020-01-03 05:19,MENA
0txb2qyDV7sVBLv2KvtbW2,Andrés Calamaro;Julio Iglesias,Música para casa,Bohemio,0,208004,False,0.784,0.461,4,-9.546,0,0.0314,0.662,5.9e-05,0.107,0.733,102.165,4,alternative,892481,2020-01-03 05:20,APAC
4R7cuj0TvkNxURIAKReRh9,Andrés Calamaro,Música para casa,Transito Lento,0,194080,False,0.704,0.533,9,-6.94,0,0.0315,0.587,1.64e-05,0.254,,94.056,4,alternative,516339,2020-01-03 05:21,LATAM
5zGtItgkDE0pUB1WbSe3Po,Andrés Calamaro;Vicentico,Pañuelos al viento,Tuyo Siempre,1,171978,False,0.706,0.525,4,-8.879,0,0.0298,0.682,9.34e-05,0.175,0.73,89.945,4,alternative,714342,2020-01-03 05:22,EU
7KPwpv8wlkkaNRd4LLoQT9,Soundgarden,Hits Pop Rock 90's,Black Hole Sun,1,318586,False,0.351,0.827,6,-5.351,1,0.0412,0.000222,0.000118,0.0755,0.145,105.463,4,alternative,477788,2020-01-03 05:23,LATAM
3y4AS6cTOQBTnEsTbOUtIg,Andrés Calamaro;Juanes;Niño Josele,Música para casa,Enganchate Conmigo,0,225616,False,0.682,0.646,4,-9.274,0,0.0667,0.576,2.13e-05,0.0978,0.785,87.891,4,alternative,884906,2020-01-03 05:24,EU
5m3GmwLuZSP00IzHdxsDIV,Andrés Calamaro,Música para casa,Cuarteles De Invierno,0,212440,False,0.488,0.627,9,-7.266,0,0.0295,0.429,0.000133,0.114,0.482,78.979,4,alternative,207503,2020-01-03 05:25,APAC
61WUErnrzgOMPuTgXqtNA9,Andrés Calamaro,Música para casa,Diego Armando Canciones,0,213946,False,0.32,0.515,2,-8.018,1,0.0412,0.373,1.74e-06,0.089,0.568,78.021,4,alternative,328707,2020-01-03 05:26,EU
3sdokgCYFdz24u6vohprY4,Andrés Calamaro;Carlos Vives,Pañuelos al viento,Algún Lugar Encontraré,0,254955,False,0.694,0.52,9,-8.758,1,0.0245,0.412,1.26e-06,0.137,0.52,108.06,4,alternative,187077,2020-01-03 05:27,MENA
5B726JjKRgY2wdm366ItDP,Andrés Calamaro,Rock x siempre,Miro Por La Ventana - Remastered 2017,0,177413,False,0.554,0.757,11,-8.653,0,0.0705,0.00543,0.0541,0.258,0.907,148.27,4,alternative,731889,2020-01-03 05:28,US
69z5PKKbmZqcS4l86UhPpR,Andrés Calamaro,Rock x siempre,Otro Amor En Avellaneda - Remastered 2017,0,144066,False,0.637,0.572,11,-6.913,0,0.107,0.113,0.0,0.0645,0.615,138.177,4,alternative,309458,2020-01-03 05:29,LATAM
7JIIY2oDPFkURYMCLJuzhe,"Dominic Fike;""Zendaya","Elliot's Song (From """"""""Euphoria"""""""" An HBO Original Series)""""","Elliot's Song - From """"""""Euphoria"""""""" An HBO Original Series""""",70,150320,False,0.394,0.327,4,-14.291,1,0.114,0.849,0.0,0.125,0.411,93.358,4,alternative,385423,2020-01-03 05:30,EU
0L7lTy1aRn1TYYCTazcO5j,The Seige,Run for Your Life,Run for Your Life,55,180137,True,0.714,0.905,4,-5.137,0,0.245,0.0921,0.00149,0.0863,0.362,118.119,4,alternative,852975,2020-01-03 05:31,US
2DtPEKs3Pj7E06EoWW4vw8,Poets of the Fall,Carnival of Rust,Carnival of Rust,56,262946,False,0.492,0.59,5,-4.593,0,0.0239,0.225,2.79e-05,0.0973,0.124,91.018,4,alternative,424164,2020-01-03 05:32,MENA
5ruzrDWcT0vuJIOMW7gMnW,The Strokes,The New Abnormal,The Adults Are Talking,79,309053,False,0.593,0.749,5,-5.67,1,0.0475,0.0113,0.106,0.314,0.649,164.959,4,alternative,231248,2020-01-03 05:33,US
2iUmqdfGZcHIhS3b9E9EWq,Neon Trees,Picture Show,Everybody Talks,80,177280,False,0.471,0.924,8,-3.906,1,0.0586,0.00301,0.0,0.313,0.725,154.961,4,alternative,118873,2020-01-03 05:34,LATAM
3KhwEuqLNjHfsKaBDo1yVh,Shinsei Kamattechan,Boku no Sensou,Boku no Sensou,66,280466,False,0.473,0.936,2,-4.877,1,0.0704,0.00916,0.0422,0.31,0.416,144.014,4,alternative,304028,2020-01-03 05:35,MENA
6y0VIRo9CyIIHBdlPklTl0,Bella Poarch,Dolls EP,Villain,68,145386,False,,0.636,11,-4.7,0,0.0448,0.0794,6.74e-05,0.107,0.834,108.955,4,alternative,923215,2020-01-03 05:36,APAC
1wybXxUeY5yj4Zi7d6jAaW,Willyecho,Welcome to the Fire,Welcome to the Fire,52,202250,False,0.597,0.522,2,-5.683,0,0.0331,0.297,0.0,0.0854,0.334,119.792,4,alternative,593752,2020-01-03 05:37,EU
42T2QQv3xgBlpQxaSP7lnK,Creed,Weathered,One Last Breath,72,238240,False,0.386,0.677,2,-5.83,1,0.0346,0.00841,0.00366,0.341,0.195,126.602,4,alternative,995348,2020-01-03 05:38,US
4CbKVDZkYKdv69I4bCaKUq,Skillet,Awake,Hero,72,186813,False,0.533,0.967,1,-2.543,1,0.0995,0.00791,0.0,0.336,,142.018,4,alternative,293617,2020-01-03 05:39,US
6fmqJtTa7PQlbus7JLG8TY,Bella Poarch,Pop Hits Now,Living Hell,0,174002,False,0.729,0.551,0,-6.935,0,0.056,0.598,0.0,0.176,0.312,124.044,4,alternative,416330,2020-01-03 05:40,US
3i23rEGRGITyx1LnjQ0ng4,Bella Poarch,Daily Pop Mix,Living Hell,0,174002,False,0.729,,0,-6.935,0,0.056,0.598,0.0,0.176,0.312,124.044,4,alternative,246885,2020-01-03 05:41,US
3dxiWIBVJRlqh9xk144rf4,Linkin Park,Meteora (Bonus Edition),Breaking the Habit,71,196906,False,0.579,0.849,4,-5.218,0,0.0303,0.108,0.0,0.0909,0.581,100.021,4,alternative,458541,2020-01-03 05:42,LATAM
1Vej0qeQ3ioKwpI6FUbRv1,Linkin Park,Hybrid Theory (Bonus Edition),Papercut,75,184866,False,0.524,0.939,9,-3.994,1,0.113,0.00022,0.0,0.623,0.661,150.184,4,alternative,606984,2020-01-03 05:43,US
1coB4xdhsMLxZafnM9Gwjt,Crystal Castles,Pop & Halloween,Transgender,4,184760,False,0.522,0.914,7,-8.285,1,0.0379,0.000164,0.846,0.24,0.0364,137.954,3,alternative,827315,2020-01-03 05:44,US
7qS6cgQmdUDSy8Y7ZtfjYZ,Bella Poarch,New Pop Icons,Build a Bitch,0,122772,True,0.855,0.463,3,-7.454,1,0.0367,0.217,1.77e-05,0.347,,102.931,4,alternative,431283,2020-01-03 05:45,LATAM
0Aqh9as9BCV339QC3LTSN2,Bella Poarch,Baddest of Them All,Build a Bitch,0,122772,True,0.855,0.463,3,-7.454,1,0.0367,0.217,1.77e-05,0.347,0.866,102.931,4,alternative,794377,2020-01-03 05:46,US
11LmqTE2naFULdEP94AUBa,Nirvana,In Utero - 20th Anniversary - Deluxe Edition,Heart-Shaped Box,79,281160,False,0.256,0.641,1,-10.283,1,0.0552,0.199,0.0329,0.0853,0.382,203.006,4,alternative,663542,2020-01-03 05:47,US
58h6KRFgwbAKvWE11fxqY0,Bella Poarch,Pop Brandneu,Living Hell,0,174002,False,0.729,,0,-6.935,0,0.056,0.598,0.0,0.176,0.312,124.044,4,alternative,362630,2020-01-03 05:48,LATAM
7Kak0BMKEWWKjJIL8K7LvD,Bella Poarch,New Pop Classics,Living Hell,1,174002,False,0.729,0.551,0,-6.935,0,0.056,0.598,0.0,0.176,0.312,124.044,4,alternative,920983,2020-01-03 05:49,MENA
3DilPDfUXQ9oq7Oe24HuV8,Bella Poarch,Beautiful Trending Hits 2022,Living Hell,0,174002,False,0.729,0.551,0,-6.935,0,0.056,0.598,0.0,0.176,0.312,124.044,4,alternative,490820,2020-01-03 05:50,LATAM
1peoY67DcWdCsNoOzF9ffU,Crystal Castles,Pop & Halloween,Kerosene,6,192000,False,0.52,0.545,8,-9.368,1,0.0768,0.0827,0.0,0.133,0.0856,115.882,4,alternative,235893,2020-01-03 05:51,LATAM
6yC6LOELouHw65S50uUm00,Bella Poarch,It's You - Fresh Hits,Living Hell,1,174002,False,0.729,0.551,0,-6.935,0,0.056,0.598,0.0,0.176,0.312,124.044,4,alternative,966428,2020-01-03 05:52,MENA
4XII12nbsvJblXfG1I2QR4,MARINA,About Love (From The Netflix Film “To All The Boys: P.S. I Still Love You”),About Love - From The Netflix Film “To All The Boys: P.S. I Still Love You”,59,214106,False,0.636,0.758,0,-5.567,1,0.0427,0.331,1.01e-05,0.16,0.281,97.025,4,alternative,922089,2020-01-03 05:53,APAC
173gsSRonSzADDvOtRvMgJ,Bella Poarch,Hits à suivre 2022,Dolls,0,132793,False,0.841,0.698,4,-6.588,0,0.261,0.211,0.0,0.203,0.372,118.018,4,alternative,144587,2020-01-03 05:54,US
3CrsuTJomWZmeXIvKhV45l,The Score,Carry On,Stronger,66,190048,False,0.563,0.678,2,-4.717,0,0.0392,0.0228,0.0,0.342,0.134,127.883,4,alternative,912240,2020-01-03 05:55,US
1QiApmpVZXNlTLJqZENYfq,Bella Poarch,Am I Ready - Pop Night Out,Dolls,0,132793,False,0.841,0.698,4,-6.588,0,0.261,0.211,0.0,0.203,0.372,118.018,4,alternative,952638,2020-01-03 05:56,LATAM
38mgAanVMjpyI5SKwzatgC,Bella Poarch,All That Really Matters - Just Hits,Living Hell,2,174002,False,0.729,0.551,0,-6.935,0,0.056,0.598,0.0,0.176,0.312,124.044,4,alternative,846177,2020-01-03 05:57,LATAM
0Rv8J2jCczm7nxMurGBIcG,Godsmack,Halloween Spooky Party 2022,Vampires,0,227240,False,0.486,0.843,7,-6.085,1,0.0635,7.21e-05,0.682,0.0709,0.412,90.016,4,alternative,329496,2020-01-03 05:58,EU
0jpH3aJTsu8PNTHO5TzWPv,KALEO,La Fine dell'Estate,Way Down We Go,0,213706,False,0.492,0.506,10,-8.022,0,0.118,0.58,0.00032,0.104,0.338,163.522,4,alternative,668156,2020-01-03 05:59,EU
6ngu6sBaJMM05mAVATApZJ,KALEO,Feeling Good - Adult Pop Favorites,Save Yourself,0,273880,False,0.534,0.338,0,-8.608,0,0.0346,0.515,9.26e-06,0.124,0.111,120.399,4,alternative,584416,2020-01-03 06:00,US
5IL61OxHy3t9W42qZOnw3m,KALEO,All Bops,Automobile,1,186906,False,0.692,0.553,2,-6.164,1,0.0389,0.596,3.01e-05,0.305,0.356,125.903,4,alternative,658131,2020-01-03 06:01,MENA
0kz60VCKOQrGfv7fpHqwyf,Young the Giant,All Out Alternative,Cough Syrup,0,249520,False,0.533,0.721,11,-7.309,0,0.0417,0.0338,6.24e-06,0.115,0.225,128.972,3,alternative,654798,2020-01-03 06:02,APAC
6fz1H1xvH7uUycVKUVUHwb,Creed,Fishing Music,One Last Breath,1,239373,False,0.38,0.72,2,-5.766,1,0.0356,0.00899,0.00147,0.221,0.172,129.982,4,alternative,675290,2020-01-03 06:03,MENA
6X3kcyCvy2stFdKuYP55Co,Godsmack,Halloween Metal Nights,Cryin' Like A Bitch!!,1,201666,True,0.548,0.808,10,-5.484,1,0.0398,7.19e-05,0.00341,0.114,0.475,95.207,4,alternative,562600,2020-01-03 06:04,EU
6RDHOZtqz8iB6xzii7qaey,Ice Nine Kills,Halloween Songs | Witches Hour,Stabbing In The Dark,1,276866,True,0.333,0.943,10,-4.184,0,0.149,0.00123,0.0,0.0609,0.292,164.979,4,alternative,721445,2020-01-03 06:05,LATAM
2Mes3Ubeld6px0kvYRAra3,Ice Nine Kills,Halloween 2022,Stabbing In The Dark,0,276866,True,0.333,0.943,10,-4.184,0,0.149,0.00123,0.0,0.0609,0.292,164.979,4,alternative,573945,2020-01-03 06:06,LATAM
5llJJM8CQpZhfUBwrJzp4c,Blur,Alternative Rock Mixtape,The Universal,1,238520,False,0.32,0.546,9,-8.33,1,0.0278,0.181,1.98e-06,0.0928,0.263,163.824,3,alternative,114833,2020-01-03 06:07,LATAM
0cHFnnobCebrFG3PlfOkiR,Blur,Maintain Your Mojo,Song 2 - 2012 Remaster,0,121160,False,0.674,0.789,8,-6.903,1,0.0676,0.00178,0.00708,0.0753,0.918,129.802,4,alternative,131753,2020-01-03 06:08,LATAM
6gRiwTlKLG2lHyu1M8Iwh6,Ice Nine Kills,Halloween Party 2022,Stabbing In The Dark,0,276866,True,0.333,0.943,10,-4.184,0,0.149,0.00123,0.0,0.0609,0.292,164.979,4,alternative,962282,2020-01-03 06:09,US
0b9e8puk2zpi4ioDPWg5yx,Ice Nine Kills,Release Your ANGER,A Rash Decision,0,211320,False,0.487,0.933,11,-4.291,0,0.161,0.000135,0.0,0.185,0.467,95.58,4,alternative,918324,2020-01-03 06:10,EU
1NaHqvYJ48wdyQZMkNnUUr,Pantera,Metal,Walk,0,315120,True,0.428,0.704,6,-8.018,0,0.0808,0.000156,0.00223,0.0933,0.703,116.898,4,alternative,627042,2020-01-03 06:11,MENA
0BaVcB3Mn8QgGUdEi2yqCb,Stone Temple Pilots,Timeless Rock Hits,Plush,1,310346,False,0.416,0.954,7,-3.157,0,0.0467,0.0021,0.0,0.177,0.498,144.724,4,alternative,257130,2020-01-03 06:12,MENA
6FvZIDTCtmWC4KERBlLQ5f,Babasónicos,tardes tranqui,Como Eran Las Cosas,0,242520,False,0.696,0.448,8,-9.099,1,0.0333,0.452,2.43e-05,0.0904,0.569,95.004,4,alternative,803318,2020-01-03 06:13,EU
1f9jv3jIHqwZhVW7NMAgYN,Pantera,Groove Metal Roots & Branches,Mouth for War,1,236720,False,0.361,0.97,8,-5.69,0,0.0837,6.58e-06,0.000162,0.039,0.561,156.96,4,alternative,228961,2020-01-03 06:14,LATAM
1CaXCVkxVz7GfrE2Ifbha4,Ice Nine Kills,Happy Haunted Halloween Tunes,Stabbing In The Dark,0,276866,True,0.333,0.943,10,-4.184,0,0.149,0.00123,0.0,0.0609,0.292,164.979,4,alternative,439553,2020-01-03 06:15,LATAM
28b9AxJDN10waQFdU71ggu,Blur,All Out Alternative,Song 2 - 2012 Remaster,0,121160,False,0.674,0.789,8,-6.903,1,0.0676,0.00178,0.00708,0.0753,0.918,129.802,4,alternative,396873,2020-01-03 06:16,APAC
34kHexFdmug6nYZzkz3hc0,Babasónicos,noches de lluvia,Como Eran Las Cosas,0,242520,False,,0.448,8,-9.099,1,0.0333,0.452,2.43e-05,0.0904,0.569,95.004,4,alternative,111157,2020-01-03 06:17,MENA
0GO8y8jQk1PkHzS31d699N,Grouplove,Never Trust a Happy Song,Tongue Tied,79,218013,False,0.56,0.936,3,-5.835,1,0.0439,0.00847,0.0,0.161,0.371,112.96,4,alternative,826308,2020-01-03 06:18,LATAM
7Hr1Ignop7cymbE3FbOtXa,Avenged Sevenfold,Nightmare,So Far Away,66,326813,False,0.286,0.703,4,-4.491,0,0.0348,0.00847,7.39e-05,0.142,0.259,151.297,4,alternative,558760,2020-01-03 06:19,APAC
3A0ITFj6kbb9CggwtPe55f,Little Simz,GREY Area,Venom,64,154749,True,0.436,0.655,7,-8.153,1,0.159,0.425,0.0,0.393,,139.712,4,alternative,384627,2020-01-03 06:20,MENA
2oNYsdCasRRlz1shXFAz7D,Linkin Park,LIVING THINGS,LOST IN THE ECHO,67,205120,False,0.546,0.98,9,-3.02,0,0.0619,0.0154,0.0,0.31,0.478,120.037,4,alternative,556470,2020-01-03 06:21,MENA
15VRO9CQwMpbqUYA7e6Hwg,Nirvana,MTV Unplugged In New York,The Man Who Sold The World,76,261093,False,0.483,0.753,1,-8.937,0,0.0832,0.425,0.000142,0.257,0.42,115.102,4,alternative,100000,2020-01-03 06:22,US
1hhMX7QQIhBsXjFmTK7owB,GAYLE;blackbear,fmk (with blackbear),fmk (with blackbear),68,189075,True,,0.532,2,-5.957,1,0.0569,0.111,0.0,0.188,0.536,71.797,4,alternative,493289,2020-01-03 06:23,MENA
5q1Lzfqem9a7uEd03KZ9Qb,Amaarae;Kali Uchis;Moliy,Autumn Vibe,SAD GIRLZ LUV MONEY - Remix,1,204763,True,0.87,0.523,1,-8.052,0,0.0602,0.433,2.07e-05,0.113,0.319,110.02,4,alternative,567622,2020-01-03 06:24,LATAM
31AOj9sFz2gM0O3hMARRBx,R.E.M.,Out Of Time (25th Anniversary Edition),Losing My Religion,84,268426,False,0.666,0.855,9,-5.051,0,0.0295,0.179,1.2e-06,0.0987,0.803,125.639,4,alternative,405745,2020-01-03 06:25,EU
1vhNd2F1bNKV7DN4Moa8z2,grandson;King Kavalier,BLOOD // EDITS,Blood // Water - King Kavalier Remix,64,179374,False,0.586,0.813,8,-6.357,0,0.0804,0.0494,5.54e-06,0.0939,0.655,149.812,4,alternative,847341,2020-01-03 06:26,APAC
5gxakaZJUKXaPZPPzVZ5Tu,The Afters,Life Is Beautiful,Moments Like This,56,239986,False,0.497,0.837,2,-3.672,1,0.046,0.0155,0.0,0.0763,0.489,86.016,4,alternative,324843,2020-01-03 06:27,MENA
5waHhqlk8iTweFuHeZz9CZ,Bullet For My Valentine,Release Your ANGER,Stitches,5,301426,True,0.547,0.941,1,-4.631,1,0.0824,5.72e-06,0.000756,0.323,0.331,100.007,4,alternative,224042,2020-01-03 06:28,US
0393PMIQFV9pewSmxoWwXw,Fitz and The Tantrums,US Pop 20s,Sway,0,136940,False,0.705,0.927,1,-2.701,1,0.0776,0.0327,0.0,0.0705,0.945,159.978,4,alternative,574789,2020-01-03 06:29,LATAM
2cSKGtyDddIwiSe5EhWAtW,Fitz and The Tantrums,20's Rock,I Just Wanna Shine,0,207925,False,0.705,0.918,6,-2.771,0,0.0678,0.0405,0.000106,0.0803,0.537,92.513,4,alternative,898548,2020-01-03 06:30,US
6IKtfO76zpYpYnfOb8Ley8,Fitz and The Tantrums,Tek It - New Noise,Sway,0,136940,False,0.705,0.927,1,-2.701,1,0.0776,0.0327,0.0,0.0705,0.945,159.978,4,alternative,437749,2020-01-03 06:31,EU
1Uu1dI6OcKWuMLLv8ki3lN,Smash Mouth,Workout Hits 2023,All Star,0,200373,False,,0.867,11,-5.881,1,0.032,0.0394,0.0,0.0861,0.776,104.02,4,alternative,141962,2020-01-03 06:32,MENA
63J97fSuqUiTB7rm58OfxV,Fitz and The Tantrums,New Pop Classics,Sway,0,136940,False,0.705,0.927,1,-2.701,1,0.0776,0.0327,0.0,0.0705,0.945,159.978,4,alternative,972937,2020-01-03 06:33,EU
0e6RXd6MAv6xdvHriDc0ud,Smash Mouth,Обратно в клас - rock,All Star,0,200373,False,0.731,0.867,11,-5.881,1,0.032,0.0394,0.0,0.0861,0.776,104.02,4,alternative,499867,2020-01-03 06:34,LATAM
2s0QwtFt0lBDGPCnJeDvJz,Smash Mouth,Halloween 2022,All Star,0,200373,False,,0.867,11,-5.881,1,0.032,0.0394,0.0,0.0861,0.776,104.02,4,alternative,255634,2020-01-03 06:35,EU
7vNEDUsDuUZ4MOkrl3REj2,Fitz and The Tantrums,Happy Commute,Walking Target,0,156960,False,0.65,0.956,4,-4.113,1,0.0564,0.0153,3.86e-05,0.364,,104.018,4,alternative,654052,2020-01-03 06:36,APAC
7jeTJ7399PqgZvyfW1LrvK,Smash Mouth,Hits Pop Rock 90's,All Star,1,200373,False,0.731,0.867,11,-5.881,1,0.032,0.0394,0.0,0.0861,0.776,104.02,4,alternative,387698,2020-01-03 06:37,MENA
3A5GWLRz25wpL8yx4vf0sq,No Doubt,OO's Music Grandi Successi,It's My Life,1,225866,False,0.606,0.75,8,-4.535,0,0.0306,0.0026,0.000795,0.321,0.771,126.316,4,alternative,944011,2020-01-03 06:38,APAC
1yXOiLikkgT70ND5Sj9Ov7,Smash Mouth,Halloween Party 2022,All Star,0,200373,False,0.731,0.867,11,-5.881,1,0.032,0.0394,0.0,0.0861,0.776,104.02,4,alternative,364564,2020-01-03 06:39,APAC
6AQl2w7IHk6jOYgSZcXj8z,Smash Mouth,OO's Music Grandi Successi,I'm A Believer - Radio Edit,3,183400,False,0.559,0.972,6,-3.524,1,0.0639,0.0198,6.4e-06,0.393,,82.336,4,alternative,595121,2020-01-03 06:40,MENA
1EWRXz6c0WPKae8vziEnZi,Chris Tomlin,Santa's Christmas List,Joy To The World (Unspeakable Joy),1,230720,False,,0.876,2,-5.157,1,0.0529,0.00187,0.0,0.829,0.341,128.033,4,alternative,588977,2020-01-03 06:41,MENA
44zVV7hw9cCj2tmzCmmChE,Smash Mouth,Los Clásicos del Pop 90s,All Star,1,200373,False,0.731,0.867,11,-5.881,1,0.032,0.0394,0.0,0.0861,0.776,104.02,4,alternative,318196,2020-01-03 06:42,MENA
2ZLe81mFJfD39BqIy3zkWb,No Doubt,Обратно в клас - rock,Don't Speak,0,262746,False,0.508,0.752,5,-5.439,0,0.0343,0.251,2.1e-05,0.142,0.554,76.07,4,alternative,549351,2020-01-03 06:43,US
6uYSPBL3Y2shKlqH52Rw4l,Jimmy Eat World,Emo Christmas 2022,Last Christmas,0,267493,False,,0.842,2,-6.152,1,0.0403,0.00131,1.2e-06,0.33,0.715,126.042,4,alternative,198164,2020-01-03 06:44,LATAM
5KoRwyRC1Yp3fTQQuZeMbM,Jimmy Eat World,Alternative Christmas 2022,Christmas Card,0,173560,False,0.196,0.93,11,-5.131,1,0.0519,0.0116,0.00214,0.105,0.566,194.319,4,alternative,679365,2020-01-03 06:45,MENA
1CfKabrnieuwFYodtDZvvw,Bullet For My Valentine,Release Your ANGER,Shatter - Edit,0,281757,False,0.413,0.923,9,-4.487,1,0.053,9.24e-06,0.00102,0.0883,0.504,150.059,4,alternative,782485,2020-01-03 06:46,US
1GN7Kn9Hr4pOpVVxBL1ZUD,Chris Tomlin;Lauren Daigle,Christmas Dinner,Noel - Live,0,257720,False,0.349,0.261,10,-9.478,0,0.0306,0.748,0.0,0.104,0.103,137.954,4,alternative,955000,2020-01-03 06:47,APAC
5CwV9IOgmKbN7RdUTPBAYY,Smash Mouth,OO's Music Grandi Successi,All Star,0,200373,False,0.731,0.867,11,-5.881,1,0.032,0.0394,0.0,0.0861,0.776,104.02,4,alternative,393202,2020-01-03 06:48,EU
3F4M4WsRWSIaHL2Nio1S8E,Smash Mouth,90's Music Grandi Successi,All Star,0,200373,False,0.731,0.867,11,-5.881,1,0.032,0.0394,0.0,0.0861,0.776,104.02,4,alternative,356698,2020-01-03 06:49,MENA
7MUd9iu6pW3KnLcz2NuMcs,Jimmy Eat World,Christmas Rock 2022,Last Christmas,0,267493,False,0.532,0.842,2,-6.152,1,0.0403,0.00131,1.2e-06,0.33,0.715,126.042,4,alternative,593927,2020-01-03 06:50,APAC
5AOrknyCsTI1KUBr92efWi,Chris Tomlin,Alternative Christmas 2022,Little Drummer Boy,0,215373,False,,0.585,7,-5.755,1,0.0297,0.246,0.000329,0.0975,0.757,124.054,4,alternative,723493,2020-01-03 06:51,APAC
0hPjv7ShJQkoZM8JiBnTqa,Jimmy Eat World,Rock n Roll Christmas,Last Christmas,0,267493,False,0.532,0.842,2,-6.152,1,0.0403,0.00131,1.2e-06,0.33,0.715,126.042,4,alternative,993217,2020-01-03 06:52,MENA
2S9yxu8MLsL0CXoSdGuues,Jimmy Eat World,Alternative Christmas 2022,Last Christmas,0,267493,False,0.532,0.842,2,-6.152,1,0.0403,0.00131,1.2e-06,0.33,0.715,126.042,4,alternative,122536,2020-01-03 06:53,US
2eXCP4kLEm5b11TH2MVas6,Chris Tomlin;Audrey Assad,Santa's Christmas List,Winter Snow,0,212773,False,0.444,0.33,2,-15.594,1,0.262,0.954,1.49e-06,0.676,0.308,95.47,4,alternative,314474,2020-01-03 06:54,LATAM
6vMAhCWv2XzOqXj6pYTh5H,Jimmy Eat World,Alternative Christmas 2022,Last Christmas,0,267493,False,0.532,0.842,2,-6.152,1,0.0403,0.00131,1.2e-06,0.33,0.715,126.042,4,alternative,336149,2020-01-03 06:55,MENA
13qGcgZe2DoDxPwXbbcbTg,No Doubt,Los Clásicos del Pop 90s,Don't Speak,0,262746,False,0.508,,5,-5.439,0,0.0343,0.251,2.1e-05,0.142,0.554,76.07,4,alternative,329843,2020-01-03 06:56,EU
0S51NLrTscfLemwPv2rjNv,No Doubt,Hits Pop Rock 90's,Just A Girl,1,205946,False,0.635,0.937,2,-2.86,1,0.0452,0.0735,6.95e-05,0.134,0.78,108.003,4,alternative,517347,2020-01-03 06:57,MENA
5qmdJ43JhLyQU06f673RJ1,No Doubt,Rock Workout 2023,Don't Speak,0,262746,False,0.508,0.752,5,-5.439,0,0.0343,0.251,2.1e-05,0.142,0.554,76.07,4,alternative,885618,2020-01-03 06:58,US
7bg7JfJvKgKX1xTn1gGAki,Jimmy Eat World,Mirando las nubes,The Middle,0,166040,False,0.644,,2,-5.385,1,0.0529,0.0358,0.0,0.0676,0.928,162.151,4,alternative,127895,2020-01-03 06:59,LATAM
4QBuC8RxPzFPHPryVdnF0m,Fitz and The Tantrums,All Out Alternative,HandClap,0,193253,False,0.634,0.836,8,-3.004,1,0.0427,0.00609,0.000157,0.0828,0.715,139.957,4,alternative,834256,2020-01-03 07:00,LATAM
6FLMTRlci8RrAegvGIuoYS,No Doubt,Emo Christmas 2022,Oi To The World,0,160586,False,0.505,0.939,9,-4.165,1,0.0415,0.00281,0.0232,0.0516,0.963,177.68,4,alternative,655901,2020-01-03 07:01,APAC
0Hs9WwuAMYmMiIaaYLhE6i,No Doubt,Halloween Hits,Spiderwebs,1,266706,False,0.485,0.924,10,-4.046,1,0.0579,0.0373,1.62e-06,0.248,0.661,143.244,4,alternative,653679,2020-01-03 07:02,MENA
1zKsMKyoroSE4Pw41NJREK,No Doubt;Bounty Killer,OO's Music Grandi Successi,Hey Baby,0,207040,False,0.705,0.871,11,-3.557,0,0.123,0.0618,0.0,0.226,,93.625,4,alternative,710478,2020-01-03 07:03,US
01XHdHj96m9u8VEyvInHGE,No Doubt,Rock & Halloween,Spiderwebs,1,266706,False,0.485,,10,-4.046,1,0.0579,0.0373,1.62e-06,0.248,0.661,143.244,4,alternative,203867,2020-01-03 07:04,EU
52qebMWeKw2x34v56DPFcl,No Doubt,Helloween Party,Spiderwebs,0,266706,False,0.485,0.924,10,-4.046,1,0.0579,0.0373,1.62e-06,0.248,,143.244,4,alternative,772057,2020-01-03 07:05,LATAM
2rUzh19do9xKVsfWCa92x7,Fitz and The Tantrums;Dave Audé,10's Dance Classics,HandClap - Dave Audé Remix,0,295932,False,0.725,0.918,8,-2.468,1,0.0352,0.000148,0.00127,0.0642,0.503,128.016,4,alternative,323318,2020-01-03 07:06,APAC
2VSN91ig6Mw7YvZyd9zda9,No Doubt,Alternative Christmas 2022,Oi To The World,0,160586,False,0.505,0.939,9,-4.165,1,0.0415,0.00281,0.0232,0.0516,,177.68,4,alternative,564916,2020-01-03 07:07,APAC
0EfsDEYaSjGYd66Pr881nq,The Neighbourhood,Wiped Out!,Cry Baby,74,235160,False,0.581,0.656,4,-4.891,0,0.0294,0.00269,2.78e-06,0.101,0.338,108.033,4,alternative,709189,2020-01-03 07:08,APAC
77KnJc8o5G1eKVwX5ywMeZ,Young the Giant,Mirrorball / Mind Over Matter (Reprise),Mind Over Matter (Reprise),75,230866,False,0.393,0.487,0,-6.348,1,0.0337,0.229,0.0,0.128,0.3,151.958,4,alternative,643549,2020-01-03 07:09,US
7IL8PSVwLOJxqYne6azxQv,The Neighbourhood,Chip Chrome & The Mono-Tones,Pretty Boy,75,234093,False,0.578,0.386,6,-11.464,1,0.0278,0.208,0.0453,0.307,0.569,154.902,4,alternative,390812,2020-01-03 07:10,MENA
6Wx88Mv6b9ofjKMKkdwOJd,Linkin Park,Transformers: Revenge Of The Fallen The Album,New Divide,70,268613,False,0.493,0.808,5,-3.365,0,0.0362,0.000235,0.0,0.0983,0.38,117.971,4,alternative,456458,2020-01-03 07:11,EU
0snQkGI5qnAmohLE7jTsTn,System Of A Down,Toxicity,Toxicity,81,218933,False,0.413,0.873,8,-4.151,1,0.0536,0.000264,0.00249,0.204,0.48,116.68,3,alternative,528859,2020-01-03 07:12,EU
20Q75JEtoaoEbqA2w8xJO6,Snoh Aalegra,HÖST,LOST YOU,1,177720,True,0.445,0.468,5,-8.106,0,0.0702,0.524,0.000849,0.112,0.444,87.803,4,alternative,137127,2020-01-03 07:13,EU
2bDENJyfbxj0neGiXUFvIX,Welshly Arms,No Place Is Home,Legendary,66,232173,False,,0.656,11,-5.863,0,0.0411,0.0458,2.54e-06,0.112,0.45,141.873,4,alternative,753437,2020-01-03 07:14,MENA
034QFxadzhSnGsrStsQaKB,Snoh Aalegra,Best R&B Tunes,SAVE YOURSELF,1,118520,False,0.538,0.307,0,-11.856,1,0.0695,0.821,0.000374,0.0996,0.295,119.598,4,alternative,189956,2020-01-03 07:15,EU
6hUwGTijdC5SRBY9nyQJrO,Snoh Aalegra,LUGNA LÅTAR,LOST YOU,0,177720,True,0.445,0.468,5,-8.106,0,0.0702,0.524,0.000849,0.112,0.444,87.803,4,alternative,512724,2020-01-03 07:16,APAC
3d9DChrdc6BOeFsbrZ3Is0,Red Hot Chili Peppers,Blood Sugar Sex Magik (Deluxe Edition),Under the Bridge,82,264306,False,0.559,0.345,4,-13.496,1,0.0459,0.0576,0.000105,0.141,0.458,84.581,4,alternative,689495,2020-01-03 07:17,MENA
3F3uRFEXzCby4QCWoVmIA5,Snoh Aalegra,LUGNA HITS,LOST YOU,0,177720,True,0.445,0.468,5,-8.106,0,0.0702,0.524,0.000849,0.112,0.444,87.803,4,alternative,172352,2020-01-03 07:18,APAC
4QTUZfTCiATLJl9EART72Z,Snoh Aalegra,Blinding Lights,SAVE YOURSELF,0,118520,False,0.538,0.307,0,-11.856,1,0.0695,0.821,0.000374,0.0996,0.295,119.598,4,alternative,995998,2020-01-03 07:19,MENA
4tyD9sivpD8NGM8KEEabAl,GAYLE,a study of the human experience volume two,snow angels,61,210239,True,0.753,0.552,8,-3.803,1,0.0395,0.0124,0.0,0.092,0.901,117.955,4,alternative,439500,2020-01-03 07:20,EU
4TbyiYcllv8PfNO6aAUdxG,Snoh Aalegra,Best R&B Tunes,SAVE YOURSELF,0,118520,False,0.538,0.307,0,-11.856,1,0.0695,0.821,0.000374,0.0996,0.295,119.598,4,alternative,114222,2020-01-03 07:21,LATAM
3ZOEytgrvLwQaqXreDs2Jx,Red Hot Chili Peppers,By the Way (Deluxe Edition),Can't Stop,82,269000,False,0.618,0.938,9,-3.442,1,0.0456,0.0179,0.0,0.167,0.875,91.455,4,alternative,692769,2020-01-03 07:22,LATAM
0zS7rRNqQxiKKEFMFS6D1m,THE ANXIETY;WILLOW;Tyler Cole,Mega Hits Autumn/Fall 2022,Meet Me At Our Spot,0,162680,True,0.773,0.47,2,-7.93,1,0.0299,0.0153,0.000198,0.0851,0.399,94.995,4,alternative,601824,2020-01-03 07:23,APAC
7iC8muv2liCrdslEKMg63E,THE ANXIETY;WILLOW;Tyler Cole,Autumn Vibes 2022,Meet Me At Our Spot,0,162680,False,0.769,0.465,2,-8.06,1,0.0327,0.0161,0.000551,0.0854,,94.997,4,alternative,676298,2020-01-03 07:24,APAC
16FSyQf1MXw8Uv7p3eRt2x,THE ANXIETY;WILLOW;Tyler Cole,Sweater Weather,Meet Me At Our Spot,0,162680,True,0.773,0.47,2,-7.93,1,0.0299,0.0153,0.000198,0.0851,0.399,94.995,4,alternative,775907,2020-01-03 07:25,LATAM
0XsYX3MLhyIW2nmMiJjGN2,Mazzy Star,sadsadchristmas,Flowers In December,3,297893,False,0.59,0.229,7,-13.174,1,0.0301,0.115,0.00168,0.0854,0.168,96.859,4,alternative,528069,2020-01-03 07:26,US
2ZUyxzeqj11CBJwZbnYgb8,Neon Trees,Rock Workout 2023,Everybody Talks,1,177280,False,0.474,0.916,8,-3.93,1,0.0624,0.00504,0.0,0.325,0.745,154.948,4,alternative,844096,2020-01-03 07:27,EU
0a0ojBktF5aWS7Cdjf4rTA,Neon Trees,CHRISTMAS TOP HITS 2022,Holiday Rock,0,177345,False,0.529,0.818,6,-6.622,1,0.04,6.5e-05,0.0,0.354,0.684,148.173,4,alternative,433134,2020-01-03 07:28,LATAM
79uAxWWq3OEL3H4wvlurIO,Rico Nasty;Flo Milli,Energy Hip Hop,Money,0,150652,True,0.808,0.768,8,-4.813,0,0.0499,0.000605,0.0,0.372,0.554,124.011,4,alternative,590683,2020-01-03 07:29,US
0VubuUqnJDOm2pD144598j,Neon Trees,Обратно в клас - rock,Everybody Talks,0,177280,False,0.474,0.916,8,-3.93,1,0.0624,0.00504,0.0,0.325,0.745,154.948,4,alternative,242663,2020-01-03 07:30,LATAM
5IEYuPuSbReekSa8Jvx51t,Neon Trees,Pop Christmas 2022,Holiday Rock,0,177345,False,0.529,0.818,6,-6.622,1,0.04,6.5e-05,0.0,0.354,0.684,148.173,4,alternative,657923,2020-01-03 07:31,APAC
00gxx5tCbWPxr76vGNED8B,Neon Trees,Weihnachtspop 2022,Holiday Rock,0,177345,False,0.529,0.818,6,-6.622,1,0.04,6.5e-05,0.0,0.354,0.684,148.173,4,alternative,335436,2020-01-03 07:32,LATAM
7zaCbVsVwJWaTcjnMzbXLL,Rico Nasty,The Hype,Smack a Bitch,0,138352,True,0.703,0.701,2,-2.417,1,0.221,0.00579,0.0,0.115,0.343,169.861,4,alternative,727051,2020-01-03 07:33,LATAM
0raOzVFA5sMpRDgMZ0ZTJc,Rico Nasty;Marshmello,Internet Sensations,Watch Your Man,0,116162,True,,0.735,1,-4.632,1,0.139,0.000347,1.88e-06,0.0717,0.533,172.119,4,alternative,820948,2020-01-03 07:34,EU
0WBKz2TSI4OEAWZnnX5Jzl,Neon Trees,Alternative Christmas 2022,Holiday Rock,0,177345,False,,0.818,6,-6.622,1,0.04,6.5e-05,0.0,0.354,0.684,148.173,4,alternative,873068,2020-01-03 07:35,APAC
0cqWbqYkzgllXISuaXAGSD,Rico Nasty;Flo Milli,Summer Music Festival Hits,Money,0,150652,True,0.808,0.768,8,-4.813,0,0.0499,0.000605,0.0,0.372,0.554,124.011,4,alternative,936172,2020-01-03 07:36,LATAM
4haXv9IJwOlJJsT6FNJPYk,Jimmy Eat World,Обратно в клас - rock,The Middle,0,166040,False,,0.848,2,-5.385,1,0.0529,0.0358,0.0,0.0676,0.928,162.151,4,alternative,210060,2020-01-03 07:37,EU
3OMd93g8K6Pcj6Je3kEtpe,Lamb of God,Release Your ANGER,Ruin,1,234266,False,0.288,0.955,7,-4.424,1,0.171,4.65e-05,0.139,0.394,0.0916,108.423,3,alternative,224192,2020-01-03 07:38,US
7B0r4rRL37jsjGFualPIyF,Mazzy Star,Christmas Vibes But Not Christmas Songs,Flowers In December,0,297893,False,0.59,0.229,7,-13.174,1,0.0301,0.115,0.00168,0.0854,0.168,96.859,4,alternative,933563,2020-01-03 07:39,APAC
424WY6p8kPClokqegSpJfV,Rob Zombie;Ozzy Osbourne,Release Your ANGER,Iron Head,0,251200,False,0.527,0.924,6,-4.503,1,0.0367,7.92e-05,0.0671,0.705,0.324,102.036,4,alternative,442744,2020-01-03 07:40,MENA
5G4roC38WFtOEF5Jo7vLUR,Rob Zombie,Halloween Hits,Living Dead Girl,2,201400,False,,0.948,6,-5.579,0,0.0676,0.00512,0.0996,0.228,0.548,103.025,4,alternative,123415,2020-01-03 07:41,LATAM
4ZbIwC19U5soz0akMfbUqD,Rob Zombie,Rock & Halloween,Living Dead Girl,2,201400,False,0.518,0.948,6,-5.579,0,0.0676,0.00512,0.0996,0.228,0.548,103.025,4,alternative,358290,2020-01-03 07:42,MENA
4vvCo9Lxak9UqHVOyFmjFT,Rob Zombie,Pumpkin Patch Hits,Living Dead Girl,0,201400,False,0.518,0.948,6,-5.579,0,0.0676,0.00512,0.0996,0.228,0.548,103.025,4,alternative,852578,2020-01-03 07:43,EU
1ABzvnkHLpLaIN7VlB00LJ,Kinky,Kinky (Remastered),Soun Tha Mi Primer Amor - Remastered,54,191000,False,0.83,0.838,6,-6.77,1,0.0776,0.0805,0.517,0.073,0.829,104.418,4,alternative,419490,2020-01-03 07:44,US
1nQYbtP8RwXxA7DwW6Kn38,Rob Zombie,Twisted Halloween Hits,Living Dead Girl,0,201400,False,0.518,0.948,6,-5.579,0,0.0676,0.00512,0.0996,0.228,0.548,103.025,4,alternative,169066,2020-01-03 07:45,MENA
6AY2zdaF4LJykDhGGE4nv6,Rob Zombie,Helloween Party,Living Dead Girl,0,201400,False,0.518,0.948,6,-5.579,0,0.0676,0.00512,0.0996,0.228,0.548,103.025,4,alternative,749897,2020-01-03 07:46,EU
0X2rK2dB3aEGw1KOK0ioAL,Rob Zombie,Pumpkin Patch Hits,Dragula,0,222893,False,,0.978,0,-5.327,0,0.0548,8.55e-05,0.000141,0.0955,0.558,125.073,4,alternative,275165,2020-01-03 07:47,APAC
6q0hRmeFLlRB25616BLhgy,Rob Zombie,Halloween Party 2022,Living Dead Girl,0,201400,False,0.518,0.948,6,-5.579,0,0.0676,0.00512,0.0996,0.228,0.548,103.025,4,alternative,417521,2020-01-03 07:48,US
6VNgUdPze583ZMIqe9EAyF,Rob Zombie,Halloween Metal Nights,Dragula,1,222893,False,0.579,0.978,0,-5.327,0,0.0548,8.55e-05,0.000141,0.0955,0.558,125.073,4,alternative,103504,2020-01-03 07:49,US
5vp6CNekMfEWWi8FtqUlKx,Rob Zombie,Halloween Spooky Party 2022,Living Dead Girl,0,201400,False,0.518,0.948,6,-5.579,0,0.0676,0.00512,0.0996,0.228,0.548,103.025,4,alternative,641796,2020-01-03 07:50,LATAM
7uhmQXCmglHzUEUA0ch9mh,Rob Zombie,Halloween Party 2022,Dragula,0,222893,False,0.579,0.978,0,-5.327,0,0.0548,8.55e-05,0.000141,0.0955,0.558,125.073,4,alternative,500730,2020-01-03 07:51,US
2AMjuIoFxAYnQ5PWrRceOP,Rob Zombie,Twisted Halloween Hits,Dragula,0,222893,False,0.579,0.978,0,-5.327,0,0.0548,8.55e-05,0.000141,0.0955,0.558,125.073,4,alternative,880343,2020-01-03 07:52,MENA
2TDtt2AF6IR5iTmVrCM1u8,Rob Zombie,Twisted Halloween Hits,Superbeast,0,220226,False,0.514,0.975,11,-4.433,0,0.0609,7.65e-05,0.561,0.457,0.309,154.047,4,alternative,400922,2020-01-03 07:53,MENA
2i0hWBMyrOXnGv3jWji0Lw,Rob Zombie,Halloween Spooky Party 2022,Dragula,0,222893,False,0.579,0.978,0,-5.327,0,0.0548,8.55e-05,0.000141,0.0955,0.558,125.073,4,alternative,284144,2020-01-03 07:54,LATAM
7y5uK11sbFNiNEafUvntSL,Rob Zombie,Halloween Scary Party,Dragula,0,222893,False,0.579,0.978,0,-5.327,0,0.0548,8.55e-05,0.000141,0.0955,0.558,125.073,4,alternative,249393,2020-01-03 07:55,LATAM
0ojuDHW8XG17heZBJHQyXJ,Rob Zombie,Halloween Metal Nights,Superbeast,0,220226,False,0.514,0.975,11,-4.433,0,0.0609,7.65e-05,0.561,0.457,0.309,154.047,4,alternative,280142,2020-01-03 07:56,EU
3jcMkuNGMExEorJSML33D9,Rob Zombie,Halloween Metal Nights,Demon Speeding,0,224306,False,0.548,0.809,11,-4.001,0,0.0328,0.000298,2.96e-06,0.156,0.409,133.984,4,alternative,505980,2020-01-03 07:57,US
4UGvqm3e7UElrrriPtnhwz,Genevieve Stokes,Habits,Habits,76,136733,False,0.663,0.287,9,-9.469,1,0.0344,0.854,6.85e-06,0.346,0.438,82.457,4,alternative,178449,2020-01-03 07:58,EU
1fDFHXcykq4iw8Gg7s5hG9,The 1975,Being Funny In A Foreign Language,About You,73,326490,False,0.416,0.762,2,-7.385,1,0.0279,0.312,0.804,0.0559,0.461,95.967,4,alternative,462133,2020-01-03 07:59,MENA
1EWDtcKzwZqflFqdiN3fyv,Linkin Park,A Thousand Suns,Waiting for the End,42,231680,False,0.487,0.961,4,-4.139,1,0.132,0.0415,1.15e-06,0.553,0.323,170.005,4,alternative,869212,2020-01-03 08:00,US
1LzNfuep1bnAUR9skqdHCK,Mazzy Star,So Tonight That I Might See,Fade Into You,79,295600,False,0.42,0.33,9,-13.925,1,0.0275,0.245,0.000679,0.0677,0.175,157.143,3,alternative,790894,2020-01-03 08:01,US
1YlulsUKDduOmC7WxvXYPW,Ruel,Free Time,Painkiller,71,213506,False,0.683,,5,-6.51,1,0.0542,0.0875,0.0,0.225,0.469,128.621,4,alternative,673533,2020-01-03 08:02,MENA
07rz54LA3Y2lagmY0DnChZ,Linkin Park,A Thousand Suns,Iridescent,42,296560,False,0.484,0.727,0,-6.107,1,0.0358,0.198,0.00204,0.107,,120.066,4,alternative,903816,2020-01-03 08:03,APAC
0q6LuUqGLUiCPP1cbdwFs3,Gorillaz,Plastic Beach,On Melancholy Hill,78,233866,False,0.689,0.739,2,-5.81,1,0.026,1.51e-05,0.509,0.064,0.578,120.423,4,alternative,802192,2020-01-03 08:04,APAC
5W8YXBz9MTIDyrpYaCg2Ky,Papa Roach,Infest,Last Resort,80,199906,True,0.589,0.89,4,-3.719,0,0.0603,0.000481,0.00082,0.201,0.692,90.598,4,alternative,687309,2020-01-03 08:05,EU
424GDxARRXRaZ7Mla9EDI2,Adam Jensen,The Mystic,The Mystic,68,189600,False,0.556,0.72,4,-5.132,0,0.0415,0.358,0.0,0.146,0.405,125.324,4,alternative,876759,2020-01-03 08:06,LATAM
61mWefnWQOLf90gepjOCb3,Slipknot,Vol. 3: The Subliminal Verses,Duality,80,252613,False,0.354,0.982,4,-3.026,0,0.168,0.000237,0.000294,0.204,0.194,143.772,4,alternative,211969,2020-01-03 08:07,LATAM
4se25yP3bMpaMAlcxvyJ5Q,Cookiee Kawaii;Dear Silas,Vanice,Violin,67,109714,True,0.83,0.875,2,-4.212,1,0.094,0.0695,0.000877,0.117,0.675,139.9,4,alternative,836431,2020-01-03 08:08,US
4sOX1nhpKwFWPvoMMExi3q,MARINA,Electra Heart (Deluxe),Primadonna,74,221075,False,0.66,0.689,4,-2.671,0,0.0337,0.0884,0.0,0.0922,0.427,127.98,4,alternative,365851,2020-01-03 08:09,APAC
3cfOd4CMv2snFaKAnMdnvK,Smash Mouth,Astro Lounge,All Star,79,200373,False,0.731,,11,-5.881,1,0.032,0.0395,0.0,0.0861,0.776,104.019,4,alternative,759755,2020-01-03 08:10,MENA
2kVgaOMMn0RpD1sM0Bt0eh,Baby Tate,Hip Hop & R'n'B,Yasss Queen,0,167151,True,0.738,0.471,6,-8.827,1,0.0509,0.55,0.0,0.12,0.681,163.981,4,alternative,921985,2020-01-03 08:11,US
6Up545NUflOiXo8cEraH49,Lauren Daigle,Look Up Child,You Say,75,274693,False,0.494,0.632,5,-6.89,1,0.0342,0.682,0.0,0.0869,0.0797,147.873,4,alternative,546422,2020-01-03 08:12,US
3TgMcrV32NUKjEG2ujn9eh,The 1975,A Brief Inquiry Into Online Relationships,It's Not Living (If It's Not With You),73,248335,False,0.618,0.837,1,-5.338,1,0.0304,0.000254,0.000378,0.0618,0.526,121.227,4,alternative,179860,2020-01-03 08:13,US
1pHZE51cJngQqCRdvpItly,Baby Tate,Walk - Fresh Rap Flow,Dancing Queen,0,193076,True,0.908,,11,-6.329,1,0.333,0.00656,0.0,0.234,0.616,143.993,4,alternative,433205,2020-01-03 08:14,MENA
2rjtsklbFGd1qEwqt1rkE5,Baby Tate,Sailor on the Moon - Hot New Rap,Dancing Queen,0,193076,True,0.908,0.559,11,-6.329,1,0.333,0.00656,0.0,0.234,0.616,143.993,4,alternative,466169,2020-01-03 08:15,EU
5anCkDvJ17aznvK5TED5uo,Avenged Sevenfold,Hail to the King,Hail to the King,76,305906,False,0.58,0.916,3,-4.358,0,0.0387,0.000297,0.0259,0.126,0.683,118.004,4,alternative,943060,2020-01-03 08:16,MENA
26kVXR9aQXzDiKggPGnUQR,Gatlin,What If I Love You,What If I Love You,69,158360,False,0.743,0.666,11,-8.337,1,0.0546,0.432,1.77e-05,0.129,0.492,101.002,4,alternative,948253,2020-01-03 08:17,APAC
149dWfm2AUDf6WIwJs2mDn,Janelle Monáe;Zoë Kravitz,New Pop Icons,Screwed,0,302491,True,0.729,0.681,8,-7.582,0,0.0405,0.0442,0.000242,0.27,0.444,106.011,4,alternative,611618,2020-01-03 08:18,LATAM
5IUGggKb1vh11R6hE0rPpm,Janelle Monáe;Zoë Kravitz,The State of Pop,Screwed,0,302491,True,0.729,0.681,8,-7.582,0,0.0405,0.0442,0.000242,0.27,0.444,106.011,4,alternative,955597,2020-01-03 08:19,LATAM
0iZbHx2s0PaR9fEYmNbUcb,Baby Tate,Trending Hip Hop,Dancing Queen,0,193076,True,0.908,0.559,11,-6.329,1,0.333,0.00656,0.0,0.234,0.616,143.993,4,alternative,492661,2020-01-03 08:20,MENA
2uLtcnTKpk0FFdNbqhT7tH,Mazzy Star,Los Clásicos del Pop 90s,Fade Into You,0,297160,False,0.248,0.399,9,-11.011,1,0.0283,0.306,0.00119,0.0728,0.198,52.401,4,alternative,470082,2020-01-03 08:21,APAC
5h34UBBKsOZaoFzmLds3by,Loyle Carner;Jorja Smith,Coffee Break,Loose Ends,0,256198,True,0.79,0.676,11,-6.952,0,0.32,0.166,1.3e-05,0.103,0.365,90.96,4,alternative,852855,2020-01-03 08:22,US
6QyMFfo6GYK9YwspxYVjCG,Baby Tate,Ghetto Superstar - New Rap Classics,Dancing Queen,0,193076,True,0.908,0.559,11,-6.329,1,0.333,0.00656,0.0,0.234,0.616,143.993,4,alternative,700656,2020-01-03 08:23,EU
6yR9KHd3brZhx3izrJnFOi,Janelle Monáe,New RnB,Make Me Feel,0,194230,True,0.859,0.413,1,-7.399,1,0.18,0.136,0.0,0.334,0.699,115.036,4,alternative,570138,2020-01-03 08:24,APAC
2eXoWAL6kC9sdlpdOGvSCw,Lifehouse,OO's Music Grandi Successi,You And Me,1,195493,False,0.459,0.427,7,-7.733,1,0.0267,0.112,0.0,0.168,0.357,139.898,3,alternative,511070,2020-01-03 08:25,EU
7lcR0YsFYy2vIgbOyX3gxg,La Roux;GAMPER & DADONI,Hidden Gems,Bulletproof,0,162213,False,0.752,0.771,6,-5.95,1,0.0311,0.00341,1.73e-05,0.0905,0.527,126.02,4,alternative,735044,2020-01-03 08:26,EU
5S9KnOMLC5vRckzbvzasEs,Hoobastank,Обратно в клас - rock,The Reason,0,232800,False,,0.671,4,-4.649,1,0.0289,0.0129,0.0,0.159,0.0682,82.94,4,alternative,778113,2020-01-03 08:27,MENA
5pIXg8cywRwdTyFeVsWtht,Hoobastank,OO's Music Grandi Successi,The Reason,1,232800,False,0.474,0.671,4,-4.649,1,0.0289,0.0129,0.0,0.159,0.0682,82.94,4,alternative,541530,2020-01-03 08:28,LATAM
16D5d14hKxxHkKX7M1aqJZ,Janelle Monáe,2Step - Pop R'n'B,Make Me Feel,0,194230,True,0.859,0.413,1,-7.399,1,0.18,0.136,0.0,0.334,0.699,115.036,4,alternative,128423,2020-01-03 08:29,APAC
0SShlR5RlMpTzifqbPnVhl,La Roux,Halloween 2022,In For The Kill,0,250160,False,0.627,0.973,8,-0.223,0,0.0435,0.00137,0.0,0.0851,0.894,150.063,4,alternative,191652,2020-01-03 08:30,US
0Wu0D0rtILSybiNVhkZC46,La Roux,Helloween Party,In For The Kill,1,250160,False,0.627,0.973,8,-0.223,0,0.0435,0.00137,0.0,0.0851,0.894,150.063,4,alternative,229741,2020-01-03 08:31,EU
2jihadt1H0tk4LvvGgmS9H,La Roux,Halloween Hits,In For The Kill,0,250160,False,0.627,0.973,8,-0.223,0,0.0435,0.00137,0.0,0.0851,0.894,150.063,4,alternative,515878,2020-01-03 08:32,EU
2f14KQkkTTPbqjkBySHhwA,Royal Blood,20's Rock,Trouble's Coming,0,228400,False,0.767,,1,-5.059,0,0.0384,0.0629,0.0,0.32,0.78,112.012,4,alternative,652778,2020-01-03 08:33,US
57E7YfHbw3SpJsQrEkQY1O,Janelle Monáe,Modern R&B Love,Make Me Feel,0,194230,True,0.859,0.413,1,-7.399,1,0.18,0.136,0.0,0.334,0.699,115.036,4,alternative,823389,2020-01-03 08:34,EU
0ivAXyBo7oud7Xkffq4aLG,Royal Blood,Here to Forever - All New Indie,Trouble's Coming,0,228400,False,0.767,0.694,1,-5.059,0,0.0384,0.0629,0.0,0.32,0.78,112.012,4,alternative,309296,2020-01-03 08:35,LATAM
67pfgJfLwgY17o31SpisHw,Molotov,TickTok Back To School 2022,Hit Me,0,256385,True,0.701,0.818,9,-7.623,0,0.0354,0.518,0.000181,0.288,0.45,90.032,4,alternative,807937,2020-01-03 08:36,US
0JTDayhfakCBhqdaIj9dfx,Aleks Syntek,Halloween 2022 Pop Vol. 4,Sexo Pudor Y Lágrimas,0,236866,False,0.63,0.484,8,-7.25,1,0.0313,0.892,1.33e-06,0.154,0.502,147.882,4,alternative,699446,2020-01-03 08:37,LATAM
3T5o2gOsExc13J9yfo1sPF,Royal Blood,All Out Alternative,Trouble's Coming,0,228400,False,0.767,0.694,1,-5.059,0,0.0384,0.0629,0.0,0.32,0.78,112.012,4,alternative,146491,2020-01-03 08:38,LATAM
2aewgnU4FvXgiML6qKLkJW,La Ley,Rock un sentimiento vol. I,Solo Ideales,0,293853,False,0.709,0.392,9,-17.241,0,0.0369,0.193,0.734,0.0631,0.951,124.074,4,alternative,416100,2020-01-03 08:39,US
6NXIFaZ5a9rtnhF7GAHF0U,The Verve,Hits Pop Rock 90's,Bitter Sweet Symphony - Remastered 2016,1,357266,False,0.356,0.917,9,-6.005,1,0.0487,0.0336,0.0,0.406,0.523,171.172,4,alternative,372393,2020-01-03 08:40,LATAM
4OEbwdy2hgYXxShjhLtF0e,TobyMac,Santa's Christmas List,Bring On The Holidays,0,205482,False,0.588,0.723,1,-6.537,1,0.0298,0.0908,1.46e-05,0.047,0.329,124.98,4,alternative,897980,2020-01-03 08:41,EU
1PYe4YkKMsZ4JdvEZYBE6m,The Verve,Rock Workout 2023,Bitter Sweet Symphony - Remastered 2016,1,357266,False,0.356,0.917,9,-6.005,1,0.0487,0.0336,0.0,0.406,0.523,171.172,4,alternative,929076,2020-01-03 08:42,US
3NSLr0b5MRGgLM298WQjMZ,Fito Paez,Rock x siempre,11 Y 6,0,175720,False,0.746,0.506,7,-7.945,1,0.0267,0.159,0.0,0.273,0.35,101.361,4,alternative,837332,2020-01-03 08:43,MENA
67tATduRRXN0FrbOeyxyuH,The Verve,90's Music Grandi Successi,Bitter Sweet Symphony - Remastered 2016,0,357266,False,0.356,0.917,9,-6.005,1,0.0487,0.0336,0.0,0.406,0.523,171.172,4,alternative,575205,2020-01-03 08:44,MENA
5XEYNhZdOT7QUfoXxVSdbu,The Verve,Обратно в клас - rock,Bitter Sweet Symphony - Remastered 2016,0,357266,False,,0.917,9,-6.005,1,0.0487,0.0336,0.0,0.406,0.523,171.172,4,alternative,543553,2020-01-03 08:45,LATAM
34LcvhvuO7RIX0JzSw8FNe,TobyMac;Terrian,Santa's Christmas List,All I Need For Christmas,0,181764,False,,0.762,10,-4.053,1,0.0976,0.0583,0.0,0.0523,0.736,170.108,4,alternative,380337,2020-01-03 08:46,MENA
4ckTIXFjIHbZkK1HxisLFG,TobyMac;Leigh Nash,Santa's Christmas List,Christmas This Year,0,210680,False,0.666,0.795,11,-3.762,1,0.0302,0.0753,0.0,0.365,0.735,94.968,4,alternative,795604,2020-01-03 08:47,LATAM
0KzAbK6nItSqNh8q70tb0K,Pixies,Death to the Pixies,Where Is My Mind?,77,229226,False,0.513,0.442,4,-13.529,1,0.0343,0.00731,0.000838,0.0878,0.243,81.201,4,alternative,177653,2020-01-03 08:48,EU
1dYw8HTRJnFpeEeMtXj99a,Linkin Park,LIVING THINGS,ROADS UNTRAVELED,65,229933,False,0.599,0.788,8,-6.25,0,0.0294,0.263,0.00525,0.155,0.581,100.001,3,alternative,344023,2020-01-03 08:49,MENA
7aUuoq4oMfLxaLa5GVUDHi,KALEO,Way down We Go,Way down We Go,64,219560,False,0.59,0.578,10,-5.798,0,0.0528,0.612,0.000162,0.0837,0.264,81.663,4,alternative,221688,2020-01-03 08:50,LATAM
4hrfgsdCAOW9GYDcpNfCWv,FKA twigs;The Weeknd,Music for Rainy Days,tears in the club,0,196760,True,0.616,0.717,8,-6.178,1,0.11,0.194,9.81e-05,0.0731,0.72,167.99,4,alternative,544833,2020-01-03 08:51,APAC
1b7DozY0xHWXU1T84Lck1z,Layto;Neoni,Ghost Town,Ghost Town,62,193846,False,0.631,0.643,0,-5.656,1,0.053,0.0658,0.0,0.0937,0.528,130.099,4,alternative,369780,2020-01-03 08:52,APAC
7omxuGYsym1n2RlVf86OF9,The 1975,Being Funny In A Foreign Language,The 1975,71,250900,False,0.542,0.433,9,-10.47,1,0.0305,0.897,0.173,0.101,0.495,140.939,4,alternative,277733,2020-01-03 08:53,US
1djJRLSBe7UKJ7F1p3tidC,FKA twigs;The Weeknd,New Grooves,tears in the club,0,196760,True,0.616,0.717,8,-6.178,1,0.11,0.194,9.81e-05,0.0731,0.72,167.99,4,alternative,438771,2020-01-03 08:54,APAC
2M5t4tdhZ9W3Eys2HDCjbY,FKA twigs;The Weeknd,On Chill - Rap & RnB,tears in the club,0,196760,True,,0.717,8,-6.178,1,0.11,0.194,9.81e-05,0.0731,0.72,167.99,4,alternative,874796,2020-01-03 08:55,LATAM
0eNfURq0r0oNSwFyw1VuVT,The 1975,Being Funny In A Foreign Language,Looking For Somebody (To Love),72,178617,True,0.522,0.957,2,-4.924,1,0.0687,0.0515,0.0014,0.144,0.917,170.91,4,alternative,602208,2020-01-03 08:56,US
27e73MxfZIXuWybL041U5O,FKA twigs,20's R'n'B,killer,0,176876,False,0.401,0.619,0,-7.035,0,0.21,0.168,0.0,0.272,0.757,78.763,4,alternative,840760,2020-01-03 08:57,US
7wCmS9TTVUcIhRalDYFgPy,Pixies,Surfer Rosa,Where Is My Mind? - Remastered,79,234973,False,0.519,0.441,4,-14.178,1,0.0353,0.0204,0.000453,0.076,0.25,81.334,4,alternative,922513,2020-01-03 08:58,APAC
4FVIHsnonPabmiAkoNKOJa,FKA twigs,New Grooves,killer,0,176876,False,0.401,0.619,0,-7.035,0,0.21,0.168,0.0,0.272,0.757,78.763,4,alternative,911933,2020-01-03 08:59,US
3CjDcS506vLoyV4qKKeTGW,FKA twigs,New RnB,killer,0,176876,False,0.401,0.619,0,-7.035,0,0.21,0.168,0.0,0.272,0.757,78.763,4,alternative,415899,2020-01-03 09:00,EU
3VNFbKbn4OjojpFxLzjRt1,FKA twigs,The Look - R&B Feels,killer,0,176876,False,,0.619,0,-7.035,0,0.21,0.168,0.0,0.272,0.757,78.763,4,alternative,889728,2020-01-03 09:01,MENA
3eIL2xOWktD7xXkXoQ3uHs,FKA twigs,Daily Pop Mix,killer,0,176876,False,0.401,0.619,0,-7.035,0,0.21,0.168,0.0,0.272,0.757,78.763,4,alternative,918437,2020-01-03 09:02,US
3BdYUl5j3y0vE6RGmD2f3c,FKA twigs,Mellow Electronic Pop,killer,0,176876,False,0.401,0.619,0,-7.035,0,0.21,0.168,0.0,0.272,0.757,78.763,4,alternative,963635,2020-01-03 09:03,APAC
4gi2kndWShH9kDbb9kBfs6,The Score,Metamorph,Fighter,65,156666,False,0.521,0.835,8,-3.717,0,0.0728,0.0259,0.00011,0.091,0.482,160.031,4,alternative,415902,2020-01-03 09:04,APAC
6BrLfEagscVPCOxQa0uNxG,FKA twigs;The Weeknd,20s Love Songs,tears in the club,1,196760,True,0.616,0.717,8,-6.178,1,0.11,0.194,9.81e-05,0.0731,0.72,167.99,4,alternative,305502,2020-01-03 09:05,MENA
4HU70kqhA6tRYl55kUkg0a,FKA twigs;The Weeknd,Good Vibes,tears in the club,0,196760,True,0.616,0.717,8,-6.178,1,0.11,0.194,9.81e-05,0.0731,0.72,167.99,4,alternative,625845,2020-01-03 09:06,APAC
5UWwZ5lm5PKu6eKsHAGxOk,Foo Fighters,The Colour And The Shape,Everlong,84,250546,False,0.413,0.881,11,-5.541,0,0.0367,5.99e-05,0.000308,0.0805,0.364,158.066,4,alternative,938640,2020-01-03 09:07,APAC
57iDDD9N9tTWe75x6qhStw,The Verve,Urban Hymns (Remastered 2016),Bitter Sweet Symphony,80,357266,False,0.356,0.917,9,-6.006,1,0.0479,0.0335,0.0,0.406,0.518,171.176,4,alternative,910557,2020-01-03 09:08,MENA
63vFGclIBFHOhszBT9kPq1,GAYLE;blackbear,a study of the human experience volume two,fmk (with blackbear),38,189075,True,0.53,0.532,2,-5.957,1,0.0569,0.111,0.0,0.188,0.536,71.797,4,alternative,614091,2020-01-03 09:09,MENA
4yqNNPoc2JCqHwp3EDLrXE,FKA twigs,Good Vibes,killer,1,176876,False,0.401,0.619,0,-7.035,0,0.21,0.168,0.0,0.272,,78.763,4,alternative,234315,2020-01-03 09:10,EU
0SX6ObZSFQz0NcR5zdU7At,FKA twigs,Hits à suivre 2022,killer,0,176876,False,0.401,0.619,0,-7.035,0,0.21,0.168,0.0,0.272,0.757,78.763,4,alternative,480245,2020-01-03 09:11,APAC
5sOHEiisdvTE72NZ2wFJvG,FKA twigs,I'm Blue - Hits of 2022,killer,0,176876,False,0.401,0.619,0,-7.035,0,0.21,0.168,0.0,0.272,0.757,78.763,4,alternative,742708,2020-01-03 09:12,EU
7jJw7oBOkzPkAfd5NSZDLO,FKA twigs,Low-Key Hits,killer,0,176876,False,0.401,0.619,0,-7.035,0,0.21,0.168,0.0,0.272,0.757,78.763,4,alternative,604335,2020-01-03 09:13,MENA
6f1v7wq3JN2BnTkYW6xjRr,FKA twigs,Hits Hits Hits,killer,0,176876,False,0.401,0.619,0,-7.035,0,0.21,0.168,0.0,0.272,0.757,78.763,4,alternative,410924,2020-01-03 09:14,EU
3HGfHFy44HnhYtJIlQtDqD,FKA twigs,New Pop Classics,killer,0,176876,False,0.401,0.619,0,-7.035,0,0.21,0.168,0.0,0.272,0.757,78.763,4,alternative,408341,2020-01-03 09:15,US
3WB7O03A1THXLWrtAERC3h,FKA twigs;The Weeknd,Hit After Hit,tears in the club,0,196760,True,0.616,0.717,8,-6.178,1,0.11,0.194,9.81e-05,0.0731,0.72,167.99,4,alternative,153774,2020-01-03 09:16,EU
5kZbD9TCr2Iw9HoQFHB9Ec,FKA twigs,Your Perfect Soundtrack,killer,0,176876,False,0.401,0.619,0,-7.035,0,0.21,0.168,0.0,0.272,0.757,78.763,4,alternative,359697,2020-01-03 09:17,APAC
0UA2BRk8pQaHUUnl45aFN0,GAYLE,a study of the human experience volume two,god has a sense of humor,36,170771,False,0.494,0.45,2,-8.072,1,0.0687,0.622,0.0,0.242,0.368,65.252,4,alternative,702438,2020-01-03 09:18,EU
0fsLV7k09RmzVvqpcfhDUF,FKA twigs,Modern R&B Love,killer,0,176876,False,0.401,,0,-7.035,0,0.21,0.168,0.0,0.272,,78.763,4,alternative,317182,2020-01-03 09:19,EU
3EkctURiV4YfneWa7hLIeN,FKA twigs,All That Really Matters - Just Hits,killer,0,176876,False,0.401,0.619,0,-7.035,0,0.21,0.168,0.0,0.272,0.757,78.763,4,alternative,994052,2020-01-03 09:20,LATAM
4CS5ytlMoEgrGn5xt4K228,GAYLE,a study of the human experience volume two,indieedgycool,38,146769,True,0.728,0.773,11,-6.253,0,0.0764,0.0364,0.0,0.235,0.547,98.011,4,alternative,174185,2020-01-03 09:21,MENA
1MXFW3PpLyOZwn6zSzK5hT,GAYLE,a study of the human experience volume two,ALEX,43,174479,False,0.76,0.409,7,-7.601,0,0.0428,0.202,1.05e-06,0.168,0.231,101.975,4,alternative,629895,2020-01-03 09:22,LATAM
5Gs6NY7QTgEq77V3DtPagv,The Phantoms,The Fight,Unstoppable Now,44,221576,False,0.64,0.791,6,-5.342,1,0.0647,0.000627,0.0636,0.0802,0.311,129.997,4,alternative,546907,2020-01-03 09:23,LATAM
6Yp3K2cy35hXnWQFE1yWrJ,The Knocks;Dragonette,Mellow Electronic Pop,Slow Song,0,253723,False,0.77,0.743,6,-3.251,1,0.0299,0.0205,0.0003,0.144,0.843,123.014,4,alternative,849972,2020-01-03 09:24,APAC
4ENwi8ul77ga35Cy3WVKNG,GAYLE,a study of the human experience volume two,15,41,187448,False,0.525,0.375,7,-8.057,1,0.093,0.145,0.0,0.208,0.488,179.976,4,alternative,898984,2020-01-03 09:25,LATAM
0YwBrYaPYYc8e18ZYkqhJc,The Knocks;Rivers Cuomo;Royal & the Serpent,Am I Ready - Pop Night Out,Sound the Alarm,0,171587,False,0.688,0.788,5,-3.064,0,0.0436,0.0164,0.000306,0.541,0.774,101.006,4,alternative,589130,2020-01-03 09:26,US
382oL7ul0X7UKEsyRXpvAB,The Knocks;Rivers Cuomo;Royal & the Serpent,20's Rock,Sound the Alarm,0,171587,False,0.688,0.788,5,-3.064,0,0.0436,0.0164,0.000306,0.541,0.774,101.006,4,alternative,667136,2020-01-03 09:27,LATAM
3CMA6bdFwobZpvStfR2jls,Royal Blood,Rock - Best of 2022,Honeybrains,3,186847,False,,0.8,9,-5.243,1,0.101,0.00537,0.0,0.398,0.604,125.886,3,alternative,729057,2020-01-03 09:28,EU
6R1Im770Tq8UzZ2uKT01fh,The Knocks;Rivers Cuomo;Royal & the Serpent,Alternative Rock Mixtape,Sound the Alarm,0,171587,False,0.688,0.788,5,-3.064,0,0.0436,0.0164,0.000306,0.541,0.774,101.006,4,alternative,568877,2020-01-03 09:29,US
0jdPUGPxzjKB3A4qqflyMH,The Knocks;Rivers Cuomo;Royal & the Serpent,Here to Forever - All New Indie,Sound the Alarm,0,171587,False,0.688,0.788,5,-3.064,0,0.0436,0.0164,0.000306,0.541,0.774,101.006,4,alternative,266399,2020-01-03 09:30,APAC
6OsIb7RKndyPBew3traCr8,The Knocks;Rivers Cuomo;Royal & the Serpent,All Out Alternative,Sound the Alarm,0,171587,False,0.688,0.788,5,-3.064,0,0.0436,0.0164,0.000306,0.541,,101.006,4,alternative,485733,2020-01-03 09:31,US
4JuKzBOcFT6ZDX1bINNI1C,Royal Blood,Hot Mix Pop,Honeybrains,1,186847,False,0.523,0.8,9,-5.243,1,0.101,0.00537,0.0,0.398,0.604,125.886,3,alternative,317397,2020-01-03 09:32,EU
7em6T7mETpDEzyPg2UArtk,Royal Blood,Rock Brandneu,Honeybrains,0,186847,False,0.523,0.8,9,-5.243,1,0.101,0.00537,0.0,0.398,0.604,125.886,3,alternative,517960,2020-01-03 09:33,EU
54RIrgjhCmUvAwmUuDqJTA,Royal Blood,Top of the Rock,Honeybrains,0,186847,False,0.523,0.8,9,-5.243,1,0.101,0.00537,0.0,0.398,0.604,125.886,3,alternative,653638,2020-01-03 09:34,MENA
7JOIlJ9KSPIr8SRK4zl8zj,Royal Blood,Alternative Rock Mixtape,Figure It Out,0,184053,False,0.657,0.817,0,-4.415,1,0.0554,0.262,0.00679,0.248,0.651,107.992,4,alternative,288349,2020-01-03 09:35,US
5Zk9paAVhGvRR1N0s3e0BA,Royal Blood,Maintain Your Mojo,Figure It Out,0,184053,False,,0.817,0,-4.415,1,0.0554,0.262,0.00679,0.248,,107.992,4,alternative,324482,2020-01-03 09:36,EU
5zLtABAGH8rxBXOyEgqCgl,Royal Blood,Timeless Rock Hits,Figure It Out,0,184053,False,0.657,0.817,0,-4.415,1,0.0554,0.262,0.00679,0.248,0.651,107.992,4,alternative,840641,2020-01-03 09:37,APAC
0xD23i0X1WjqMSYIxRfO80,The Neighbourhood,#000000 & #FFFFFF,Unfair,72,146866,False,0.477,0.572,8,-7.328,1,0.0319,0.00708,0.784,0.144,0.0414,194.033,4,alternative,439958,2020-01-03 09:38,LATAM
7lGKEWMXVWWTt3X71Bv44I,X Ambassadors,VHS,Unsteady,74,193546,False,0.389,0.665,0,-6.169,1,0.0644,0.178,0.000732,0.116,0.199,117.055,4,alternative,278544,2020-01-03 09:39,LATAM
3eHYnUFpEZjnTQag1EVxHC,You Me At Six,Night People,Take on the World,40,271306,False,,0.532,2,-6.461,1,0.0302,0.157,4.28e-06,0.0927,0.11,104.02,4,alternative,741855,2020-01-03 09:40,MENA
0815caqt2Lytro5EIzMufT,Lifehouse,Lifehouse,You And Me,76,195493,False,0.459,0.427,7,-7.734,1,0.0267,0.114,0.0,0.168,0.354,139.902,3,alternative,744959,2020-01-03 09:41,US
35lxFAny9XDBkvE6r9j4uG,The 1975,Being Funny In A Foreign Language,Happiness,70,303903,False,0.662,0.905,11,-5.036,1,0.0383,0.0529,0.0521,0.202,,117.997,4,alternative,843542,2020-01-03 09:42,LATAM
6G8xvLFNkXy3HM5EbQI6c8,lovelytheband,sail away,sail away,71,179000,False,0.743,0.835,2,-4.655,1,0.029,0.25,0.0,0.0912,0.955,120.019,4,alternative,783985,2020-01-03 09:43,APAC
12g9IeQzX7xECLNxz8dpb5,The 1975,Being Funny In A Foreign Language,I'm In Love With You,71,262623,True,,0.902,2,-3.924,1,0.0386,0.169,8.74e-05,0.198,0.913,119.008,4,alternative,992770,2020-01-03 09:44,APAC
5M5TD1Tlpcgq0Fj1l6Mz6Z,The 1975,Being Funny In A Foreign Language,When We Are Together,69,216586,False,0.618,0.449,2,-10.565,1,0.0435,0.383,0.0182,0.116,0.699,75.046,4,alternative,617381,2020-01-03 09:45,US
46gSk82duJtX3TTA182ruG,Franz Ferdinand,This fffire,This fffire - New Version,76,218080,False,0.442,0.887,4,-5.943,0,0.1,0.0259,4.57e-06,0.0655,0.637,146.358,4,alternative,358139,2020-01-03 09:46,APAC
400lQTCx3wYGgqAIHSZbNA,Linkin Park,Minutes to Midnight,Given Up,54,189293,True,0.655,0.885,7,-4.116,1,0.0438,0.00117,0.000473,0.0448,0.938,100.088,4,alternative,876632,2020-01-03 09:47,APAC
3ADpniwmJH56hAz01KnaxP,Sevyn Streeter,Drunken Wordz Sober Thoughtz,End Up,66,90023,True,0.614,0.51,11,-8.11,0,0.119,0.463,0.0,0.176,0.716,72.519,4,alternative,338333,2020-01-03 09:48,EU
0ADZ5dmXhlfzjMw6lefoPl,Nickelback,All the Right Reasons,Far Away,73,238173,False,0.518,0.797,6,-5.153,1,0.0309,0.000681,0.0,0.107,0.293,132.918,4,alternative,361945,2020-01-03 09:49,EU
5gRcv46AMTrosmTOqrOV3Q,Nirvana,In Utero - 20th Anniversary Remaster,Dumb,75,151893,False,0.697,0.395,6,-13.58,1,0.0281,0.428,0.653,0.173,0.876,113.589,4,alternative,845644,2020-01-03 09:50,APAC
40lKptao1hxVqA7fd1OOGp,Chris Tomlin,And If Our God Is For Us...,Our God,63,285160,False,0.509,0.778,11,-3.608,1,0.0295,0.00998,0.0,0.19,0.216,105.066,4,alternative,893454,2020-01-03 09:51,EU
5O9Dz0h08LuBi0aVvDcylh,Skillet,Unleashed,The Resistance,69,232066,False,0.483,0.941,2,-3.598,0,0.0575,0.000526,3.5e-06,0.31,0.503,156.033,4,alternative,405406,2020-01-03 09:52,MENA
5VUQsLff8A3ruAyCdTxqzg,Casting Crowns,Casting Crowns,Who Am I,65,335906,False,0.545,0.472,11,-7.552,1,0.0279,0.434,0.0,0.0684,0.193,134.027,4,alternative,756468,2020-01-03 09:53,EU
40ozK0lCJ0EQzVGWsCNUhk,Leeland,Better Word (Live),Way Maker - Live,67,503240,False,0.432,0.524,4,-8.721,1,0.0321,0.0289,0.0,0.682,0.183,135.956,4,alternative,930154,2020-01-03 09:54,MENA
59WN2psjkt1tyaxjspN8fp,Rage Against The Machine,Rage Against The Machine - XX (20th Anniversary Special Edition),Killing In The Name,80,313573,True,0.466,0.833,7,-4.215,1,0.304,0.0266,0.0,0.0327,0.661,88.785,4,alternative,818874,2020-01-03 09:55,APAC
35BubUYbG7gQfwnVkg58zW,Grouplove,All Out Alternative,Tongue Tied,0,218013,False,0.56,0.936,3,-5.835,1,0.0439,0.00832,0.0,0.161,0.371,112.96,4,alternative,104494,2020-01-03 09:56,LATAM
7EcqMNBI50oElY49no2wYY,Bishop Briggs,LoFi & Halloween,Dark Side,2,208773,False,0.713,0.55,9,-5.982,1,0.065,0.613,1.12e-06,0.0887,0.13,138.07,4,alternative,698121,2020-01-03 09:57,US
4ITIaQ64inKaI9rjRoNcLo,Bishop Briggs,Обратно в клас - rock,River,0,214280,False,0.726,0.484,2,-6.708,0,0.0477,0.274,2.42e-06,0.0874,0.561,62.492,4,alternative,252902,2020-01-03 09:58,US
5QcBkYPvcuDm0AYGYj0Y1h,Bishop Briggs,Halloween & Alternative,Dark Side,0,208773,False,0.713,0.55,9,-5.982,1,0.065,0.613,1.12e-06,0.0887,0.13,138.07,4,alternative,861707,2020-01-03 09:59,APAC
4BRlQ27PLKJtgnWGFISxOM,Bishop Briggs,Helloween Party,Dead Man's Arms,1,245173,False,0.535,,2,-5.996,0,0.0318,0.233,0.0,0.0993,0.236,134.577,4,alternative,160336,2020-01-03 10:00,APAC
5KZl7Cymt0Vm6ol0ErO2Sp,Bishop Briggs,Pop & Halloween,Dead Man's Arms,0,245173,False,0.535,0.508,2,-5.996,0,0.0318,0.233,0.0,0.0993,0.236,134.577,4,alternative,993787,2020-01-03 10:01,US
6bKJa5bORXxWaEZUroSni7,Bishop Briggs,Halloween Hits,Dead Man's Arms,0,245173,False,0.535,0.508,2,-5.996,0,0.0318,0.233,0.0,0.0993,0.236,134.577,4,alternative,259595,2020-01-03 10:02,LATAM
7pluJ15vmT0NZdX2lmIbBI,Third Eye Blind,Post-Millennial Noise,Deep Inside of You,0,250293,False,0.508,0.558,7,-6.605,1,0.0238,0.00351,4.18e-05,0.0822,0.16,81.599,4,alternative,478146,2020-01-03 10:03,MENA
0lNqNCVlSxOCKmGgGu2UJf,Bishop Briggs,Halloween & Alternative,JEKYLL & HIDE,0,196346,False,0.596,0.602,11,-4.876,0,0.0413,0.0352,0.0,0.0821,0.611,117.014,4,alternative,310676,2020-01-03 10:04,US
0wwurbloAiMd8CcLUuZJxB,Bishop Briggs,Halloween & Alternative,Dead Man's Arms,0,245173,False,0.535,0.508,2,-5.996,0,0.0318,0.233,0.0,0.0993,0.236,134.577,4,alternative,832523,2020-01-03 10:05,APAC
3dGFeK9WTwj2PAiQoaXMzB,Ol' Dirty Bastard,Rap Classics,Brooklyn Zoo,0,215040,True,0.73,0.801,11,-5.655,0,0.392,0.552,0.0,0.843,0.659,91.785,4,alternative,454148,2020-01-03 10:06,EU
24cUJMEiMkGfdhTgt2ZUgV,Halestorm,Rock - Best of 2022,The Steeple,4,207445,False,0.43,0.981,5,15.189,1,0.0744,0.00014,5.45e-06,0.287,0.585,327.959,4,alternative,770121,2020-01-03 10:07,MENA
6MxgblJfZf1rBOHwLmugPR,Vicente Garcia,noches de lluvia,Dos Y Siete,0,255826,False,0.791,0.635,3,-10.815,1,0.0364,0.35,0.112,0.0938,0.644,114.092,4,alternative,160496,2020-01-03 10:08,EU
4yUk1knKtOuUEPT2iy85Xp,Halestorm,Metal,Wicked Ways,0,206959,False,0.342,0.991,2,-2.836,1,0.125,2.44e-05,0.049,0.404,0.242,176.359,4,alternative,507582,2020-01-03 10:09,US
3To5owsnumbjenW1G5j0VK,Los Prisioneros,Modo trabajación,Tren Al Sur,0,336933,False,0.676,0.67,9,-7.218,0,0.051,0.00565,0.00676,0.0805,,90.232,4,alternative,919945,2020-01-03 10:10,LATAM
51dGpRXdXyODtrBj49OvE5,Ol' Dirty Bastard,The Hip Hop Collection,Shimmy Shimmy Ya,0,160666,True,0.743,0.467,0,-5.429,1,0.0632,0.0344,0.0391,0.0716,0.125,96.238,4,alternative,934253,2020-01-03 10:11,US
5gRjZANENPGzKGrOsBIVUa,Bush,Post-Millennial Noise,Headful of Ghosts,0,261293,False,0.432,0.706,5,-5.061,1,0.0426,0.00108,0.0,0.378,0.29,136.981,4,alternative,287823,2020-01-03 10:12,EU
5F2b8ExevODMQehJcEVjz9,Halestorm,Rock Brandneu,Wicked Ways,0,206959,False,0.342,0.991,2,-2.836,1,0.125,2.44e-05,0.049,0.404,0.242,176.359,4,alternative,454982,2020-01-03 10:13,APAC
7JJ2YihKiiTove86Gt12LV,Halestorm,Top of the Rock,The Steeple,0,207445,False,0.43,0.981,5,-2.929,1,0.0744,0.00014,5.45e-06,0.287,0.585,157.01,4,alternative,468202,2020-01-03 10:14,EU
3bG1B0UTDX0UYg9qeec3gL,Halestorm,Metal Lives!,Wicked Ways,0,206959,False,,0.991,2,-2.836,1,0.125,2.44e-05,0.049,0.404,0.242,176.359,4,alternative,608918,2020-01-03 10:15,MENA
0VOTuhFRaKhStVVQTHkFJ1,Ol' Dirty Bastard;Kelis;Rich Travali,OK Boomers - Top Tunes,Got Your Money - Rich Travali. Remix,0,239546,True,0.934,0.459,1,-7.654,1,0.189,0.0522,0.0,0.222,0.697,103.046,4,alternative,583602,2020-01-03 10:16,EU
1uOe9m9bAiAY4kGnGDu1Ns,Los Prisioneros,Rock un sentimiento vol. I,Amiga Mía,0,244053,False,0.79,0.606,4,-7.699,1,0.0519,0.014,0.00488,0.133,0.903,135.276,4,alternative,195348,2020-01-03 10:17,US
1QcpKf67hgqKFa3mLp9KfL,La Ley,Rock un sentimiento vol. I,Prisioneros De La Piel,0,201146,False,0.733,0.282,4,-17.764,0,0.0381,0.0487,0.0139,0.0834,0.92,132.04,4,alternative,786399,2020-01-03 10:18,MENA
19zJggaQrCRG3AibCbjXcJ,La Ley,Rock un sentimiento vol. I,Si Tu No Estas Aqui,0,184253,False,0.732,0.348,2,-17.078,1,0.0476,0.0484,0.185,0.197,0.963,126.142,4,alternative,303197,2020-01-03 10:19,EU
6dxbdD5E6SILwAfBk5NTC2,Los Prisioneros,Rock un sentimiento vol. I,Estrechez De Corazón,0,383573,False,0.66,0.742,11,-8.08,1,0.034,0.00151,4.04e-06,0.15,0.46,130.271,4,alternative,383446,2020-01-03 10:20,EU
41cQE0wfKFnNV9dteynr92,Los Prisioneros,Modo trabajación,Estrechez De Corazón,0,383573,False,0.66,0.742,11,-8.08,1,0.034,0.00151,4.04e-06,0.15,0.46,130.271,4,alternative,856625,2020-01-03 10:21,APAC
6aUEWZkvcTFOpr8viqbRza,Los Prisioneros,Rock un sentimiento vol. I,Corazones Rojos,0,211626,False,0.775,0.507,2,-9.289,0,0.165,0.0015,3.34e-06,0.0677,0.752,92.229,4,alternative,720686,2020-01-03 10:22,EU
3Kk30svEH2XoNsEvM3jyOP,Los Prisioneros,Modo trabajación,Corazones Rojos,0,211626,False,0.775,0.507,2,-9.289,0,0.165,0.0015,3.34e-06,0.0677,0.752,92.229,4,alternative,456897,2020-01-03 10:23,MENA
7HQb4hccUNRrB7tqQht0MH,Los Prisioneros,Rock un sentimiento vol. I,Tren Al Sur,0,336933,False,0.676,0.67,9,-7.218,0,0.051,0.00565,0.00676,0.0805,0.725,90.232,4,alternative,921225,2020-01-03 10:24,LATAM
27sytaeEm6TDVMpdExyVfd,O Rappa,Só as Melhores do Pop Rock Brasileiro,A feira,0,239533,False,0.713,0.886,7,-7.75,1,0.0411,0.0012,7.68e-06,0.0496,0.9,97.983,4,alternative,454675,2020-01-03 10:25,MENA
3s0JQVCSayMTDBlpC9Hub6,Los Prisioneros,Rock un sentimiento vol. I,El Baile De Los Que Sobran,0,343701,False,0.818,0.621,0,-12.274,1,0.0528,0.297,2.5e-05,0.111,0.642,117.343,4,alternative,608945,2020-01-03 10:26,US
2XzziOT8OUGrDnnveRpxwI,Los Prisioneros,Fiesta temática 80s,Muevan Las Industrias,0,248893,False,0.686,0.604,11,-14.24,0,0.037,0.12,0.496,0.0907,0.553,152.474,4,alternative,321382,2020-01-03 10:27,EU
2wXioTynVwrEWYRv6R6vEj,The Neighbourhood,Hard To Imagine The Neighbourhood Ever Changing,Void,68,203666,False,0.534,0.582,5,-7.912,1,0.0401,0.047,0.0328,0.0883,0.346,84.183,4,alternative,264874,2020-01-03 10:28,MENA
4MTgIH5OZQHAbdBWgbKSAb,Survive Said The Prophet,MUKANJYO,MUKANJYO,64,192400,False,0.468,0.961,7,-4.082,1,0.114,0.00364,0.0,0.226,0.31,94.926,4,alternative,542448,2020-01-03 10:29,APAC
2wJ1eOCIBwoQiN7xQtrTAY,Ruel,GROWING UP IS _____,GROWING UP IS _____,67,233587,False,0.673,0.729,0,-5.664,1,0.029,0.000983,0.000107,0.226,0.482,112.535,4,alternative,606716,2020-01-03 10:30,MENA
4Sxx1wd4nnB8ob8Zsujwrs,Linkin Park,Minutes to Midnight,Shadow of the Day,52,290360,False,0.534,0.393,11,-7.813,1,0.0292,0.00479,0.0107,0.107,0.0641,110.007,4,alternative,825234,2020-01-03 10:31,US
7j56HrjR9cGzvekvZY3Faz,Fitz and The Tantrums,Fitz and The Tantrums,HandClap,65,193253,False,0.636,0.836,8,-3.004,1,0.0427,0.00609,0.000157,0.0828,0.715,139.956,4,alternative,451813,2020-01-03 10:32,LATAM
697M5JB8FDIyRXEXgl1pBZ,Linkin Park,Meteora (Bonus Edition),From the Inside,67,173933,False,0.466,0.965,1,-2.597,0,0.0904,0.042,0.0,0.101,0.453,95.028,3,alternative,905646,2020-01-03 10:33,LATAM
0OtXJQBLb7wPXL2XyN2cFW,Porcupine Tree,Deadwing,Lazarus,53,258586,False,0.354,0.581,9,-6.074,1,0.0302,0.201,0.661,0.177,0.338,171.961,4,alternative,646645,2020-01-03 10:34,LATAM
7KwFRmkfw7cUZIUqNxeuxw,Elaine,It's Okay to Not Be Okay (Original Television Soundtrack) Special Track vol.1,Wake Up,50,254013,False,0.768,0.873,1,-3.922,0,0.0648,0.0612,1.69e-06,0.0615,0.771,119.984,4,alternative,163102,2020-01-03 10:35,US
0gmbgwZ8iqyMPmXefof8Yf,Nickelback,Silver Side Up,How You Remind Me,80,223840,False,0.446,0.764,10,-5.042,1,0.033,0.00135,0.0,0.099,0.543,172.094,4,alternative,765190,2020-01-03 10:36,US
0W7KIc2GSB9suYQAaMZ9rF,Casting Crowns;Matthew West,Only Jesus,Nobody (feat. Matthew West),67,206400,False,0.561,0.717,8,-5.72,1,0.0381,0.458,0.0,0.138,0.455,79.993,4,alternative,617338,2020-01-03 10:37,APAC
7zAt4tdL44D3VuzsvM0N8n,Avenged Sevenfold,Avenged Sevenfold,Afterlife,70,352426,False,0.487,0.949,2,-4.217,0,0.0798,0.000429,2.91e-05,0.231,0.406,110.02,4,alternative,450417,2020-01-03 10:38,EU
4S80oe7OJnBVlhNrbQTnt3,The 1975,Being Funny In A Foreign Language,Part Of The Band,69,260148,False,0.714,0.51,6,-8.216,1,0.0453,0.76,0.133,0.253,0.832,142.009,4,alternative,520545,2020-01-03 10:39,US
5rAxhWcgFng3s570sGO2F8,Linkin Park,Hybrid Theory (Bonus Edition),A Place for My Head,70,184640,False,0.603,0.908,11,-5.254,1,0.184,0.0144,0.0,0.671,0.457,133.063,4,alternative,371611,2020-01-03 10:40,US
1Mf27cnAF1Q6Ko83XTM5d1,Barns Courtney,The Attractions Of Youth,Glitter & Gold,69,176093,False,0.487,0.625,8,-5.112,1,0.0401,0.374,0.0,0.226,0.351,170.397,4,alternative,652853,2020-01-03 10:41,EU
4AXAS26dUVTnCnubySfkbv,Arrested Youth,Sobville (Episode I),The Kid I Used to Know,66,145801,True,0.639,0.776,9,-4.61,1,0.0829,0.0731,1.97e-06,0.18,0.267,160.101,4,alternative,610255,2020-01-03 10:42,EU
4FxeY2UZeP3kpdBPbpGggN,The 1975,Being Funny In A Foreign Language,Wintering,70,165457,False,0.643,0.882,11,-5.431,1,0.0808,0.363,5.53e-05,0.28,0.941,159.996,4,alternative,502547,2020-01-03 10:43,LATAM
5utTJECKCCDgxhvNq2JXyQ,Royal & the Serpent,20's Rock,Happier in Hell,0,173172,False,0.372,0.522,8,-5.493,1,0.0413,0.0243,0.0,0.231,0.326,138.552,4,alternative,356677,2020-01-03 10:44,EU
2u9FerEIRu8IbfHUbPjERP,Sanctus Real,Changed,Confidence,58,181812,False,0.452,0.818,9,-4.59,1,0.0427,0.0411,0.0,0.125,0.373,167.087,4,alternative,458779,2020-01-03 10:45,US
2cppGOIz0cuDnKoGzrDsJQ,The Score,Pressure,The Fear,62,183853,False,0.498,0.628,7,-5.709,0,0.0317,0.00686,0.0,0.362,0.218,138.099,4,alternative,548053,2020-01-03 10:46,LATAM
0jOSpB2zK2O0SNxj8ZT5lp,Chris Tomlin,How Great Is Our God: The Essential Collection,How Great Is Our God,64,305426,False,0.318,0.573,1,-5.653,1,0.0324,0.107,0.0,0.0854,0.0765,156.054,4,alternative,524692,2020-01-03 10:47,MENA
02VPWX6le8yZ5amfZPs12b,Royal & the Serpent,Top of the Rock,Happier in Hell,0,173172,False,0.372,0.522,8,-5.493,1,0.0413,0.0243,0.0,0.231,0.326,138.552,4,alternative,378362,2020-01-03 10:48,EU
62qUTJAM7dZgOebu2qB7QB,Royal & the Serpent,Indie Chill Out,Overwhelmed,0,159293,False,0.804,0.323,0,-11.127,0,0.305,0.308,0.0,0.15,0.456,87.019,4,alternative,623798,2020-01-03 10:49,LATAM
6DSnc88NhmqGI1wsqf4DPu,Royal & the Serpent,Rock - Best of 2022,PHUCKBOI REJECTS,4,127339,True,,0.903,6,-3.587,0,0.258,0.0237,0.000135,0.816,0.527,171.937,4,alternative,303892,2020-01-03 10:50,EU
4H8UJEfhJDW7uyTMs7fhP9,Royal & the Serpent,Alternative Rock Mixtape,Happier in Hell,0,173172,False,0.372,0.522,8,-5.493,1,0.0413,0.0243,0.0,0.231,,138.552,4,alternative,550884,2020-01-03 10:51,LATAM
1RsYoEMHQmRgvhtHx9lV3O,Royal & the Serpent,All Out Alternative,Overwhelmed,0,159293,False,0.804,0.323,0,-11.127,0,0.305,0.308,0.0,0.15,0.456,87.019,4,alternative,209394,2020-01-03 10:52,LATAM
7jrnZxYFBJFHO7hcJBCAIl,Royal & the Serpent,Here to Forever - All New Indie,Overwhelmed,0,159293,False,0.804,0.323,0,-11.127,0,0.305,0.308,0.0,0.15,0.456,87.019,4,alternative,524929,2020-01-03 10:53,APAC
0CrCW8u5hXD6Ztd7V8ay1i,Mos Def,The Best 90s Hip Hop Hits,Speed Law,3,256453,True,0.794,0.667,11,-7.636,0,0.373,0.0565,0.0,0.407,0.695,98.02,4,alternative,805581,2020-01-03 10:54,LATAM
63hVrWvNfJz10heZwTjCOy,Staind,Post-Millennial Noise,Epiphany,0,256133,False,,0.487,6,-9.349,1,0.0266,0.0333,0.0826,0.129,0.145,149.959,4,alternative,836050,2020-01-03 10:55,MENA
4jZDioY5bkeiNBGK4lGrlA,Staind,Metal,Eyes Wide Open,0,210600,False,0.29,0.936,1,-3.876,0,0.211,0.000481,0.0275,0.0573,0.432,167.818,3,alternative,725223,2020-01-03 10:56,EU
675g81tQUHsYVwMoLo7Bq4,Royal & the Serpent,Internet Sensations,i can't get high,1,188141,True,0.656,0.56,4,-7.499,0,0.0465,0.0946,6.33e-05,0.363,0.577,91.038,4,alternative,771082,2020-01-03 10:57,EU
7DczAzWKf2WOretzrzQOCf,Gojira,Metal,Stranded,0,269533,False,0.512,0.879,7,-4.69,0,0.031,9.54e-05,0.00745,0.0824,0.484,92.358,4,alternative,159354,2020-01-03 10:58,EU
1mOhRdYfCMLbyzrQPPcGMG,Los Caligaris,No Es Lo Que Parece,Añejo W,52,303878,False,0.676,0.892,5,-5.065,0,0.0348,0.326,9.46e-06,0.346,0.829,142.046,4,alternative,407240,2020-01-03 10:59,US
7mULVp0DJrI2Nd6GesLvxn,Joy Division,Timeless Rock Hits,Love Will Tear Us Apart,0,204621,False,0.524,0.902,2,-8.662,1,0.0368,0.000989,0.695,0.137,0.907,146.833,4,alternative,688824,2020-01-03 11:00,EU
3672DNEisN5yExyR4KUPww,Blind Melon,REGNIG DAG,No Rain,0,217200,False,0.359,0.573,9,-6.054,1,0.0326,0.665,0.000178,0.136,0.562,73.368,4,alternative,820518,2020-01-03 11:01,EU
2GIXniwgfIlLuVTB4rWWWv,Live,Fiesta temática 90s,I Alone,0,230826,False,0.424,0.843,6,-6.197,1,0.0394,0.00101,0.00896,0.366,0.115,90.247,4,alternative,624563,2020-01-03 11:02,US
4kFnQ7jcMoT12WJgkUP3vJ,Barns Courtney,Helloween Party,Hellfire,0,168853,False,0.529,0.846,4,-5.513,0,0.0483,0.244,0.0,0.205,0.69,93.979,4,alternative,868284,2020-01-03 11:03,MENA
1NFeTpNJR8TDP4UzpAix6X,Blind Melon,Hits Pop Rock 90's,No Rain,1,217200,False,0.359,0.573,9,-6.054,1,0.0326,0.665,0.000178,0.136,0.562,73.368,4,alternative,345757,2020-01-03 11:04,MENA
7MIKwg3dDCWhxMVjMvqF1O,Blind Melon,Los Clásicos del Pop 90s,No Rain,1,217200,False,0.359,0.573,9,-6.054,1,0.0326,0.665,0.000178,0.136,0.562,73.368,4,alternative,238142,2020-01-03 11:05,EU
5L1WpemIJPb6U4f3ylBCLe,Sturgill Simpson,Chillin' It - Mellow Day Country,All Around You,0,215693,False,0.312,0.562,9,-6.495,1,0.0298,0.123,0.165,0.136,0.513,185.718,3,alternative,177742,2020-01-03 11:06,MENA
6DEGStgt5L8qOKvuZ4R7Wq,Sturgill Simpson,Finest Country,All Around You,0,215693,False,0.312,0.562,9,-6.495,1,0.0298,0.123,0.165,0.136,0.513,185.718,3,alternative,624413,2020-01-03 11:07,US
6MCy7TQ6qOvEdayIkbC8kc,Blind Melon,Fiesta temática 90s,No Rain,0,217200,False,0.359,0.573,9,-6.054,1,0.0326,0.665,0.000178,0.136,0.562,73.368,4,alternative,698665,2020-01-03 11:08,LATAM
7udYCqlu5Y9hZFFcDFNtuO,Blind Melon,90's Music Grandi Successi,No Rain,0,217200,False,0.359,0.573,9,-6.054,1,0.0326,0.665,0.000178,0.136,0.562,73.368,4,alternative,356780,2020-01-03 11:09,US
20ElUw6wK2R29yY6WLeyC7,Sturgill Simpson,Country Car Hits,Brace for Impact - Live a Little,0,349266,False,0.616,0.706,0,-6.846,1,0.0233,0.00975,0.309,0.111,0.655,89.995,4,alternative,805290,2020-01-03 11:10,LATAM
63Tsq3tqiZIOW9XHaDT3gi,Los Bunkers,Modo trabajación,Quién Fuera,0,218120,False,0.446,0.814,9,-3.421,1,0.0306,0.000682,0.000814,0.101,0.554,138.112,4,alternative,765254,2020-01-03 11:11,APAC
0YFPw3rQR1nSeyd3q0uY5h,Sturgill Simpson,Just Best Covers,In Bloom,0,240640,False,0.433,0.366,2,-8.98,0,0.0311,0.0682,0.248,0.123,0.267,78.366,4,alternative,424119,2020-01-03 11:12,APAC
3OiiXdJXUZVprVc43nkYEt,Sturgill Simpson,Cozy Country,In Bloom,0,240640,False,0.433,0.366,2,-8.98,0,0.0311,0.0682,0.248,0.123,,78.366,4,alternative,314906,2020-01-03 11:13,LATAM
2panoBuJZ4gZWvMwycOoRO,Los Bunkers,Modo trabajación,Ángel Para Un Final,0,243160,False,0.259,0.654,6,-3.858,0,0.0331,0.025,0.0,0.219,0.452,181.893,3,alternative,768084,2020-01-03 11:14,APAC
2cx1tIGxn0EHZPN3pDkWsH,Sturgill Simpson,Country Road Songs,Brace for Impact - Live a Little,0,349266,False,0.616,0.706,0,-6.846,1,0.0233,0.00975,0.309,0.111,0.655,89.995,4,alternative,704262,2020-01-03 11:15,APAC
1koF8KimSlZGaxrtoSEBFM,Los Bunkers,Rock un sentimiento vol. I,Ángel Para Un Final,0,243160,False,0.259,0.654,6,-3.858,0,0.0331,0.025,0.0,0.219,0.452,181.893,3,alternative,253707,2020-01-03 11:16,EU
4cQrSREMqBSvJ8ZzBZjVb8,James Blake;Travis Scott;Metro Boomin,Assume Form,Mile High (feat. Travis Scott & Metro Boomin),65,193600,False,0.754,0.37,6,-9.854,0,0.12,0.403,6.22e-05,0.107,0.228,114.941,4,alternative,329611,2020-01-03 11:17,US
60F6pgM6H6miNr5AmjxwjL,The Neighbourhood,Fallen Star,Fallen Star,70,224938,False,0.603,0.551,10,-6.259,0,0.0304,0.0696,0.0976,0.192,0.439,75.001,4,alternative,537369,2020-01-03 11:18,EU
5r5cp9IpziiIsR6b93vcnQ,Empire of the Sun,Walking On A Dream (10th Anniversary Edition),Walking On A Dream,79,198440,False,0.871,0.701,5,-5.594,0,0.0458,0.257,7.52e-06,0.0589,0.716,126.975,4,alternative,560028,2020-01-03 11:19,APAC
6XcfKZvJio9Z0fQy11GnNX,lovelytheband,finding it hard to smile,broken,70,204878,False,0.666,0.728,7,-5.808,1,0.0419,0.00175,4.26e-06,0.0429,0.51,122.996,4,alternative,249362,2020-01-03 11:20,LATAM
5v8aEcHcaJIGYpfVVPtJjI,The Neighbourhood,I'm Sorry...,Wires,71,193080,False,0.568,0.569,7,-6.013,0,0.0329,0.0004,0.102,0.342,0.266,72.991,4,alternative,953780,2020-01-03 11:21,APAC
49qEikVVPd6PgH6S2pbXjZ,Bryce Fox,Heaven on Hold,Horns,66,217625,False,0.49,0.753,6,-5.411,1,0.238,0.081,2.85e-06,0.268,0.325,156.241,4,alternative,449783,2020-01-03 11:22,LATAM
4sNG6zQBmtq7M8aeeKJRMQ,Declan McKenna,What Do You Think About the Car?,Brazil,80,252306,False,,0.617,4,-5.213,1,0.0287,0.0941,1.27e-05,0.0898,0.665,121.079,4,alternative,443176,2020-01-03 11:23,US
3IEG65Fi7Zm8cQEEG3uJ4H,DJ Shadow;Mos Def,Six Days,Six Days - Remix,62,232533,False,0.699,0.909,5,-6.72,0,0.236,0.13,0.000195,0.34,0.691,171.877,4,alternative,154479,2020-01-03 11:24,EU
3HNTLCpAGnizbyJmk7466r,Florence + The Machine,Ceremonials (Original Deluxe Version),Never Let Me Go,66,270973,False,0.452,0.736,9,-3.212,1,0.0378,0.297,2.2e-06,0.381,0.24,144.683,4,alternative,888163,2020-01-03 11:25,MENA
64BbK9SFKH2jk86U3dGj2P,Red Hot Chili Peppers,Californication (Deluxe Edition),Otherside,80,255373,False,0.458,0.795,0,-3.265,1,0.0574,0.00316,0.000202,0.0756,0.513,123.229,4,alternative,311629,2020-01-03 11:26,US
0H4BGX7L8UfoD0g4wgXd0D,Leeland,Way Maker,Way Maker - Single Version,64,206440,False,0.468,0.655,4,-6.384,1,0.0296,0.0149,0.0,0.104,0.222,144.045,4,alternative,988249,2020-01-03 11:27,EU
1G391cbiT3v3Cywg8T7DM1,Red Hot Chili Peppers,Californication (Deluxe Edition),Scar Tissue,79,215906,False,0.595,0.717,0,-4.803,1,0.0295,0.0779,0.00274,0.108,0.547,88.969,4,alternative,546415,2020-01-03 11:28,US
4UEo1b0wWrtHMC8bVqPiH8,Avenged Sevenfold,Nightmare,Nightmare,72,374453,True,0.554,0.949,2,-4.928,1,0.0787,0.000318,9.98e-05,0.2,0.233,129.984,4,alternative,887364,2020-01-03 11:29,MENA
65Ce0h4SA18GuH6nuI1QWe,The Score,ATLAS (Deluxe),On And On,60,215706,False,0.53,0.727,1,-5.179,0,0.0441,0.0387,0.0,0.212,0.385,76.943,4,alternative,261209,2020-01-03 11:30,US
6hypt8VPJxeMXTTcRUHS86,The Score,Pressure,Glory,60,166693,False,0.564,0.613,11,-5.055,1,0.0318,0.111,3.22e-06,0.0825,0.48,84.951,4,alternative,249279,2020-01-03 11:31,MENA
1VNWaY3uNfoeWqb5U8x2QX,System Of A Down,Hypnotize,Lonely Day,75,167906,False,0.47,0.796,8,-3.277,0,0.0336,0.362,1.1e-06,0.133,0.215,113.108,3,alternative,821001,2020-01-03 11:32,LATAM
2oaK4JLVnmRGIO9ytBE1bt,Red Hot Chili Peppers,The Getaway,Dark Necessities,74,302000,False,0.7,0.742,5,-6.777,0,0.0716,0.0722,0.0199,0.11,0.197,91.959,4,alternative,837691,2020-01-03 11:33,MENA
4e9eGQYsOiBcftrWXwsVco,System Of A Down,Toxicity,Aerials,77,235053,False,0.364,0.922,0,-4.217,0,0.0567,0.000915,0.0346,0.0697,0.227,79.342,4,alternative,588783,2020-01-03 11:34,APAC
3aYBjxTMvrEOP0A0UXg9ER,Linkin Park,The Hunting Party,Final Masquerade,64,217613,False,0.466,0.852,3,-4.487,1,0.0585,0.00774,2.6e-06,0.0989,0.428,164.032,4,alternative,128934,2020-01-03 11:35,EU
0nkzd3yNniB767zSDDdLZ3,Skillet,Awake,Awake and Alive,69,209493,False,0.434,0.939,4,-2.983,0,0.0593,0.0425,0.0,0.491,0.569,159.932,4,alternative,949349,2020-01-03 11:36,LATAM
63OQupATfueTdZMWTxW03A,Radiohead,OK Computer,Karma Police,76,264066,False,0.36,0.501,7,19.353,1,0.0258,0.0638,9.32e-05,0.172,0.324,370.986,4,alternative,453971,2020-01-03 11:37,LATAM
3RAFcUBrCNaboRXoP3S5t1,Slipknot,All Hope Is Gone (10th Anniversary),Psychosocial,76,284120,False,0.568,0.981,2,-3.889,1,0.0887,0.00269,0.00275,0.0243,,135.146,4,alternative,942385,2020-01-03 11:38,US
5vHLwhxxlGzmClMcxRRFPr,Nirvana,Nevermind (Remastered),Lithium,73,257053,False,0.678,0.656,7,-6.41,1,0.0381,0.00174,0.0,0.0631,0.485,123.207,4,alternative,883659,2020-01-03 11:39,LATAM
1ZLExfqDJGcoZfc6l1vDws,Flört,Cemiyette Pişiyoruz,Bir Tek Sen Gelmedin,49,261373,False,0.611,0.7,9,-7.966,0,0.0302,0.00181,0.00248,0.291,0.707,145.943,4,alternative,866340,2020-01-03 11:40,EU
1kNq9snS5B7Dju47zvK1ub,Lil' Kim;Lil' Cease,Rap Geek,Crush On You - Remix,0,275946,True,0.766,0.693,11,-7.832,0,0.272,0.281,0.0,0.123,0.771,88.837,4,alternative,719876,2020-01-03 11:41,APAC
3iiDWuaIzuGKZezHvQY4GA,Lil' Kim;The Notorious B.I.G.,Power Rap,Drugs,0,258359,True,0.77,0.649,6,-6.824,0,0.194,0.108,0.000683,0.134,0.522,84.012,4,alternative,705924,2020-01-03 11:42,MENA
646ekuSJ0o56hmG8gWjSUh,Jet,Timeless Rock Hits,Are You Gonna Be My Girl,1,215000,False,0.598,0.95,2,-3.358,1,0.0848,0.00167,0.000388,0.154,0.577,105.267,4,alternative,579465,2020-01-03 11:43,EU
1YsAj4ybnMC11VoTg7k6s5,Wolfmother,Halloween Metal Nights,Back Round,0,236866,False,0.359,0.927,4,-4.906,0,0.0676,2.68e-05,0.00843,0.0947,0.316,154.071,4,alternative,122300,2020-01-03 11:44,LATAM
4I2m1bwLI7Mk8ibRA9Z87f,Lil' Kim,Mellow Bars R'n'B,This Is a Warning,0,222400,True,0.564,0.384,6,-11.003,1,0.121,0.259,4.55e-06,0.0873,,68.342,4,alternative,449077,2020-01-03 11:45,APAC
5Jas2qVhUKLesoVG863UDh,Lil' Kim,Rap Homage,The Jump Off,0,234173,False,0.856,0.755,1,-8.513,1,0.34,0.238,1.15e-05,0.0571,0.926,104.961,4,alternative,757486,2020-01-03 11:46,EU
2mIla23uhGqqkdNtzqIg3r,Wolfmother,Kick It,Woman,0,177186,False,,0.94,11,-3.929,0,0.152,2.15e-05,0.124,0.154,0.223,151.296,4,alternative,831066,2020-01-03 11:47,US
6CmuT4GB0mCTviUq2jB9Fe,Joy Division,Planet 80's,Atmosphere,1,249478,False,0.616,0.387,6,-11.813,1,0.0314,0.227,0.514,0.116,0.435,120.03,4,alternative,603609,2020-01-03 11:48,US
1F32ETzCVozARhgkRTjuyA,Moderatto,Halloween 2022 Pop Vol. 2,Gracias,0,231719,False,0.531,0.906,6,-4.791,1,0.0352,0.0286,4.66e-05,0.101,0.347,125.08,4,alternative,738601,2020-01-03 11:49,EU
5XbjnXDZgLSLTfh1R8L7vM,Faith No More,80's,Epic - Radio Edit,0,239360,False,0.487,0.889,4,-7.998,0,0.073,0.101,0.0274,0.157,0.265,87.138,4,alternative,119570,2020-01-03 11:50,MENA
1xCMazcgI1g5lyfaGrxnN8,Moderatto,Perreo Tenebroso Vol. 3,Gracias,0,231719,False,0.531,0.906,6,29.098,1,0.0352,0.0286,4.66e-05,0.101,0.347,381.643,4,alternative,521564,2020-01-03 11:51,LATAM
4WEv49e0YopSlq65WLmWCx,Creep Hyp,TOKYO - HALLOWEEN -,そういえば今日から化け物になった,0,211933,False,0.331,,2,-2.496,1,0.109,0.00835,0.0,0.357,0.694,203.997,4,alternative,556952,2020-01-03 11:52,APAC
4k2AjlWruIygEiZyJEy01I,Os Paralamas Do Sucesso,Acústico (Live),Tendo A Lua - Ao Vivo,51,200826,False,0.492,0.794,5,-5.823,1,0.046,0.196,2.62e-06,0.873,0.683,167.815,4,alternative,903235,2020-01-03 11:53,LATAM
7mULVp0DJrI2Nd6GesLvxn,Joy Division,Timeless Rock Hits,Love Will Tear Us Apart,0,204621,False,0.524,0.902,2,-8.662,1,0.0368,0.000989,0.695,0.137,0.907,146.833,4,alternative,379946,2020-01-03 11:54,MENA
34p4d1RRVLvfg1xKEJfPvW,Moderatto;KAROL G,Halloween 2022 Perreo Vol. 5,Caballero,0,193106,False,0.694,0.853,4,-4.207,0,0.107,0.0367,9.89e-05,0.352,0.74,93.08,4,alternative,306952,2020-01-03 11:55,MENA
0Ty3wEwyel2QXCfgP3FojC,Moderatto;Danna Paola,Halloween 2022 Pop Vol. 5,Sólo Quédate En Silencio,0,234973,False,0.337,,4,-7.122,1,0.041,0.467,1.86e-06,0.0857,0.167,175.875,4,alternative,417140,2020-01-03 11:56,APAC
59mGCC08pYEwStwO3oTLfH,Faith No More,Metal,War Pigs,0,465933,False,0.323,0.891,6,-7.018,0,0.119,0.00126,0.0187,0.243,0.235,97.373,4,alternative,253352,2020-01-03 11:57,US
15IuOb99czEVjmWHXCEGBJ,Ella Es Tan Cargosa,Ella Es Tan Cargosa,Ni Siquiera Entre Tus Brazos,51,214213,False,0.63,0.715,9,-6.385,1,0.0271,0.0265,0.0,0.245,0.765,134.986,4,alternative,602581,2020-01-03 11:58,LATAM
7MbfpPG4oVcnyIulMKBkCK,Charly García,Rock x siempre,Ojos De Video Tape,0,217853,False,0.477,0.459,5,-10.214,1,0.0261,0.715,0.000742,0.228,0.326,105.541,4,alternative,678522,2020-01-03 11:59,MENA
0SLjeqwh5iy8DZcaGNIaHJ,Faith No More,Timeless Rock Hits,King for a Day,1,395093,False,0.421,,11,-9.193,1,0.0351,0.00608,0.411,0.19,,102.383,4,alternative,821007,2020-01-03 12:00,LATAM
063WxqGkf9CzQ4Ug4hipaR,Lil' Kim,The Hip Hop Collection,Lighters Up,0,262640,True,0.624,0.764,9,-6.31,1,0.396,0.00494,0.0,0.107,0.719,91.73,4,alternative,974793,2020-01-03 12:01,LATAM
3F8dSAI8l3euloq5a8EenB,Faith No More,Maintain Your Mojo,Epic,0,293933,False,0.358,0.899,4,-7.069,0,0.134,0.0112,0.122,0.195,0.27,174.298,4,alternative,166244,2020-01-03 12:02,EU
04GunTYlMUoEnc5pwzQANm,Charly García,Rock x siempre,Yendo De La Cama Al Living,0,283760,False,0.659,0.433,7,-9.426,0,0.19,0.368,0.000312,0.13,0.572,80.115,4,alternative,322530,2020-01-03 12:03,MENA
7wmIhVA7yo1GqVyvK0TQK3,Los Bunkers;Manuel García,Rock un sentimiento vol. I,Al Final De Este Viaje En La Vida,0,203146,False,0.512,0.607,9,-5.289,1,0.0304,0.205,0.0,0.29,0.668,63.25,4,alternative,370640,2020-01-03 12:04,APAC
4MTx23V7Axs7subL3UdGft,Charly García,Rock x siempre,Demoliendo Hoteles,0,135973,False,0.616,0.702,10,-8.467,0,0.0618,0.00321,0.0,0.391,0.41,78.728,4,alternative,324703,2020-01-03 12:05,US
7xcqbjV2NfxlnJzqdRuO7E,Kavinsky;The Weeknd,Kiss Land (Deluxe),Odd Look,55,252853,False,,0.897,10,-3.647,0,0.0504,0.246,0.0,0.117,0.257,104.947,4,alternative,844553,2020-01-03 12:06,LATAM
28DlaPydCnrs8NxYOnUPZ8,BLUE ENCOUNT,Q.E.D,ポラリス,65,224213,False,0.534,0.941,8,-2.561,1,0.077,0.00204,0.00615,0.102,0.573,95.008,4,alternative,225548,2020-01-03 12:07,LATAM
0YNtAadZvKBBEFARtfoCV8,The Neighbourhood,Hard To Imagine The Neighbourhood Ever Changing,Compass,70,167960,False,0.7,0.82,5,-5.499,0,0.0329,0.238,0.318,0.658,0.667,109.998,4,alternative,126764,2020-01-03 12:08,EU
1jJci4qxiYcOHhQR247rEU,MGMT,Oracular Spectacular,Kids,78,302840,False,0.451,0.931,9,-3.871,1,0.0719,0.00076,0.0049,0.361,0.172,122.961,4,alternative,874506,2020-01-03 12:09,MENA
4XfI7M5gLwEY84gYiH4RDD,The Neighbourhood,Chip Chrome & The Mono-Tones,Devil's Advocate,71,186306,False,0.662,0.681,11,-8.152,0,0.0315,0.0321,0.139,0.508,0.864,98.004,4,alternative,965365,2020-01-03 12:10,MENA
3tRPfCFAEv6wWyQO0YnGGV,Shinsei Kamattechan,Boku no Sensou (TV Size),Boku no Sensou - TV Size,59,90960,False,0.447,0.891,9,-4.776,1,0.0788,0.00447,0.000905,0.39,0.517,143.976,4,alternative,303757,2020-01-03 12:11,MENA
5QvU2zJrEVw1gAVL4D4iLj,Teyana Taylor,The Album,Bare Wit Me,66,128652,True,0.73,0.498,5,-8.629,0,0.064,0.138,0.083,0.187,0.498,117.975,4,alternative,399569,2020-01-03 12:12,US
305WCRhhS10XUcH6AEwZk6,Jet,Get Born,Are You Gonna Be My Girl,76,213800,False,0.613,0.953,2,-3.435,1,0.0855,0.00148,0.000582,0.152,,105.046,4,alternative,552860,2020-01-03 12:13,US
1xLs8Mu1QEVbGCpyHQ2r2U,Dominic Fike,What Could Possibly Go Wrong,Why,71,139906,True,0.684,,6,-2.676,1,0.0411,0.342,0.00728,0.109,0.343,117.027,4,alternative,573353,2020-01-03 12:14,EU
1MTQHCpraD4S8g5PAFKzoj,Limp Bizkit,Results May Vary,Behind Blue Eyes,74,269973,False,,0.489,7,-6.66,1,0.0271,0.497,0.0,0.119,0.0902,120.315,4,alternative,991784,2020-01-03 12:15,APAC
2a1iMaoWQ5MnvLFBDv4qkf,Radiohead,The Bends,High and Dry,75,257480,False,0.419,0.383,4,-11.782,1,0.0256,0.0724,0.0176,0.0896,0.35,87.568,4,alternative,463737,2020-01-03 12:16,US
5egqKwgK5r5rvGD1LrtR7J,Linkin Park,Hybrid Theory (Bonus Edition),Points of Authority,68,200240,False,,0.97,8,-3.886,0,0.212,0.03,0.0,0.0994,0.427,94.952,4,alternative,110926,2020-01-03 12:17,MENA
6ZvHLqK1T4EVzWx372MHto,Disturbed,Immortalized,The Sound of Silence,41,248466,False,0.322,0.28,6,-9.367,0,0.0281,0.468,1.1e-06,0.102,0.175,85.794,4,alternative,480480,2020-01-03 12:18,MENA
0M1A9wInEHilyWkh4I8tWo,WALK THE MOON,What If Nothing,Lost In The Wild,67,235960,False,0.483,0.77,6,-4.829,0,0.0512,0.007,0.0,0.182,0.386,132.992,4,alternative,600836,2020-01-03 12:19,EU
2Kt1XplPBQBsDKQDa6TssB,The Neighbourhood,I Love You.,Flawless,70,246493,True,,0.871,0,-3.453,1,0.0308,0.0553,0.51,0.303,0.374,119.99,4,alternative,565200,2020-01-03 12:20,MENA
0sJ4NbFdEhgLOtInlbRmFl,The Score,ATLAS,Higher,60,214613,False,0.449,0.745,9,-5.045,0,0.0327,0.00342,0.0,0.295,0.465,83.918,4,alternative,561059,2020-01-03 12:21,EU
2e9GdZASfQ1PE5qgqdJxty,Teyana Taylor,Autumn Girl,Bare Wit Me,0,129806,True,0.714,,5,-8.653,0,0.0817,0.14,0.101,0.249,0.504,117.989,4,alternative,930354,2020-01-03 12:22,LATAM
1qUHD9oPIMFHKpR12NY2KC,Thousand Foot Krutch,The End Is Where We Begin,War of Change,67,231665,False,0.531,0.887,5,-4.417,0,0.0329,0.00261,0.000512,0.0657,0.626,104.055,4,alternative,826701,2020-01-03 12:23,LATAM
4rIh6qpabjGU9JEYygzhud,Mahalia,20's R'n'B,Plastic Plants,0,199533,False,0.823,0.441,8,-7.645,1,0.156,0.636,7.68e-05,0.114,0.752,135.947,4,alternative,326536,2020-01-03 12:24,MENA
5k02Wjsu2MdpF3c9VFQD0k,The Score,ATLAS,Never Going Back,61,197680,False,0.546,0.619,6,-6.09,0,0.042,0.0122,0.0,0.0585,0.625,159.982,4,alternative,419753,2020-01-03 12:25,APAC
798uvEYafxQIAchNOtS4qn,Mahalia,Slow Down Soul,Grateful,0,185991,False,0.664,0.351,7,-7.628,0,0.15,0.733,0.000138,0.291,0.316,141.819,4,alternative,700823,2020-01-03 12:26,MENA
6lKRMylSZMtA7EqPl0pcdI,MARINA,The Family Jewels,Are You Satisfied?,71,198960,False,0.669,0.712,0,-4.992,1,0.0412,0.303,0.0,0.0755,0.843,124.009,4,alternative,469306,2020-01-03 12:27,LATAM
3LhGRE7ZNOEZhrqazWMYRI,The Score,ATLAS (Deluxe),Money Run Low,61,185466,False,0.651,0.933,7,-3.978,0,0.0457,0.0203,0.0,0.306,0.798,134.048,4,alternative,485561,2020-01-03 12:28,MENA
2GJ1xx5ZoeIJYbQKLSpoZ3,Skillet,Victorious,Finish Line,64,206060,False,0.53,0.803,5,-5.031,0,0.0386,0.0545,0.0,0.316,0.565,80.992,4,alternative,251144,2020-01-03 12:29,MENA
7FFj3UBGSRp764O6n3WIT5,Teyana Taylor,Sweater Weather,Gonna Love Me,1,167000,False,0.577,0.5,10,-7.143,0,0.276,0.439,2.7e-05,0.206,,88.078,4,alternative,328931,2020-01-03 12:30,MENA
2avKuMN2QXkaG9vvHa2JLt,Limp Bizkit,Chocolate Starfish And The Hot Dog Flavored Water,Take A Look Around,74,321040,False,0.425,,11,-5.607,1,0.046,0.0175,0.306,0.0935,0.512,101.968,4,alternative,766732,2020-01-03 12:31,LATAM
1mWdyqs6Zvg8b1lKjDc8yB,Chris Tomlin,The Ultimate Playlist,Good Good Father,66,293398,False,0.429,0.587,9,-4.588,1,0.0275,0.315,0.0,0.108,0.164,145.003,3,alternative,858637,2020-01-03 12:32,US
5g16JoBfDBqq3Rb5DvsYVX,Mahalia,Feeling Good - Adult Pop Favorites,BRB - Acoustic Version,0,152000,False,0.712,0.251,6,-12.412,1,0.0473,0.807,0.0,0.108,0.627,79.956,5,alternative,806237,2020-01-03 12:33,MENA
2ZkoIuZaRbU14w3LSDAyNB,Mahalia,rainy day indie,BRB - Acoustic Version,0,152000,False,0.712,0.251,6,-12.412,1,0.0473,0.807,0.0,0.108,0.627,79.956,5,alternative,377049,2020-01-03 12:34,APAC
4E8tYlwwsmvkLIchyy0b8P,Teyana Taylor,Autumn Girl,69,0,161274,True,0.527,,4,-8.028,0,0.173,0.773,1.96e-06,0.178,0.429,115.003,4,alternative,222996,2020-01-03 12:35,MENA
4vaSrWwFJokTqzy5h6eTPC,Esteman,Halloween 2022 Pop Vol. 5,Fuimos Amor,0,249426,False,0.824,0.554,7,-7.624,0,0.0585,0.176,0.0,0.14,0.794,96.034,4,alternative,243725,2020-01-03 12:36,LATAM
4z1N1HpvoBnptR3zP7Q8Ai,Highly Suspect,Rock - Best of 2022,Natural Born Killer,5,196135,False,0.202,,0,-5.29,1,0.124,0.00169,0.000483,0.128,0.155,194.876,3,alternative,454110,2020-01-03 12:37,MENA
5ylQ8MS3Wj16QmnYP5PNxc,Tan Bionica,Canciones del Huracan + Wonderful Noches,Lunita de Tucumán,50,236120,False,0.383,0.745,7,-5.733,1,0.0443,0.0109,0.0,0.0872,0.675,89.743,4,alternative,565979,2020-01-03 12:38,APAC
0TEm33n5APQRJ45tWmRnxQ,Las Pastillas del Abuelo,2020,Rocanrol N´n´n´,50,266143,False,0.703,0.589,11,-6.106,0,0.0249,0.138,2.4e-05,0.145,0.931,100.022,4,alternative,903613,2020-01-03 12:39,APAC
6Wvzj0D4DXvqpzLhE2LTIN,Curren$y;August Alsina;Lil Wayne,Rap Geek,Bottom of the Bottle,0,238359,False,0.736,0.537,6,-9.739,1,0.356,0.0151,0.0,0.212,0.831,85.079,4,alternative,908943,2020-01-03 12:40,EU
7iyR2H3GRhBUrAxLJOhN0B,Curren$y,New Rap Icons,#Jetsgo,0,192320,True,0.502,0.812,2,-6.591,0,0.263,0.376,0.0,0.49,0.436,83.407,4,alternative,102436,2020-01-03 12:41,LATAM
1M0RL0QLS6P25NwhPwOKaE,Curren$y,Power Rap,All wit My Hands,0,148440,True,0.451,0.82,9,-4.524,1,0.242,0.0526,1.58e-06,0.148,0.39,85.758,4,alternative,736803,2020-01-03 12:42,APAC
3nS2Qnx8s1zuYSi7tcsDzi,Esteman,Alternativo diferente latino,Noche Sensorial,0,201000,False,0.857,0.735,7,-5.223,1,0.0611,0.145,0.00357,0.0546,0.649,105.007,4,alternative,368882,2020-01-03 12:43,APAC
6PQLxN9DvI4Abr3hmsX3NQ,Hole,Fiesta temática 90s,Miss World,0,180066,False,0.331,0.722,7,-8.461,1,0.0408,0.00204,5.5e-05,0.256,0.349,125.619,4,alternative,278021,2020-01-03 12:44,MENA
2gOhhHSjm3iw4NFY43carm,Os Paralamas Do Sucesso,Acústico (Live),Caleidoscópio - Ao Vivo,50,256720,False,0.567,0.494,7,-11.309,1,0.046,0.245,0.00132,0.712,0.547,175.448,4,alternative,599537,2020-01-03 12:45,US
2YJYPxFKypQpJWxXuMNxsP,Curren$y,New Hip Hop Icons,One Life,0,184240,True,0.658,0.719,9,-6.567,1,0.251,0.147,0.0,0.32,0.561,81.049,4,alternative,130521,2020-01-03 12:46,US
0uTfxpuGPeb5xvkjduxQT3,Esteman;Paula Pera y el fin de los Tiempos,Alternativo diferente latino,Difícil Querer,0,263586,False,0.639,0.609,2,-7.727,1,0.0316,0.0715,0.000121,0.101,0.378,108.493,4,alternative,400684,2020-01-03 12:47,MENA
1a7ZHtzNCTPuJkStK8WJbq,The Velvet Underground,Maintain Your Mojo,Rock and Roll,0,283000,False,0.494,0.738,5,-8.347,1,0.0345,0.00394,3.05e-06,0.544,0.735,132.496,4,alternative,597000,2020-01-03 12:48,MENA
1vzkloLLdR2LDXRwtMmq1c,Esteman,Halloween 2022 Pop Vol. 5,Como Vez Primera,0,213040,False,0.686,0.664,0,-7.766,1,0.0484,0.176,0.0,0.122,0.778,173.937,4,alternative,344840,2020-01-03 12:49,EU
7Gx6qonxppv93FEpsIRGpW,La Vela Puerca,Triste Hora,Clarobscuro,0,308666,False,0.519,0.902,9,-4.693,0,0.0321,0.00289,0.000323,0.257,0.122,128.912,4,alternative,634052,2020-01-03 12:50,US
13SujS16XOFJx43loXNzZe,La Vela Puerca,Triste Hora,Va A Escampar,0,281533,False,0.617,0.738,9,-5.103,0,0.029,0.0137,4.52e-05,0.154,0.342,123.993,4,alternative,514033,2020-01-03 12:51,MENA
7tYQXKBRjIafvyczPPUbbe,La Renga,Triste Hora,Balada Del Diablo y La Muerte,0,336360,False,0.407,0.771,4,-6.991,0,0.0558,0.128,0.0,0.127,0.429,132.006,4,alternative,819465,2020-01-03 12:52,EU
1S1bZVv8sqYY39S6KWchuk,Octavian;Skepta,Papi Chulo,Papi Chulo,68,161667,True,0.866,0.563,6,-6.965,0,0.102,0.187,0.0,0.0888,0.309,127.905,4,alternative,263370,2020-01-03 12:53,APAC
7kxfWvj6u9oWQ5C36kMtGb,Alter Bridge,Blackbird,Watch Over You,60,259133,False,0.276,0.658,7,-5.418,1,0.0329,0.0836,0.000553,0.161,0.16,172.326,4,alternative,151392,2020-01-03 12:54,EU
02gGfhPHk5NuN0mgbKpU4Y,GAYLE,ur just horny,ur just horny,58,178787,True,0.529,,1,-4.713,0,0.0726,0.221,0.0,0.0399,0.885,180.118,4,alternative,576662,2020-01-03 12:55,EU
3G9l0CsH7HCkr0SqDE1juj,The 1975,Happiness,Happiness,71,303903,False,0.666,0.909,11,-5.029,1,0.039,0.0438,0.108,0.219,0.846,118.007,4,alternative,331205,2020-01-03 12:56,APAC
6ilTR3RpLCAHDt3Z6YuQGx,Cidergirl,シンデレラ,シンデレラ,62,212310,False,0.572,0.955,7,-2.617,1,0.0626,0.0141,0.0,0.315,0.717,129.981,4,alternative,736025,2020-01-03 12:57,APAC
7nAfXgeHfDO50upcOjJOaq,Linkin Park,One More Light,Talking to Myself,63,231306,False,,0.712,2,-6.325,0,0.0286,0.00184,0.0,0.128,0.473,124.013,4,alternative,183957,2020-01-03 12:58,LATAM
4qVR3CF8FuFvHN4L6vXlB1,Linkin Park,Meteora (Bonus Edition),Lying from You,66,175373,False,0.535,0.951,3,-3.324,0,0.18,0.00777,0.0,0.0669,0.723,160.102,4,alternative,617764,2020-01-03 12:59,MENA
0zdzgfhY18Au7dD1hOrTrX,Bishop Briggs,Fifty Shades Freed (Original Motion Picture Soundtrack),Never Tear Us Apart,59,194826,False,0.372,0.6,4,-6.027,0,0.0351,0.00643,3.37e-05,0.139,0.0753,188.96,3,alternative,990849,2020-01-03 13:00,US
3zjjzKg16tczCMwckGKGuH,Weathers,Happy Pills,Happy Pills,71,203080,False,0.521,0.885,4,-4.934,0,0.125,0.00327,0.00904,0.324,0.344,115.985,4,alternative,183798,2020-01-03 13:01,LATAM
0VeoSHlgashtg5JYPJjl15,The Score,Pressure,Stronger,61,190986,False,0.267,0.67,2,-4.688,0,0.0807,0.0232,0.0,0.312,0.114,191.883,3,alternative,371637,2020-01-03 13:02,APAC
5oDVOrP8U5lxQIuV4814qA,Justine Skye;Tyga,Evergreen,Collide,0,260190,False,0.426,0.32,11,-9.886,0,0.0647,0.102,0.0,0.275,0.152,135.579,4,alternative,859966,2020-01-03 13:03,APAC
6ZOBP3NvffbU4SZcrnt1k6,3 Doors Down,The Better Life,Kryptonite,80,233933,False,,0.865,11,-5.708,0,0.0286,0.00664,1.1e-05,0.168,0.543,99.009,4,alternative,580207,2020-01-03 13:04,US
51zLJklDhB01krdntnfaCS,Mahalia,New RnB,I Wish I Missed My Ex,0,203066,False,0.669,0.669,0,-4.185,1,0.0849,0.274,0.0,0.289,0.546,95.023,4,alternative,257479,2020-01-03 13:05,APAC
0faXHILILebCGnJBPU6KJJ,Breaking Benjamin,Phobia (Clean Version),The Diary of Jane - Single Version,74,200546,False,0.392,0.964,10,-4.441,0,0.0644,7.13e-05,0.0387,0.106,0.269,167.024,4,alternative,291816,2020-01-03 13:06,LATAM
5Q2JcngKRkAvJx4yhTlZBk,Kavinsky,Halloween & Chill,Nightcall,0,257320,False,0.537,0.855,9,-5.092,0,0.0533,0.00898,0.0109,0.425,0.429,91.009,4,alternative,788330,2020-01-03 13:07,LATAM
5KGYDSI57XnX1xqxhOvW2Q,Mahalia,Sad Girls,Plastic Plants,0,199533,False,0.823,,8,-7.645,1,0.156,0.636,7.68e-05,0.114,0.752,135.947,4,alternative,874804,2020-01-03 13:08,MENA
5hhNbZ5i5kIdgRWd53jjTh,Kavinsky,Halloween Scary Party,Nightcall,0,257320,False,0.537,,9,-5.092,0,0.0533,0.00898,0.0109,0.425,0.429,91.009,4,alternative,424508,2020-01-03 13:09,US
4lQkVJzDlpAVmQ9Rz4AFfd,Mahalia,Evergreen,I Wish I Missed My Ex,0,203066,False,0.669,0.669,0,-4.185,1,0.0849,0.274,0.0,0.289,0.546,95.023,4,alternative,526449,2020-01-03 13:10,APAC
6Mt1HvQw0SoQA3hzeODTN3,Mahalia,2Step - Pop R'n'B,I Wish I Missed My Ex,0,203066,False,0.669,0.669,0,-4.185,1,0.0849,0.274,0.0,0.289,0.546,95.023,4,alternative,804484,2020-01-03 13:11,MENA
22x1tZbYamgdjebrfCWb9I,Mahalia,Mellow Adult Pop,BRB - Acoustic Version,0,152000,False,0.712,0.251,6,-12.412,1,0.0473,0.807,0.0,0.108,0.627,79.956,5,alternative,259234,2020-01-03 13:12,APAC
2LAbwhtxSdxvOjQRSNdVmF,Kavinsky,Halloween 2022,Rampage,0,175653,False,0.44,0.873,5,-3.015,0,0.0576,0.0124,0.0966,0.346,0.5,111.1,4,alternative,285645,2020-01-03 13:13,MENA
5ym9WmvnmlIJQyajxwrxLY,Kavinsky,Halloween Party 2022,Rampage,0,175653,False,0.44,0.873,5,-3.015,0,0.0576,0.0124,0.0966,0.346,0.5,111.1,4,alternative,796987,2020-01-03 13:14,LATAM
2riJzw9rShSNaC2GAUn9cY,The Afters,The Beginning & Everything After,Fear No More,56,202478,False,0.501,0.587,10,-5.587,1,0.0282,0.218,0.0,0.0886,0.279,82.017,4,alternative,267995,2020-01-03 13:15,US
3p5ORA75P3ieR4UF9ZhHDB,JPEGMAFIA;Tommy Genesis,Autumn Vibe,ROUGH 7,1,224051,True,0.875,0.749,9,-4.444,0,0.251,0.604,0.0,0.812,0.695,124.011,4,alternative,793729,2020-01-03 13:16,MENA
6zMPcgwV7bp0xgRQctwDku,Drowning Pool,Halloween Metal Nights,Mute,1,200000,False,0.567,0.815,10,-4.668,1,0.0286,0.000277,0.104,0.0867,0.378,97.937,4,alternative,547322,2020-01-03 13:17,APAC
4tcoy9e3wbgGlXDXusZEra,The Chemical Brothers,Halloween Hits,Go,1,260696,True,0.751,0.897,1,-3.602,1,0.0468,0.00957,2.72e-05,0.329,0.483,119.97,4,alternative,991029,2020-01-03 13:18,US
1QJWQRagviM87ff3wQjBkP,O Rappa,Acústico MTV,Pescador de ilusões - Ao vivo acústico,50,306266,False,0.385,0.806,1,-8.967,1,0.0398,0.237,0.00566,0.933,0.693,106.628,4,alternative,129642,2020-01-03 13:19,US
1KGcPOVdYPrzEGYfLBz3hY,Bandalos Chinos;Adan Jodorowsky,Alternativo diferente latino,Departamento,0,234866,False,,0.674,8,-5.769,1,0.0464,0.311,0.00194,0.359,0.739,125.016,4,alternative,951358,2020-01-03 13:20,US
6q7UC4HeG6alZZUG2TI7fd,The Chemical Brothers,Helloween Party,Go,0,260696,True,0.751,,1,-3.602,1,0.0468,0.00957,2.72e-05,0.329,0.483,119.97,4,alternative,302767,2020-01-03 13:21,MENA
4K9Xn20HjUTtPaiEY1DllO,Matthew West,Santa's Christmas List,Jingle Bells,0,125066,False,0.527,0.675,7,-5.004,1,0.0395,0.553,0.0,0.316,0.594,107.409,4,alternative,131572,2020-01-03 13:22,EU
3GA0fZ0Dj4D3IaJVGLZoeV,Gaby Moreno,Cabinet of Curiosities (Soundtrack from the Netflix Series),Mal Hombre,0,210986,False,0.573,0.19,2,-10.034,0,0.0459,0.822,1.1e-06,0.103,0.479,115.197,4,alternative,751610,2020-01-03 13:23,APAC
4ocDKtGkfPHFpUlmkOfAiy,Bandalos Chinos,Alternativo diferente latino,Demasiado,0,226133,False,0.776,0.425,11,-9.724,0,0.0335,0.27,0.0468,0.111,0.427,133.489,4,alternative,579274,2020-01-03 13:24,LATAM
6G2IXaarVeVde7CaMOxvNh,AFI,Rock & Halloween,Halloween,1,238106,False,0.286,0.929,11,-8.494,0,0.091,0.00231,0.00074,0.0946,,99.762,4,alternative,853644,2020-01-03 13:25,EU
1tdazGttmzXdBP3fj1kQr6,AFI,Spooky Scary Season,Halloween,0,238106,False,0.286,0.929,11,-8.494,0,0.091,0.00231,0.00074,0.0946,0.127,99.762,4,alternative,197518,2020-01-03 13:26,APAC
57jD6Or02RD8uTV2AmdET4,AFI,Halloween Songs | Witches Hour,Halloween,0,238106,False,0.286,0.929,11,-8.494,0,0.091,0.00231,0.00074,0.0946,0.127,99.762,4,alternative,172706,2020-01-03 13:27,APAC
1HkRBvClGlCu8s2CCX9QGM,AFI,Halloween Scary Party,Halloween,0,238106,False,0.286,0.929,11,-8.494,0,0.091,0.00231,0.00074,0.0946,0.127,99.762,4,alternative,610523,2020-01-03 13:28,APAC
3IExS9dCfDAVCRY0Tq4qw7,AFI,Halloween Kids Party 2022,Halloween,0,238106,False,,0.929,11,-8.494,0,0.091,0.00231,0.00074,0.0946,0.127,99.762,4,alternative,893869,2020-01-03 13:29,LATAM
0nK8nFLgGsNtpB6o1I8wt8,Bandalos Chinos,Alternativo diferente latino,Vámonos De Viaje,0,236426,False,0.768,0.748,5,-6.149,1,0.0304,0.0231,0.00239,0.341,0.868,129.001,4,alternative,465186,2020-01-03 13:30,US
0Ev1XvxAun4W2uh34XtZpx,AFI,Happy Haunted Halloween Tunes,Halloween,2,238106,False,0.286,0.929,11,-8.494,0,0.091,0.00231,0.00074,0.0946,0.127,99.762,4,alternative,817764,2020-01-03 13:31,EU
7j0cTjB4Vk5MiRlp8IQB8x,P.O.D.,Timeless Rock Hits,Youth of the Nation,0,257398,False,0.555,0.897,8,-6.147,1,0.0645,0.00377,0.0116,0.392,0.473,97.851,4,alternative,915587,2020-01-03 13:32,EU
45n1UykYUNp1LgRt8auL4U,Gondwana,Modo trabajación,Dime - 2008 Remaster,0,256026,False,0.787,0.534,7,-7.779,0,0.0582,0.114,5.34e-06,0.114,0.897,152.131,4,alternative,882714,2020-01-03 13:33,US
6DaHEkkaHiAhRZVEFZOMJ8,P.O.D.,Metal,Alive - Chris Lord-Alge Mix,0,205026,False,0.421,0.95,10,-3.985,1,0.0769,1.21e-05,0.000217,0.314,,80.919,4,alternative,557801,2020-01-03 13:34,APAC
7gyhWg9k5HkgWZq9V8nsrT,Everclear,Fiesta temática 90s,Santa Monica,0,191506,False,0.491,0.942,7,-5.333,1,0.109,0.156,0.0,0.367,0.398,100.441,4,alternative,728585,2020-01-03 13:35,EU
5mC0tSmdI2MgY9ZEqiztUP,Gondwana,Modo trabajación,Felicidad,0,341026,False,0.744,0.666,0,-7.213,1,0.0507,0.00147,0.0,0.162,,143.645,4,alternative,573098,2020-01-03 13:36,MENA
4HB60oI2EV1uCu5fwwQ5M1,Bersuit Vergarabat,Triste Hora,Mi Caramelo,0,203493,False,0.422,0.28,7,-10.487,1,0.0375,0.785,0.0,0.116,0.343,165.402,4,alternative,706737,2020-01-03 13:37,LATAM
1HxNA8JjIIfVGqMr7Jm59f,Los Caligaris,Circología,Mejilla Izquierda,50,229280,False,0.757,0.888,9,-5.636,1,0.156,0.132,0.0,0.139,0.543,150.079,4,alternative,610377,2020-01-03 13:38,US
2oxkdzlJjiFWj8lfsZkaCg,La Mosca Tse-Tse,Carrete familiar,Baila Para Mi,0,205386,False,0.758,0.913,9,-4.182,1,0.0421,0.0794,0.00106,0.289,0.968,152.629,4,alternative,572583,2020-01-03 13:39,MENA
3lIxtCaROdRDuTnNBDm3n2,Gorillaz;Kali Uchis,Humanz (Deluxe),She's My Collar (feat. Kali Uchis),75,209560,False,0.726,0.815,11,-5.886,1,0.0313,0.00799,0.081,0.112,0.462,140.158,4,alternative,493127,2020-01-03 13:40,EU
1RKUoGiLEbcXN4GY4spQDx,Gorillaz,Gorillaz,Clint Eastwood,76,340920,True,0.663,0.694,10,-8.627,0,0.171,0.0253,0.0,0.0698,0.525,167.953,4,alternative,687507,2020-01-03 13:41,MENA
0Sjz8pTu8vcVvGP5rtyh3Q,The Technicolors,Ultraviolet Disguise (Deluxe Edition),Tonight You Are Mine,66,230000,False,0.634,0.6,11,-6.662,1,0.0265,0.00203,0.00569,0.0796,0.64,90.017,4,alternative,775988,2020-01-03 13:42,US
07VBqWH6NG8L2ad3l84UKk,The Neighbourhood,Wiped Out!,R.I.P. 2 My Youth,69,205280,False,0.353,0.686,7,-5.704,0,0.0534,0.00216,0.0,0.123,0.177,94.47,4,alternative,927197,2020-01-03 13:43,US
40iocOzytrqaRn5RbGPDNp,The Neighbourhood,Chip Chrome & The Mono-Tones,Cherry Flavoured,68,208453,False,0.617,0.574,6,-9.768,1,0.0276,0.23,0.0105,0.0983,0.396,91.769,4,alternative,651905,2020-01-03 13:44,LATAM
113xf7t4qNM7038YJvauik,The Neighbourhood,Hard To Imagine The Neighbourhood Ever Changing,Nervous,70,245000,False,0.589,0.614,0,-7.528,0,0.0426,0.0213,0.165,0.31,0.318,119.837,4,alternative,190469,2020-01-03 13:45,MENA
3dJj6o9o1fRgrojWjailuz,Linkin Park,One More Light,Nobody Can Save Me,61,225546,False,0.645,0.688,11,-4.749,1,0.0341,0.0107,0.0,0.186,0.433,139.957,4,alternative,628730,2020-01-03 13:46,US
3Nsxlv9JESIFfOBbupIKOc,Will Joseph Cook;chloe moriondo,Be Around Me (feat. chloe moriondo),Be Around Me (feat. chloe moriondo),56,181249,True,0.679,0.741,4,-4.848,1,0.112,0.127,1.36e-05,0.523,0.733,165.085,4,alternative,384187,2020-01-03 13:47,MENA
7saeg1XSIx0RhNMHY5km2e,Poets of the Fall,Temple of Thought (Bonus Edition),Cradled in Love,42,281826,False,0.592,,4,-8.288,1,0.0262,0.557,0.0,0.148,,130.0,4,alternative,124131,2020-01-03 13:48,US
6Vb1LGvWPpP3aeuRcp098D,GAYLE,abc (nicer),abc (nicer),63,168601,False,0.694,0.545,4,-6.06,1,0.0446,0.252,0.0,0.38,0.418,121.858,4,alternative,165209,2020-01-03 13:49,US
1jq28NGw6wdtFKx8MBPy6C,Nickelback,Dark Horse,Burn It to the Ground,73,212346,False,,0.922,11,-3.474,1,0.0744,0.000247,0.388,0.363,0.6,132.059,4,alternative,632171,2020-01-03 13:50,APAC
00KfIFi2TpAaQGPbRbFbKJ,Linkin Park,LIVING THINGS,IN MY REMAINS,63,200693,False,0.553,0.907,9,-5.623,0,0.0484,0.00401,0.0,0.266,0.451,100.967,4,alternative,950323,2020-01-03 13:51,APAC
1BLfQ6dPXmuDrFmbdfW7Jl,Avenged Sevenfold,Avenged Sevenfold,A Little Piece of Heaven,69,480706,True,0.486,0.881,2,-5.623,0,0.0474,0.0244,0.0,0.429,0.667,144.997,4,alternative,555013,2020-01-03 13:52,US
5e3YOg6fIkP0wD5TyxcHOH,Living Colour,Vivid (Expanded Edition),Cult of Personality,68,294826,False,0.504,0.918,0,-3.463,1,0.0517,0.00164,2.12e-05,0.78,,92.031,4,alternative,500738,2020-01-03 13:53,EU
7AB0cUXnzuSlAnyHOqmrZr,Linkin Park,Meteora (Bonus Edition),Faint,66,162600,False,0.554,0.978,4,-3.554,1,0.131,0.111,0.0,0.0731,0.594,135.095,4,alternative,179794,2020-01-03 13:54,US
2MLHyLy5z5l5YRp7momlgw,Weezer,Weezer (Green Album),Island In The Sun,78,200306,False,0.654,0.81,4,-6.26,0,0.0288,0.00719,0.00251,0.165,0.661,114.623,4,alternative,707809,2020-01-03 13:55,LATAM
5pKCDm2fw4k6D6C5Rk646C,Bullet For My Valentine,The Poison,Tears Don't Fall,65,348386,True,0.214,0.931,7,-3.347,0,0.143,0.000705,3.09e-06,0.0797,0.233,162.115,4,alternative,149923,2020-01-03 13:56,EU
0EYOdF5FCkgOJJla8DI2Md,System Of A Down,Mezmerize,B.Y.O.B.,77,255466,True,0.538,0.981,1,-2.688,0,0.14,0.00662,0.0,0.219,0.711,101.414,4,alternative,857007,2020-01-03 13:57,EU
5FUU4A7OkQWMN3SW6RcXCt,Bella Poarch;Grimes,Dolls EP,No Man's Land (feat. Grimes),59,128871,True,0.85,,5,-4.817,0,0.0388,0.246,0.0,0.718,0.606,105.998,4,alternative,834764,2020-01-03 13:58,MENA
6V81K1OcvYgHEnCA6A2Qx9,Duckwrth;Shaboozey,Spider-Man: Into the Spider-Verse (Soundtrack From & Inspired by the Motion Picture),Start a Riot,66,171466,False,0.728,0.727,2,-3.585,1,0.206,0.0128,0.0,0.0882,0.89,143.144,4,alternative,991899,2020-01-03 13:59,EU
3UULkHdmLDqBDPmBYltoRE,Alter Bridge,One Day Remains,Metalingus,67,259959,False,0.496,0.981,8,-3.268,1,0.108,9.33e-06,0.0,0.0958,0.163,109.905,4,alternative,355853,2020-01-03 14:00,LATAM
6A6PDawvZIfnJHW40sBHzz,The Score,ATLAS,Miracle,59,206400,False,0.638,0.766,11,-4.12,0,0.0368,0.0621,0.0,0.273,,129.987,4,alternative,245604,2020-01-03 14:01,APAC
57IS9oJ7M8rkC3pXy2hSD4,Genevieve Stokes,Daily Pop Mix,Habits,0,136733,False,0.663,0.287,9,-9.469,1,0.0344,0.854,6.85e-06,0.346,0.438,82.457,4,alternative,369581,2020-01-03 14:02,US
73CKjW3vsUXRpy3NnX4H7F,Radiohead,The Bends,Fake Plastic Trees,72,290706,False,0.463,0.229,2,-12.592,1,0.0297,0.167,0.0997,0.202,0.135,73.543,4,alternative,819560,2020-01-03 14:03,LATAM
1bFUwEfAmklgCwoPx2Ibi8,Genevieve Stokes,rainy day indie,Habits,1,136733,False,0.663,0.287,9,-9.469,1,0.0344,0.854,6.85e-06,0.346,0.438,82.457,4,alternative,296939,2020-01-03 14:04,EU
5BMRyNbvHDAlsMtt7TwBdY,Genevieve Stokes,It's You - Fresh Hits,Habits,1,136733,False,0.663,0.287,9,-9.469,1,0.0344,0.854,6.85e-06,0.346,0.438,82.457,4,alternative,898679,2020-01-03 14:05,APAC
5so3Q5ihUoWp79tmIm8z7l,The Servant,Collection,Orchestra,47,212226,False,0.519,0.834,9,-5.369,0,0.0339,0.00965,0.0,0.162,0.465,77.028,4,alternative,238767,2020-01-03 14:06,APAC
4ykupenPLxxt9wnjBEe9SH,Genevieve Stokes,Evergreen,Habits,0,136733,False,0.663,0.287,9,-9.469,1,0.0344,0.854,6.85e-06,0.346,0.438,82.457,4,alternative,143987,2020-01-03 14:07,MENA
4WmMZtbFw54OYKrqVKVupx,Los Tipitos,Grandes exitos,Brujería,50,182079,False,0.589,0.842,2,-5.309,1,0.0378,0.000373,0.0172,0.259,0.273,104.024,4,alternative,297421,2020-01-03 14:08,MENA
4gjjo6scn1yHFfmpWZLtI0,Holly Humberstone,HÖST,London Is Lonely,1,234760,False,0.482,0.43,10,-7.224,1,0.0481,0.763,2.79e-06,0.344,0.113,143.23,4,alternative,778680,2020-01-03 14:09,US
1h1ifeLsjsIsje9aYOaYkE,Holly Humberstone,Fall Aesthetic,Thursday,0,247013,False,0.671,0.399,10,-7.129,1,0.0559,0.803,0.00047,0.117,0.343,86.062,4,alternative,642051,2020-01-03 14:10,EU
35w3g0LOtCMTOlzFYBtI52,Holly Humberstone,LUGNA LÅTAR,London Is Lonely,0,234760,False,0.482,0.43,10,-7.224,1,0.0481,0.763,2.79e-06,0.344,0.113,143.23,4,alternative,419252,2020-01-03 14:11,US
05eV1d7xEeUse9ceyKWjMe,Holly Humberstone,Mega Hits Autumn/Fall 2022,Friendly Fire,0,222800,False,0.465,0.602,10,-9.664,1,0.078,0.806,0.00145,0.101,0.595,159.905,4,alternative,690433,2020-01-03 14:12,EU
4bzITzu8lTBrupHwx5vYLs,Jacob Collier;JoJo,Un tecito y a mimir,It Don't Matter,1,261013,False,0.713,0.373,5,-11.386,0,0.174,0.547,0.00117,0.08,0.606,89.933,4,alternative,683736,2020-01-03 14:13,LATAM
4h9oLGyXoSN83H4wPGg3Rh,Holly Humberstone,Best Alternative Pop Tunes,Please Don't Leave Just Yet,0,229746,True,0.772,0.396,0,-7.974,1,0.0484,0.575,0.00149,0.105,0.643,128.099,4,alternative,599248,2020-01-03 14:14,EU
3nN78VByF88gztH6V1hceP,Holly Humberstone,LUGNA HITS,Please Don't Leave Just Yet,0,229746,False,0.771,0.378,0,-8.744,1,0.0517,0.592,0.00172,0.104,0.616,128.091,4,alternative,562642,2020-01-03 14:15,MENA
0wMGxaOeu5zZfbx3gWctMx,Los Abuelos De La Nada,Rock x siempre,Mil Horas,0,165186,False,0.706,0.474,7,-8.55,0,0.0598,0.242,0.0,0.0789,0.545,99.776,4,alternative,191343,2020-01-03 14:16,APAC
43zjzzrWWXSACEH6rhj9x5,Holly Humberstone,Autumn Vibe,The Walls Are Way Too Thin,0,220840,True,0.763,0.599,6,-6.194,1,0.12,0.519,1.08e-06,0.148,0.614,122.802,4,alternative,333767,2020-01-03 14:17,US
6XEbIRw3DVFb6vQftaewOD,Panteon Rococo,XX Años (En Vivo),Toloache Pa' Mi Negra - En Vivo,49,218280,False,0.411,0.897,11,-9.229,1,0.0629,0.00312,0.00921,0.939,0.668,102.972,4,alternative,574926,2020-01-03 14:18,MENA
6VQW8Ye28Crwz90BIexsrF,Bersuit Vergarabat,Triste Hora,Vuelos,0,264586,False,0.423,0.493,2,-9.569,0,0.0374,0.1,5.95e-06,0.0797,0.522,167.708,4,alternative,221699,2020-01-03 14:19,APAC
03DgLHhA7HCUB8aBTNqOwX,Bersuit Vergarabat,Triste Hora,Sencillamente,3,307306,False,0.742,0.613,6,-7.3,0,0.027,0.329,0.000899,0.115,0.966,136.009,4,alternative,528254,2020-01-03 14:20,LATAM
0CaAQYzg0k2poWXt30rCz0,Bersuit Vergarabat,Triste Hora,La Soledad,2,263933,True,0.639,0.671,9,-4.563,0,0.0375,0.105,0.0,0.242,0.73,92.012,4,alternative,205252,2020-01-03 14:21,EU
087Hfvj80hJaJ7e15qKebK,Los Abuelos De La Nada,Rock x siempre,Sin Gamulán,0,195400,False,0.615,0.549,9,-12.159,1,0.0481,0.536,8.43e-06,0.0536,0.391,75.054,4,alternative,808509,2020-01-03 14:22,US
0BFWUoOu91FcOEtpTdWFrN,Bersuit Vergarabat,Rock x siempre,Esperando El Impacto,0,217200,False,0.626,0.515,7,-5.26,1,0.0255,0.15,1.48e-06,0.218,0.478,110.999,4,alternative,192990,2020-01-03 14:23,LATAM
4o7qQwLjPPwXNNSTax6yWr,Los Abuelos De La Nada,Rock x siempre,Lunes Por La Madrugada,0,194693,False,0.613,0.655,2,-9.229,1,0.0288,0.0206,1.16e-06,0.224,0.557,138.854,4,alternative,183284,2020-01-03 14:24,APAC
39bxZQn6wJ4TmO6ZoY9AhJ,Tex Tex,Lo Mejor de Tex Tex,Un Toque Mágico,50,254275,False,0.688,0.682,10,-6.345,0,0.0709,0.101,0.0,0.297,0.506,131.848,4,alternative,674010,2020-01-03 14:25,US
4qymdn8JY94UOj1rATccbp,Las Pastillas del Abuelo,Triste Hora,Rompecabezas De Amor... - Live In Buenos Aires / 2016,0,305813,False,0.508,0.688,2,-5.879,0,0.0319,0.33,1.29e-05,0.896,0.334,76.122,4,alternative,298478,2020-01-03 14:26,APAC
2JR8NubWbZW1vj671mtWaV,Bersuit Vergarabat,Triste Hora,Un Pacto - Live In Buenos Aires / 2001,0,295160,False,,0.549,7,-7.18,1,0.0328,0.425,3.81e-06,0.961,0.208,73.397,4,alternative,416269,2020-01-03 14:27,US
7GfYdXlYZ0uhEjhqjFV6YQ,Las Pastillas del Abuelo,Triste Hora,Tantas Escaleras - Live In Buenos Aires / 2016,0,273533,False,0.433,0.827,9,-5.992,0,0.0312,0.00932,0.492,0.737,0.549,150.942,4,alternative,382833,2020-01-03 14:28,US
3jVtllWS5CFFWLQng8sKsr,Tinashe;ScHoolboy Q,Aquarius,2 On (feat. ScHoolboy Q),72,227000,True,0.742,0.595,9,-7.51,1,0.107,0.15,0.0,0.111,0.431,101.013,4,alternative,294969,2020-01-03 14:29,LATAM
67IvfvAMYQzJEeHopvwMMW,Pharoahe Monch,Simon Says,Simon Says,64,173159,True,0.664,0.916,1,-3.888,1,0.473,0.17,1.67e-05,0.164,0.559,93.134,4,alternative,785602,2020-01-03 14:30,EU
4w4wVEYHbE3uI4J8Ld11Uy,Moliy;Moonchild Sanelly,Honey Doom,Hard,5,195000,False,0.746,0.659,8,-9.219,0,0.045,0.765,0.00104,0.11,0.859,159.955,4,alternative,722695,2020-01-03 14:31,LATAM
4PJndg0ihTMvqXYtqk0smJ,Moliy;Juls,Honey Doom,Together,7,114672,False,0.969,0.344,5,-11.164,1,0.12,0.726,0.000514,0.261,0.923,126.975,4,alternative,314898,2020-01-03 14:32,US
3VgCXhYG94j4EXJWhgm1mQ,Moliy,Honey Doom,Body on fire,7,171764,False,0.497,0.609,7,-8.684,0,0.06,0.149,0.0128,0.205,0.731,139.39,5,alternative,718163,2020-01-03 14:33,US
7raJbk0uG31gczoFR5KOpg,Moliy,Honey Doom,Freak,6,146400,False,0.838,0.403,7,-7.958,1,0.06,0.0715,4.17e-05,0.0476,0.611,100.022,4,alternative,742124,2020-01-03 14:34,APAC
5jNEOXCb4606Enri06LgSd,Moliy;Mellissa;Dj Radix,Honey Doom,Human,5,200470,False,0.534,0.452,11,-6.934,0,0.0691,0.56,3.53e-06,0.128,0.511,113.232,5,alternative,585250,2020-01-03 14:35,US
5FrzLTFMVeM5sE6qYZXqKE,Moliy,Honey Doom,Banana,5,174734,False,0.833,0.385,7,-8.679,0,0.13,0.325,0.434,0.122,0.485,93.984,4,alternative,620547,2020-01-03 14:36,APAC
637zt19BccA8sBpb4taT7Y,Moliy;P.Priime,Honey Doom,Prisoner,7,169354,False,0.581,,3,-8.177,0,0.183,0.209,0.148,0.159,0.603,186.504,4,alternative,941461,2020-01-03 14:37,APAC
6TA5aymvVrtiPVbuAwmPIc,The Neighbourhood,Hard To Imagine The Neighbourhood Ever Changing,Scary Love,69,222666,False,0.595,0.636,5,-5.981,0,0.0312,9.45e-05,0.0529,0.196,0.147,112.008,4,alternative,508491,2020-01-03 14:38,APAC
4BggEwLhGfrbrl7JBhC8EC,Crazy Town,The Gift Of Game,Butterfly,73,216733,False,0.736,0.811,9,-4.17,0,0.081,0.00132,0.000142,0.107,0.609,103.502,4,alternative,446872,2020-01-03 14:39,US
7DCQIOmpGV4nkHx7DQckJS,Jesse,&,Bloom Later,66,160306,False,0.513,0.318,0,-10.451,1,0.0314,0.796,0.0,0.177,0.249,81.923,3,alternative,585100,2020-01-03 14:40,MENA
2O9O26335YYVckmRgPKY3s,Empire of the Sun,Ice On The Dune,Alive,65,204546,False,0.524,0.882,5,-3.038,1,0.0367,0.108,1.1e-06,0.071,0.399,119.94,4,alternative,852275,2020-01-03 14:41,US
5Az8KU81g2aLBbJN67F2CI,Young the Giant,Mind Over Matter,Mind Over Matter,71,244693,False,0.466,0.763,0,-4.448,1,0.0318,0.000501,0.0,0.0973,0.293,154.914,4,alternative,738627,2020-01-03 14:42,US
40LQiUUUKXVGyNs09lHVjW,Hinder,Extreme Behavior,Lips Of An Angel,73,261853,False,,0.736,2,-5.38,1,0.0343,0.0217,1.08e-06,0.203,0.251,129.084,4,alternative,167625,2020-01-03 14:43,MENA
3bpkRl4IHT49fNn0GOqUfE,Moliy,Honey Doom,Love Doc,5,169565,False,,0.675,7,-7.128,0,0.2,0.189,2.17e-06,0.133,0.367,92.285,4,alternative,513349,2020-01-03 14:44,US
650OeHTLxZAQmb4aEbGmaA,Linkin Park;Pusha T;Stormzy,One More Light,Good Goodbye (feat. Pusha T and Stormzy),63,211413,False,0.697,0.84,9,-4.602,0,0.054,0.106,0.0,0.748,0.452,128.034,4,alternative,765847,2020-01-03 14:45,APAC
5pYVlQB1b9u9JEjaLmIDNB,Avenged Sevenfold,City of Evil,Seize the Day,41,334066,False,0.393,0.802,5,-4.499,1,0.0367,0.0168,0.0,0.193,0.338,140.101,4,alternative,301525,2020-01-03 14:46,EU
6GGaeNKmqQQfQmTlNoUezD,The Score,Victorious,Victorious,53,196616,False,0.509,0.715,5,-6.328,0,0.0419,0.0303,4.31e-06,0.468,0.277,159.872,4,alternative,989601,2020-01-03 14:47,APAC
7aQvOqPkqGbug8TnMz3jxo,Moliy;Moonchild Sanelly,Hard,Hard,34,195000,False,,0.659,8,-9.219,0,0.045,0.765,0.00104,0.11,,159.955,4,alternative,827296,2020-01-03 14:48,MENA
0o60e52PdVZ70e6YHWibSE,Sevyn Streeter,Furious 7: Original Motion Picture Soundtrack,How Bad Do You Want It (Oh Yeah),38,224738,False,0.519,0.87,7,-2.599,0,0.0901,0.0151,0.00184,0.493,0.53,139.841,4,alternative,861937,2020-01-03 14:49,APAC
0D2xguFRqCF0OUqXCkqrpU,Ruel,Free Time,Hard Sometimes,65,269493,False,0.407,0.317,10,-7.895,1,0.0429,0.845,2.66e-06,0.139,0.216,81.899,4,alternative,173552,2020-01-03 14:50,LATAM
2EoOZnxNgtmZaD8uUmz2nD,Soundgarden,Superunknown (Deluxe Edition),Black Hole Sun,77,318586,False,0.35,0.828,6,-5.373,1,0.041,0.000217,0.000161,0.0774,0.147,105.435,4,alternative,621697,2020-01-03 14:51,MENA
4sNwdacKyi2S26WrRtNama,MARINA,The Family Jewels,Oh No!,72,182586,False,0.77,0.896,0,-3.971,1,0.039,0.0539,0.0,0.243,0.964,126.999,4,alternative,575008,2020-01-03 14:52,US
4Wj52fsynPssW52HDQuzrt,Watt White,Eye Of The Storm,Eye Of The Storm,65,199008,False,0.534,0.942,2,-4.15,0,0.0677,0.0121,0.0,0.141,,95.126,4,alternative,664088,2020-01-03 14:53,US
6PypGyiu0Y2lCDBN1XZEnP,R.E.M.,Automatic For The People,Everybody Hurts,75,320266,False,0.467,0.324,2,-10.451,1,0.0255,0.615,0.0248,0.118,0.166,94.301,3,alternative,865234,2020-01-03 14:54,EU
3zwmW1gM4E8FlHXV5nE16u,Audioslave,Out of Exile,Be Yourself,72,278973,False,0.423,0.845,11,-3.509,0,0.0559,0.143,5.07e-06,0.213,0.317,116.602,4,alternative,417960,2020-01-03 14:55,APAC
55yvzYuvJYG2RUEnMK78tr,Nirvana,Nirvana,About A Girl,74,166640,False,0.409,0.932,11,-4.538,0,0.0339,1.87e-05,1.6e-06,0.31,0.591,131.761,4,alternative,580580,2020-01-03 14:56,APAC
2ph6BRhGcUzc2W9wIulG5k,Bishop Briggs,Church Of Scars,White Flag,61,230586,False,0.524,0.805,4,-4.08,0,0.065,0.062,0.0,0.209,0.354,152.044,4,alternative,711536,2020-01-03 14:57,APAC
5yEIpnRU3WQmAWoOMP8ge9,BJ The Chicago Kid,Autumn Girl,Turnin' Me Up,0,269240,False,0.731,0.79,2,-4.214,1,0.0793,0.0429,0.186,0.0562,0.879,78.506,4,alternative,777868,2020-01-03 14:58,APAC
5BCYtpbTyUQSMRwDVPb5wk,Baby Queen,The Yearbook,Dover Beach,62,218053,False,,0.832,6,-5.48,1,0.0514,0.0753,0.0,0.0773,0.678,99.908,4,alternative,793355,2020-01-03 14:59,EU
5nbzkaoGC4Ga3mxgezGo51,Tierra Whack,Best R&B Tunes,Link,0,129505,False,0.86,0.547,0,-10.638,1,0.0786,0.231,1.02e-06,0.146,0.467,150.074,4,alternative,403242,2020-01-03 15:00,APAC
5izpR8PlJCjgJexf7JkMa9,Kari Jobe,Sad Covers 2022,In The Name Of Love - Recorded At Spotify Studios NYC,2,205738,False,0.675,0.375,6,-8.985,1,0.0452,0.542,2.5e-06,0.0951,0.187,134.023,4,alternative,998404,2020-01-03 15:01,APAC
4xkQxDPC6RBV1Yfx6vkLsO,Los Piojos,3er Arco,Muévelo,49,261133,False,0.616,0.838,7,-5.274,1,0.0423,0.0776,2.95e-05,0.365,0.926,139.602,4,alternative,108659,2020-01-03 15:02,US
6nvbYcbL79UQ5VFKE0aeeq,Kari Jobe,Sad Love Songs 2022,In The Name Of Love - Recorded At Spotify Studios NYC,2,205738,False,0.675,0.375,6,-8.985,1,0.0452,0.542,2.5e-06,0.0951,0.187,134.023,4,alternative,543216,2020-01-03 15:03,LATAM
6EewCvuAsXqskwTezC1tEN,SuenaTron,Santa Borrachera,Santa Borrachera,47,177777,False,0.735,0.585,6,-6.197,0,0.0416,0.279,0.0,0.107,0.923,80.995,4,alternative,647890,2020-01-03 15:04,MENA
1LQBLintxKQiYmmb55mhKq,Jeremy Camp,Santa's Christmas List,Let It Snow,0,130386,False,0.598,0.705,4,-6.621,1,0.0461,0.0923,0.0,0.254,0.943,149.999,4,alternative,155173,2020-01-03 15:05,LATAM
6JMUqW6dwWduaPPqGCkcgk,Catupecu Machu,Cuentos Decapitados,Eso Vive,49,181560,False,0.671,,11,-2.564,1,0.0732,0.00558,1.31e-05,0.0306,,104.054,4,alternative,506044,2020-01-03 15:06,APAC
6w6YZTPXfYd2bBcFLp2yCf,Jeremy Camp,Santa's Christmas List,Jingle Bell Rock,0,129160,False,0.465,0.932,1,-4.332,1,0.0819,0.00229,0.0,0.177,0.493,139.854,4,alternative,636271,2020-01-03 15:07,LATAM
7i2v1qGRuxH3pqIWYpqqBE,Los Rodriguez,Música para casa,A Los Ojos,0,236960,False,0.514,0.886,7,-5.67,1,0.033,0.143,2.09e-06,0.0958,0.831,138.635,4,alternative,646851,2020-01-03 15:08,APAC
6kykAmLzRQI5ozXjujslWo,The Shins,Home For Christmas 2022,Wonderful Christmastime,0,146520,False,0.634,0.689,11,-5.406,1,0.0307,0.0109,0.0,0.114,0.899,140.071,4,alternative,207121,2020-01-03 15:09,APAC
6E19yW617WrbdplRUt8cvf,The Shins,Home At Christmas,Wonderful Christmastime,0,146520,False,0.634,0.689,11,-5.406,1,0.0307,0.0109,0.0,0.114,0.899,140.071,4,alternative,349757,2020-01-03 15:10,APAC
5jhIWm2hXdVQJaRDE9AGhW,The Shins,Alternative Christmas 2022,Wonderful Christmastime,0,146520,False,0.634,0.689,11,-5.406,1,0.0307,0.0109,0.0,0.114,0.899,140.071,4,alternative,320288,2020-01-03 15:11,APAC
3NRVfxtC8mYrPoHjKahcng,Los Rodriguez,Música para casa,Dispara,0,159520,False,0.581,0.92,7,-5.535,1,0.0321,0.0659,7.4e-06,0.0964,0.822,102.033,4,alternative,675929,2020-01-03 15:12,MENA
22AqIN0L6icW0MtPM16NwC,The Adams,Agterplaas,Pelantur,48,256333,False,0.487,0.943,0,-7.665,1,0.0626,0.000549,0.104,0.324,0.457,144.944,4,alternative,395901,2020-01-03 15:13,US
1p91OsZmF238uTCeZxuAi9,Los Rodriguez,Música para casa,Senorita,0,178346,False,0.556,0.901,4,-7.289,1,0.0311,0.261,0.000267,0.105,0.932,129.888,4,alternative,614306,2020-01-03 15:14,MENA
2OYM8AomneL1lq8LjsT3bv,Los Rodriguez,Música para casa,100 Pajaros Volando,0,261600,False,0.313,0.663,2,-7.716,1,0.0302,0.0392,0.0,0.171,0.398,162.577,3,alternative,757926,2020-01-03 15:15,APAC
6eGTANo4ak5Tb1FCBLtoFT,Los Rodriguez,Música para casa,Mi Enfermedad,0,209053,False,0.489,0.96,2,-5.424,1,0.0386,0.0913,0.000732,0.146,0.894,133.21,4,alternative,817548,2020-01-03 15:16,LATAM
1EKNUMaRRxclLETULcps5s,The Shins,Christmas Eve At Home,Wonderful Christmastime,0,146520,False,0.634,,11,-5.406,1,0.0307,0.0109,0.0,0.114,,140.071,4,alternative,265427,2020-01-03 15:17,US
2Iq6HhIquO7JKr0KfTNLzU,Saint Motel,My Type EP,My Type,70,204811,False,0.595,0.896,10,-2.951,1,0.047,0.0641,5.82e-05,0.0748,0.567,118.001,4,alternative,913176,2020-01-03 15:18,LATAM
40gvh6jP5qxMJuMmF9lG9A,The Neighbourhood,Wiped Out!,Baby Came Home 2 / Valentines,71,390493,False,0.21,0.499,2,-9.754,0,0.0485,0.0687,0.00315,0.773,0.108,74.094,4,alternative,249177,2020-01-03 15:19,APAC
3FtYbEfBqAlGO46NUDQSAt,MGMT,Oracular Spectacular,Electric Feel,77,229640,False,0.763,0.803,1,-3.713,1,0.0351,0.0709,0.285,0.348,0.561,103.04,3,alternative,119689,2020-01-03 15:20,US
6SE4JAo7T8C7XkFka5bbga,Los Retros,Someone To Spend Time With,Someone To Spend Time With,73,173953,False,0.816,0.46,9,-13.299,1,0.034,0.0488,0.261,0.106,0.963,89.57,4,alternative,140467,2020-01-03 15:21,US
6mQD0vGdFrQMeTADOSIEwx,Linkin Park,A Thousand Suns,The Catalyst,36,339853,False,0.56,0.925,0,-5.48,1,0.0362,0.0372,0.0,0.104,0.178,135.009,4,alternative,280935,2020-01-03 15:22,MENA
2pyjbGTpJCPjMYwCbdymiF,Ruel,Dazed & Confused,Dazed & Confused,67,189608,False,0.688,0.5,2,-7.411,1,0.138,0.102,0.0,0.355,0.418,127.906,3,alternative,885915,2020-01-03 15:23,LATAM
3yydZof4pq6N4zeyTzLwQk,RAC;Louis The Child,BOY,Passion,67,132746,False,0.777,0.721,0,-6.951,1,0.071,0.476,0.0512,0.27,0.88,106.956,4,alternative,287094,2020-01-03 15:24,APAC
1vNoA9F5ASnlBISFekDmg3,Bad Wolves,Zombie,Zombie,69,254805,False,0.448,0.826,2,-3.244,0,0.0319,0.00756,0.0,0.117,0.19,77.093,4,alternative,724154,2020-01-03 15:25,EU
6Thn8AOHIwPCkf2O4ZgfC2,Phosphorescent,Muchacho,Song for Zula,62,370200,False,0.486,0.623,4,-8.264,1,0.0358,0.734,0.536,0.0509,0.525,86.007,4,alternative,476644,2020-01-03 15:26,EU
2t0wwvR15fc3K1ey8OiOaN,The Strokes,The New Abnormal,Selfless,71,222093,False,0.538,0.679,4,-4.297,1,0.0333,0.191,0.00175,0.0889,0.0888,121.99,4,alternative,135951,2020-01-03 15:27,MENA
6WmIyn2fx1PKQ0XDpYj4VR,The 1975,A Brief Inquiry Into Online Relationships,Love It If We Made It,69,252925,True,0.472,0.745,4,-5.297,1,0.0356,0.000607,2.74e-05,0.0957,0.0631,180.06,4,alternative,499724,2020-01-03 15:28,EU
5Bk1ArPcnMgeQzSqLjqaSW,Disturbed,The Sickness (20th Anniversary Edition),Down with the Sickness,42,278706,True,0.65,0.897,10,-2.704,0,0.0556,0.000315,1.19e-05,0.102,0.927,90.008,4,alternative,125463,2020-01-03 15:29,APAC
50f6Sc85lbQgEaOfQm41Zr,Lauren Daigle,How Can It Be,Trust in You,66,211600,False,0.413,0.636,9,-5.651,1,0.0407,0.0186,0.0,0.106,0.203,176.048,4,alternative,528556,2020-01-03 15:30,MENA
43jdwv0eTXxB2NsAiDTqxh,Goodnight Fellows,Hopeless Romance,Hopeless Romance,36,211070,False,0.643,0.349,11,-10.85,1,0.0406,0.0329,0.0,0.0669,0.798,171.993,4,alternative,602806,2020-01-03 15:31,LATAM
69P8aWFbgM3eD7UFSLPWsq,GAYLE;The Wild,abc (The Wild Remix),abc (The Wild Remix),67,182903,False,,0.874,1,-3.923,0,0.0693,0.034,8.33e-06,0.289,0.647,123.979,5,alternative,569227,2020-01-03 15:32,MENA
4zNk347FJz4yDDcjUhJJMI,Linkin Park,LIVING THINGS,POWERLESS,60,224466,False,0.508,0.88,5,-6.441,0,0.0448,0.0621,9.43e-05,0.15,0.337,140.065,1,alternative,354280,2020-01-03 15:33,LATAM
3Cozx0ZC9RjHOPhW8VOdXC,Ruel,YOU AGAINST YOURSELF,YOU AGAINST YOURSELF,66,146096,True,0.468,0.845,6,-5.554,1,0.0723,0.0353,0.0,0.189,0.629,178.197,4,alternative,789912,2020-01-03 15:34,MENA
10Nmj3JCNoMeBQ87uw5j8k,Red Hot Chili Peppers,Stadium Arcadium,Dani California,78,282160,False,0.556,0.913,0,-2.36,1,0.0437,0.0193,8.59e-06,0.346,0.73,96.184,4,alternative,637053,2020-01-03 15:35,US
4TQcARE7Fd58akNhr3N7AE,MISSIO,Loner,Twisted,66,222706,False,,0.789,2,-4.661,1,0.0427,0.00532,0.0105,0.214,0.149,97.52,3,alternative,329306,2020-01-03 15:36,LATAM
3RlsVPIIs5KFhLFhxZ4iDF,Nickelback,All the Right Reasons (Walmart Exclusive Edition),Rockstar,70,252040,False,0.616,0.91,0,-3.004,1,0.0386,0.0459,0.0,0.343,0.693,144.072,4,alternative,491143,2020-01-03 15:37,US
2sEk5R8ErGIFxbZ7rX6S2S,MARINA,Electra Heart (Deluxe),How to Be a Heartbreaker,71,221493,False,0.69,,11,-4.696,0,0.0506,0.0142,0.0,0.108,0.849,140.05,4,alternative,197655,2020-01-03 15:38,APAC
6wqJeItl3Vc3az4ZicSQAB,Slipknot,Vol. 3: The Subliminal Verses,Before I Forget,77,278600,False,0.291,0.974,6,-2.997,0,0.171,0.0177,5.44e-06,0.886,0.348,134.724,4,alternative,930980,2020-01-03 15:39,EU
5mpUKTdskZea0gStWzeHUZ,Slipknot,We Are Not Your Kind,Unsainted,74,260773,True,,0.946,7,-2.188,1,0.0469,0.000118,0.0253,0.0604,0.237,101.305,4,alternative,777744,2020-01-03 15:40,MENA
0RW1xWSPxmbXf012RN3yWl,Phil Wickham,The Ascension,This Is Amazing Grace,65,279786,False,0.512,0.814,10,-5.467,1,0.0327,0.00419,0.0,0.0991,0.277,97.996,4,alternative,359027,2020-01-03 15:41,EU
4G3Dj555j7wWDZeisudkDH,Ravyn Lenae;Doechii,The Look - R&B Feels,Xtasy - Remix,0,270497,True,0.663,0.794,5,-7.793,1,0.0886,0.231,0.000693,0.0861,0.74,107.084,4,alternative,707425,2020-01-03 15:42,US
0sNVZAkLao30zLfzJ9mbPI,Ravyn Lenae;Doechii,Evergreen,Xtasy - Remix,1,270497,True,,0.794,5,-7.793,1,0.0886,0.231,0.000693,0.0861,0.74,107.084,4,alternative,711230,2020-01-03 15:43,LATAM
4RlQGwLKkrQVIlPAPlOgGE,Ravyn Lenae,All Bops,Sticky,0,196754,False,0.713,0.846,4,-6.712,0,0.0537,0.0339,0.000381,0.106,0.572,120.021,4,alternative,648708,2020-01-03 15:44,EU
10tWekrcBpZ8Nh3vHZxYJY,Ravyn Lenae,The Look - R&B Feels,Venom,0,209186,False,0.684,0.583,0,-5.058,1,0.0333,0.00348,0.398,0.114,,135.011,4,alternative,148648,2020-01-03 15:45,LATAM
738SQjONa0q63yhLxvg3m1,Zayde Wølf,Modern Alchemy,Gladiator,61,188333,False,0.54,0.78,9,-5.872,1,0.0418,0.0263,7.12e-06,0.35,0.514,144.011,4,alternative,890671,2020-01-03 15:46,MENA
14kf1Cdj0sdtKtMY02IBcB,Mon Laferte,Norma,Quédate Esta Noche,46,230973,False,0.383,0.601,7,-6.588,1,0.0352,0.512,0.0,0.337,0.352,169.595,3,alternative,960273,2020-01-03 15:47,MENA
0HdKT77fmQMoU0mAjHs7O0,Atreyu,Release Your ANGER,Anger Left Behind,0,203547,False,,0.987,0,-3.331,1,0.209,0.0585,0.000144,0.0855,0.25,155.05,4,alternative,976727,2020-01-03 15:48,EU
5N23UhzMfAuCYjwhSbTQwH,Matt Redman,Sing Like Never Before: The Essential Collection,The Heart Of Worship,58,318120,False,0.507,0.28,3,-10.284,1,0.0282,0.775,0.000264,0.122,0.233,139.791,4,alternative,982680,2020-01-03 15:49,LATAM
3QHqCKdJBiBfFkN61NR00m,Callejeros,Presión,Presión,47,238346,False,,0.938,10,-4.592,0,0.0684,0.0602,1.18e-06,0.11,0.643,99.014,4,alternative,935940,2020-01-03 15:50,LATAM
4qlb4cHm1GmndU5p3Z5s4T,Los Tipitos,El Club De Los Martes,Se te nota,48,239360,False,0.589,0.677,0,-8.452,1,0.0242,0.00242,0.000222,0.241,0.702,134.962,4,alternative,765166,2020-01-03 15:51,EU
6JMRXqVpDD1Xu2lAoFOVbS,O Rappa,O Rappa - Acústico Oficina Francisco Brennand (Deluxe) [Ao Vivo],Rodo cotidiano - Ao vivo,48,207197,False,0.483,0.896,7,-5.206,1,0.0887,0.186,0.00019,0.965,,128.21,4,alternative,151189,2020-01-03 15:52,APAC
7op5RCUvgqOJcKAs4rZw2N,Guasones,Toro Rojo,100 Años,48,241946,False,0.542,,7,-5.374,1,0.0285,0.0292,0.00859,0.426,0.455,138.965,4,alternative,518690,2020-01-03 15:53,LATAM
0BRtjY6BHMic4e901yeGil,Divididos,Amapola del 66,La Flor Azul,49,160533,False,0.463,0.677,11,-10.254,0,0.0872,0.593,9.24e-06,0.302,0.754,89.581,1,alternative,320633,2020-01-03 15:54,APAC
0fdN1fuFWKKACOGnDJmyiC,Os Paralamas Do Sucesso;Pitty,Multishow Ao Vivo Paralamas Brasil Afora (Ao Vivo / Deluxe),Tendo A Lua - Ao Vivo,48,188853,False,0.688,0.601,2,-9.324,1,0.0442,0.0905,0.000513,0.952,0.643,81.128,4,alternative,297993,2020-01-03 15:55,US
2YIpus6UhA3TOKmxNtfQrb,Las Pastillas del Abuelo,Las Pastillas del Abuelo,Candombe de Resacas,48,329640,False,0.694,0.706,9,-6.151,1,0.0516,0.173,0.0,0.0829,0.537,96.759,4,alternative,847554,2020-01-03 15:56,US
6T1TompuJnWs8299wj9Zpm,Fountains Of Wayne,Emo Christmas 2022,I Want An Alien For Christmas,0,141586,False,0.479,0.802,9,-9.03,1,0.0512,0.0117,0.0,0.333,0.625,148.658,4,alternative,831263,2020-01-03 15:57,APAC
0Nc2X53OFDIxl1F1Z5AZfR,Atreyu,Release Your ANGER,Super Hero,0,385012,False,0.433,0.914,5,-3.894,1,0.0589,0.00394,0.000104,0.0896,0.158,144.007,4,alternative,569860,2020-01-03 15:58,APAC
5ZEDdR3gnXAudntQOn0yOC,Las Pastillas del Abuelo,Desafíos,Hasta Acá Nos Ayudó Dios!,48,378386,False,0.622,0.65,0,-4.996,1,0.0456,0.114,0.0,0.317,0.638,148.004,4,alternative,762717,2020-01-03 15:59,EU
14OePRS8B28wHaZ3g6sv9w,Fountains Of Wayne,Alternative Christmas 2022,I Want An Alien For Christmas,0,141586,False,0.479,,9,-9.03,1,0.0512,0.0117,0.0,0.333,0.625,148.658,4,alternative,216429,2020-01-03 16:00,US
5QWR5HivGtat7XXOCSAdlI,Fountains Of Wayne,Christmas Rock 2022,The Man In The Santa Suit,0,160346,False,0.622,0.72,9,-6.578,1,0.0255,0.0525,0.0,0.109,0.948,133.922,4,alternative,299758,2020-01-03 16:01,LATAM
4K7x9KC3XrcKMNdhVoaBOj,Fountains Of Wayne,Rock n Roll Christmas,The Man In The Santa Suit,0,160346,False,0.622,0.72,9,-6.578,1,0.0255,0.0525,0.0,0.109,0.948,133.922,4,alternative,874427,2020-01-03 16:02,MENA
5L0oNcUAPW4zFLBekccycM,Sumo,Llegando Los Monos,El Ojo Blindado,50,134173,False,0.192,0.894,2,-7.136,1,0.0421,3.42e-06,0.0028,0.025,0.67,194.458,4,alternative,506093,2020-01-03 16:03,US
1xeJGNdKyEqqhWfkR31jM2,Los Caligaris,Circología,Aunque No Quiero,48,215626,False,0.605,0.79,7,-5.675,1,0.0348,0.0229,0.0,0.0955,0.644,141.819,4,alternative,591966,2020-01-03 16:04,US
6qtDW5A9dgCyjhQZSGRlcu,Enjambre,Proaño,Nueve,49,211240,False,0.466,0.832,4,-5.235,1,0.047,0.0277,0.627,0.156,0.509,132.054,4,alternative,516518,2020-01-03 16:05,MENA
5zc2yka1Itw55sYxeGH4Sp,Las Pastillas del Abuelo,Vivo De Pastillas: Locura Y Realidad (Live In Buenos Aires / 2016),Rompecabezas De Amor... - Live In Buenos Aires / 2016,48,305813,False,0.537,0.688,2,-5.879,0,0.0308,0.33,1.22e-05,0.896,0.337,76.155,4,alternative,281943,2020-01-03 16:06,APAC
6h4YWETL6DAEKpeSr0CaGu,Interpuesto,15 Rolitas de Amor,Quien Te Cantara,48,200053,False,0.364,0.783,9,-5.323,0,0.049,0.00593,0.00456,0.128,0.507,155.016,4,alternative,843768,2020-01-03 16:07,MENA
1FWsomP9StpCcXNWmJk8Cl,Cigarettes After Sex,Cigarettes After Sex,K.,78,320030,False,0.454,0.4,3,-10.261,1,0.0265,0.139,0.846,0.137,0.327,93.719,4,ambient,782471,2020-01-03 16:08,APAC
2UKvxuMTM7JwprZrnpxgY1,Cigarettes After Sex,Cry,Kiss It Off Me,63,269933,True,0.521,0.298,4,-12.474,1,0.026,0.754,0.46,0.11,0.232,80.388,4,ambient,715459,2020-01-03 16:09,MENA
0yc6Gst2xkRu0eMLeRMGCX,Cigarettes After Sex,Cigarettes After Sex,Apocalypse,84,290616,False,0.37,0.467,5,-9.013,1,0.0273,0.0205,0.572,0.109,0.182,94.485,4,ambient,417873,2020-01-03 16:10,EU
3p4hRhMcb6ch8OLtATMaLw,Cigarettes After Sex,Cry,Cry,76,256799,False,0.406,0.399,7,-10.449,1,0.0278,0.756,0.678,0.112,0.163,142.83,4,ambient,678850,2020-01-03 16:11,US
6ilc4vQcwMPlvAHFfsTGng,Cigarettes After Sex,Cigarettes After Sex,Sweet,75,292110,False,0.45,0.511,6,-9.073,1,0.0276,0.353,0.766,0.139,0.115,96.563,4,ambient,957927,2020-01-03 16:12,US
0SpkyS1Q4MD8GaVcP5YjT4,Cigarettes After Sex,Cigarettes After Sex,Sunsetz,78,215150,False,0.405,0.479,5,-9.396,1,0.0301,0.0527,0.795,0.0974,0.131,75.37,4,ambient,684844,2020-01-03 16:13,EU
4VxaUj96W2jw9UOtKHu51p,Apparat;Soap&Skin,The Devil's Walk,Goodbye,60,256786,False,,0.457,1,-13.976,0,0.0456,0.406,0.646,0.297,0.187,87.159,4,ambient,544843,2020-01-03 16:14,APAC
1XZPtZVqcOzzxbYIR7MjQw,Novo Amor;Ed Tullett;Lowswimmer,Heiress,Ontario,69,192866,False,0.409,0.223,10,-13.886,1,0.0296,0.947,0.0123,0.0635,0.173,89.877,4,ambient,343422,2020-01-03 16:15,APAC
2kfGoV9a5dbSKCNmUWH2ZF,Sleeping At Last,Turning Page,Turning Page,72,255893,False,0.307,0.371,3,-8.498,1,0.0288,0.923,0.0253,0.11,0.189,115.241,3,ambient,570526,2020-01-03 16:16,EU
7cs7MLtAWvsdf3w5kBvfK2,Cigarettes After Sex,EP I.,Nothing's Gonna Hurt You Baby,72,286293,False,0.508,0.33,4,-14.071,1,0.0265,0.259,0.154,0.114,0.101,96.818,4,ambient,434539,2020-01-03 16:17,EU
4WfV1CNg91SBp8oG0VY0VB,Cigarettes After Sex,Crush,Crush,65,266666,False,0.401,0.504,5,-8.579,1,0.0252,0.0884,0.757,0.11,0.285,98.357,4,ambient,650142,2020-01-03 16:18,EU
70YTBH8vOGJNMhy6186yFm,Cigarettes After Sex,Cry,Heavenly,71,286773,False,0.535,0.437,8,-9.187,1,0.0248,0.669,0.688,0.11,0.127,105.22,4,ambient,141096,2020-01-03 16:19,LATAM
1l4pW7Tklvcc3k38rDFMkk,Cigarettes After Sex,Cry,Touch,65,292853,False,0.483,0.5,6,-9.403,1,0.0241,0.354,0.912,0.103,0.368,95.981,4,ambient,271149,2020-01-03 16:20,LATAM
1lusH0zFDRV1ThaFYsUgfi,Cigarettes After Sex,Affection,Affection,67,311000,True,0.403,0.417,7,-11.252,1,0.0257,0.5,0.889,0.105,0.251,89.966,4,ambient,808246,2020-01-03 16:21,US
5VYBergVrUDcb8QyEg70cF,Cigarettes After Sex,Affection,Keep on Loving You,65,233010,False,0.456,0.364,2,-9.336,0,0.0252,0.533,0.96,0.111,0.116,73.457,4,ambient,442649,2020-01-03 16:22,MENA
1BncfTJAWxrsxyT9culBrj,Ludovico Einaudi;Daniel Hope;I Virtuosi Italiani,In A Time Lapse,Experience,79,315426,False,0.447,0.449,2,-10.634,1,0.0376,0.934,0.961,0.0697,0.036,92.468,4,ambient,489697,2020-01-03 16:23,US
7CoMBpPTwQi2wPT0U0Nr9b,Novo Amor,Birthplace,State Lines,73,208653,False,0.509,0.31,9,-10.623,1,0.0313,0.959,0.229,0.0963,0.151,137.474,3,ambient,589508,2020-01-03 16:24,LATAM
0O0bttAxJKKWqAqY2Nq4mC,Cigarettes After Sex,Cry,Falling In Love,68,245840,False,0.472,0.27,7,-11.649,1,0.027,0.729,0.0158,0.125,0.373,140.673,4,ambient,494414,2020-01-03 16:25,LATAM
4nvLuqwTOZdEJI1fcHXv8h,Cigarettes After Sex,You're All I Want,You're All I Want,68,264453,False,0.233,0.471,5,-10.947,1,0.0294,0.363,0.828,0.113,0.277,182.161,4,ambient,782773,2020-01-03 16:26,US
0u4rkpmNtgcFxYHepnVF4v,Novo Amor,Bathing Beach,Carry You,68,273106,False,0.334,0.397,7,-7.993,1,0.0284,0.558,0.0774,0.126,0.035,93.445,4,ambient,320820,2020-01-03 16:27,MENA
5DZNSYxhFA1WA9WEJg9TNY,Cigarettes After Sex,EP I.,Dreaming of You,63,322218,False,0.298,0.398,7,-14.911,1,0.0365,0.549,0.105,0.136,0.174,64.135,3,ambient,782590,2020-01-03 16:28,MENA
7qH9Z4dJEN0l9bidizW7fq,Novo Amor,Bathing Beach,Anchor,75,257533,False,,0.407,9,-11.475,1,0.0308,0.805,0.884,0.126,0.126,117.053,4,ambient,288484,2020-01-03 16:29,EU
2hIsd0F6ZGfHCC1xa7vSad,Cigarettes After Sex,Cigarettes After Sex,Each Time You Fall in Love,65,290630,False,0.378,0.533,10,-8.843,1,0.0279,0.479,0.508,0.131,0.285,75.927,4,ambient,433535,2020-01-03 16:30,LATAM
5Bv3hddlRFyhTcYtYeoXed,Mohan,Udaan,Naav (Chadhti Lehrein Laang Na Paye),43,252158,False,0.608,0.687,2,-7.083,1,0.0536,0.449,2.1e-06,0.0625,0.548,83.918,4,ambient,629039,2020-01-03 16:31,EU
3YL4zMqcyFu0OfLI1sZ66Z,Cigarettes After Sex,EP I.,Starry Eyes,62,206000,False,0.419,0.362,2,-15.32,1,0.0337,0.453,0.335,0.0687,0.114,100.264,4,ambient,897379,2020-01-03 16:32,LATAM
6TWcSqCntZhH5vyc35kkob,Cigarettes After Sex,Cigarettes After Sex,John Wayne,65,258483,False,0.441,0.465,3,-8.389,1,0.0291,0.343,0.884,0.0982,0.173,123.933,4,ambient,309297,2020-01-03 16:33,APAC
4b3khTm3ufGRTyZwuYdasn,Cigarettes After Sex,Cry,Don't Let Me Go,64,262560,False,0.414,0.369,6,-9.606,1,0.0262,0.453,0.501,0.0985,0.17,96.722,3,ambient,628648,2020-01-03 16:34,LATAM
7nbAMKGkPMjc4EuNNsjXqZ,Cigarettes After Sex,Neon Moon,Neon Moon,63,225767,False,0.269,0.489,4,-11.099,1,0.0303,0.0972,0.0935,0.102,0.277,180.247,4,ambient,157787,2020-01-03 16:35,US
53k1gKFpKrDbktUzrB80f0,Cigarettes After Sex,Crush,Sesame Syrup,62,303296,False,0.426,0.413,4,-11.378,1,0.0248,0.0412,0.381,0.107,0.349,93.636,4,ambient,167883,2020-01-03 16:36,US
5PzWVmfzu7rePAuFkxPQf0,Novo Amor,Birthplace,Repeat Until Death,69,234080,False,0.233,0.15,1,-11.736,1,0.0336,0.982,0.36,0.154,0.0875,143.887,3,ambient,790755,2020-01-03 16:37,US
6kkwzB6hXLIONkEk9JciA6,Marconi Union,The Ambient Zone Just Music Cafe Vol 4,Weightless,68,480106,False,0.139,0.22,2,-19.974,0,0.0324,0.856,0.831,0.17,0.0789,71.432,5,ambient,747062,2020-01-03 16:38,US
1Wdj4wRDYS7aT4CoPS0mAH,Sleeping At Last,Atlas: I,You Are Enough,73,180086,False,0.593,0.5,1,-8.532,1,0.029,0.707,1.24e-05,0.0837,0.465,117.996,4,ambient,438822,2020-01-03 16:39,US
5jq2ArI1hhZ3wlJN8RijD3,Mohan;Ananya Bhat;Santhosh Venky;Sachin Basrur;H. Shreenivas Moorthi;Puneeth Rudranag;Vijy Aurs,KGF - Chapter 1 (Kannada) [Original Motion Picture Soundtrack],Dheera Dheera,50,222427,False,0.483,0.886,4,-7.279,0,0.103,0.427,2.84e-05,0.114,0.235,124.795,4,ambient,660678,2020-01-03 16:40,APAC
3weNRklVDqb4Rr5MhKBR3D,Ludovico Einaudi,Una Mattina,Nuvole Bianche,73,357706,False,,0.0582,8,-25.398,1,0.0578,0.961,0.89,0.0941,0.0454,132.614,1,ambient,442211,2020-01-03 16:41,EU
6QzdmoHqSH08FOq18fxqKd,Bicep,Tsugi Chill-Out,Atlas,1,348306,False,0.545,0.792,3,-6.395,0,0.032,0.1,0.952,0.173,0.127,128.977,4,ambient,349520,2020-01-03 16:42,EU
62velwDNtZJhdPOpy9ctiE,Max Richter;Johannes Bornlöf,Stress Free Music,Written on the Sky,0,116550,False,0.346,0.122,1,-26.341,1,0.0554,0.992,0.927,0.144,0.183,109.94,4,ambient,488186,2020-01-03 16:43,LATAM
3RkJXkQNgfq1SSSBF9BOPk,"Max Richter;""Air Lyndhurst Orchestra",Halloween Musica Horror 2022,"Where We Belong - From """"""""Hostiles"""""""" Soundtrack""""",0,175997,False,0.181,0.135,9,-17.393,0,0.0394,0.28,0.888,0.12,0.0307,67.438,4,ambient,380672,2020-01-03 16:44,APAC
3dWXi0xNXqtBEjjbxwVbua,Ludovico Einaudi;Robert Ziegler;Royal Philharmonic Orchestra,Classical Running,Primavera,0,442400,False,0.23,0.206,0,-13.594,0,0.0348,0.965,0.856,0.17,0.134,139.114,3,ambient,833539,2020-01-03 16:45,US
0dEKzVr89cnGpcucuLkB4i,Fabrizio Paterlini;Johannes Bornlöf,Refreshing Piano,Soffia la notte,0,220956,False,0.225,,4,-24.971,0,0.0488,0.968,0.867,0.103,0.275,160.017,3,ambient,470502,2020-01-03 16:46,US
6xyJSLkn2kVtanBp0omzla,Max Richter;Mari Samuelsen;Konzerthausorchester Berlin;Jonathan Stockhammer,Classical Running,November,0,368098,False,0.425,0.47,0,-10.452,1,0.0494,0.531,0.168,0.1,0.126,120.092,4,ambient,388752,2020-01-03 16:47,APAC
0giZdhbuEYl7uGJaeVuYCz,Brian Eno,ZEN 2022,Signals - Remastered 2005,0,166560,False,0.192,0.0119,6,-41.808,1,0.0401,0.969,0.944,0.12,0.0753,69.045,1,ambient,582537,2020-01-03 16:48,US
24BYTj1tb5ovZcnIbtdTYD,Seekae;Flume,Test & Recognise (Remixes),Test & Recognise - Flume Re-work,70,303660,False,0.544,0.579,8,-8.52,1,0.0712,0.193,1.43e-05,0.117,0.294,109.769,4,ambient,782231,2020-01-03 16:49,APAC
2aJDlirz6v2a4HREki98cP,Bicep,Bicep,Glue,74,269149,False,0.853,0.798,4,-7.995,0,0.068,0.0158,0.948,0.0967,0.42,129.983,4,ambient,346298,2020-01-03 16:50,EU
257SoE95qEweGItCB9Q5rE,Hildur Guðnadóttir,Joker (Original Motion Picture Soundtrack),Call Me Joker,46,288800,False,0.199,0.319,2,-14.43,1,0.0334,0.00513,0.893,0.144,0.0462,120.772,4,ambient,945589,2020-01-03 16:51,EU
514vvD0m17sJuYzoOqcE2Q,Cigarettes After Sex,Cigarettes After Sex,Young & Dumb,59,273896,False,0.403,0.521,0,-8.842,1,0.028,0.507,0.7,0.105,0.231,97.053,4,ambient,517180,2020-01-03 16:52,LATAM
73ptBTOgUcD3Wyrq0B9eAW,Cigarettes After Sex,EP I.,I'm a Firefighter,61,271018,False,0.361,,7,-13.657,1,0.0335,0.483,0.0303,0.158,0.125,114.941,4,ambient,694780,2020-01-03 16:53,US
6VJYENs5BugMc1dCVepivD,Cigarettes After Sex,Cigarettes After Sex,Flash,60,274576,False,0.561,0.367,0,-10.35,0,0.0246,0.373,0.831,0.0989,0.125,73.993,4,ambient,961517,2020-01-03 16:54,APAC
2yyQmFCUPenLlfpfUxBnAd,Cigarettes After Sex,Cigarettes After Sex,Truly,59,244110,False,,0.383,4,-9.808,1,0.0278,0.145,0.565,0.0846,0.311,96.549,4,ambient,488512,2020-01-03 16:55,LATAM
37xXDxPzfk5lnU8aNSRXfw,Cigarettes After Sex,Cry,You're the Only Good Thing In My Life,59,275186,True,0.454,0.287,5,-11.202,1,0.0289,0.779,0.753,0.131,0.054,130.637,4,ambient,279837,2020-01-03 16:56,US
4g2WiijzSKzH8PApKDbadN,Sleeping At Last,Atlas: II,Touch,71,256299,False,0.415,0.104,0,-11.83,1,0.0426,0.955,3.79e-06,0.104,0.18,82.006,3,ambient,773010,2020-01-03 16:57,EU
7aS8e5XKVWDcbyn06mF9fz,Jon Hopkins,Monsters (Original Motion Picture Soundtrack),Candles,54,148546,False,0.298,0.148,3,-26.245,0,0.0438,0.868,0.843,0.11,0.0603,108.658,4,ambient,105958,2020-01-03 16:58,EU
6XdoudbyF67XLcwarEPy0L,Cigarettes After Sex,Cigarettes After Sex,Opera House,60,365150,False,0.361,0.291,5,-14.148,1,0.0338,0.722,0.837,0.0971,0.0708,115.999,4,ambient,512107,2020-01-03 16:59,APAC
4mecZsH7nSz3zUkqhdZTd6,Ludovico Einaudi;Daniel Hope;I Virtuosi Italiani,Isolate & Chill,Experience,53,312853,False,0.457,0.474,2,-9.245,1,0.0324,0.93,0.956,0.0679,0.0381,92.404,4,ambient,981990,2020-01-03 17:00,US
6Q5uDNuuFYa8ToL3CCoHPC,Grouper,Inca Ore / Grouper,Poison Tree,69,196893,False,0.224,0.139,11,-22.587,1,0.0354,0.961,0.913,0.108,0.213,111.316,4,ambient,472984,2020-01-03 17:01,LATAM
0Dkibk70FDp6t7eOZNemNQ,Ludovico Einaudi,Una Mattina,Una Mattina,70,203800,False,,0.0297,2,-31.544,1,0.0579,0.991,0.878,0.0742,0.07,131.413,4,ambient,715683,2020-01-03 17:02,MENA
0wzThSEGQOnrGtFnyxGSMZ,Flower Face,Baby Teeth,Angela,58,284143,False,0.49,,1,-13.868,1,0.0327,0.926,3.36e-06,0.0992,0.102,99.892,3,ambient,572754,2020-01-03 17:03,MENA
5Fo6raKxBGpScXX0Twf82e,Flower Face,Fever Dreams,Jupiter,58,271487,False,0.459,0.326,9,-12.29,1,0.0268,0.896,0.0132,0.112,0.0864,90.042,4,ambient,293211,2020-01-03 17:04,US
1O6OPFAXdTdjHtT7Z2Hlt8,Bethel Music;Jenn Johnson,Peace,Goodness of God,61,456480,False,0.37,0.119,6,-11.513,1,0.0392,0.953,1.97e-06,0.099,0.183,110.424,4,ambient,385949,2020-01-03 17:05,EU
0bndF6tTweNXPjwpPL7Slt,Novo Amor,Haven (from Life Is Strange),Haven (from Life Is Strange),67,172500,False,0.556,0.261,4,-11.668,1,0.0289,0.797,0.016,0.0893,0.219,110.841,4,ambient,571178,2020-01-03 17:06,APAC
2MfwT3SKUyF0na2LCa2fCp,Flower Face,The Shark in Your Water,Cornflower Blue,57,188864,False,0.177,0.215,3,-9.886,1,0.0335,0.807,0.000125,0.0921,0.0415,75.862,3,ambient,193825,2020-01-03 17:07,APAC
1VEBHl13HTNQX82pkSivoB,Flower Face,The Shark in Your Water,Back to You,59,202827,False,0.389,0.202,2,-15.121,1,0.0375,0.887,2.86e-06,0.128,0.187,83.019,4,ambient,473401,2020-01-03 17:08,US
3tJjZMHLqhD8DaGgdBICnc,Sleeping At Last,Atlas: I,Saturn,68,289792,False,0.263,0.237,3,-13.738,1,0.0344,0.638,0.305,0.109,0.0461,73.024,4,ambient,473366,2020-01-03 17:09,LATAM
6MAO6UudIETesH04SFZ5jZ,Mohan;Murali;Chandiran,Em Magan,Varraaru Vaarraaru Yaaru Varraaru,35,299626,False,0.689,0.757,10,-8.344,1,0.761,0.703,0.0,0.336,0.663,143.07,4,ambient,851419,2020-01-03 17:10,EU
2oa53bhiNPCz2CGh26AYxi,Novo Amor,Bathing Beach,Colourway,60,228164,False,0.261,0.371,3,-10.112,1,0.0313,0.96,0.856,0.109,0.149,158.924,4,ambient,211471,2020-01-03 17:11,APAC
1gj9poFl2mLKkguqWo5Y1i,Bethel Music;Jenn Johnson,Victory (Live),Goodness of God - Live,66,296400,False,0.466,0.67,8,-4.701,1,0.0297,0.155,0.0,0.145,0.395,126.142,4,ambient,858422,2020-01-03 17:12,APAC
56oReVXIfUO9xkX7pHmEU0,Max Richter;Louisa Fuller;Natalia Bonner;John Metcalfe;Philip Sheppard;Chris Worsey,The Blue Notebooks (15 Years),On the Nature of Daylight,65,371746,False,0.065,0.341,10,-12.743,0,0.0482,0.154,0.854,0.109,0.0334,65.38,4,ambient,469396,2020-01-03 17:13,US
0Vg21uhtzHXxfJTsLRGgaG,Ludovico Einaudi;Ana & Sven,Nuvole Bianche,Nuvole Bianche,0,320000,False,0.317,0.161,8,-17.203,1,0.0374,0.916,0.881,0.0979,0.0545,118.162,3,ambient,686215,2020-01-03 17:14,LATAM
6KpO4neDXxGdiEgsivZieY,Ludovico Einaudi;Robert Ziegler;Royal Philharmonic Orchestra,Divenire (Deluxe Edition),Divenire,58,402240,False,0.14,0.217,7,-15.304,1,0.0352,0.909,0.855,0.0689,0.078,88.381,4,ambient,601239,2020-01-03 17:15,US
2hMTR8zK8Db849VttJXMSV,Chad Lawson,ZEN 2022,when the party's over - Slowed Remix,0,234280,False,,0.0191,2,-31.753,1,0.0324,0.992,0.912,0.0981,0.181,104.164,4,ambient,369804,2020-01-03 17:16,EU
2bcXqcKUWe1cjU5yzs6yu6,Dustin O'Halloran;Bryan Senti,Classical Christmas,What Gently Flutters,0,128048,False,0.302,0.096,2,-28.927,0,0.0309,0.972,0.903,0.098,0.382,94.275,4,ambient,937639,2020-01-03 17:17,EU
7hrZ36mZ5Qj4aMucGDhKHn,Nils Frahm;Johannes Bornlöf,Refreshing Piano,Ambre,0,235825,False,0.365,0.0289,1,-27.855,1,0.0419,0.995,0.947,0.12,0.477,146.853,4,ambient,302017,2020-01-03 17:18,MENA
3mKEXsnqhX5Z0swcZvIhpH,Dustin O'Halloran;Bryan Senti,Klassische Weihnachtsmusik,What Gently Flutters,0,128048,False,0.302,0.096,2,-28.927,0,0.0309,0.972,0.903,0.098,0.382,94.275,4,ambient,132600,2020-01-03 17:19,LATAM
2N4YbJg96OG37pQZkviVFv,Ryuichi Sakamoto;Lang Lang,Klassische Weihnachtsmusik,Merry Christmas Mr. Lawrence (Arr. for Piano),0,336200,False,0.403,0.185,10,-20.519,0,0.0417,0.962,0.911,0.0958,0.162,104.517,3,ambient,775110,2020-01-03 17:20,EU
22TH1OxsH8NRbC5wHBuV9H,"Jóhann Jóhannsson;""Joan La Barbara",Classical Running,"Heptapod B - From """"""""Arrival"""""""" Soundtrack""""",0,222084,False,0.561,0.445,10,-16.71,0,0.0579,0.784,0.87,0.0918,0.0519,125.695,3,ambient,659311,2020-01-03 17:21,EU
0SFkKiZQ8aRByCbAWKxeND,Dmitri Shostakovich;Ares Trio,Babadjanian: Piano Trio - Shostakovich: Piano Trio No. 2,Piano Trio No. 2 in E Minor: I. Andante – Moderato,2,490327,False,0.318,0.0361,4,-21.792,0,0.0445,0.907,0.0302,0.0926,0.0625,99.889,4,ambient,901483,2020-01-03 17:22,US
4r4kqIofeGj6lms3R5m8Y0,Dmitri Shostakovich;Ares Trio,Babadjanian: Piano Trio - Shostakovich: Piano Trio No. 2,Piano Trio No. 2 in E Minor: III. Largo,1,378378,False,0.0819,0.0132,0,-25.217,1,0.0494,0.964,0.647,0.12,0.032,82.637,4,ambient,511961,2020-01-03 17:23,MENA
4ztaiZfY9lPy1ItQ3DoRiT,Stephan Moccio,ZEN 2022,Wrecking Ball - Solo Piano Version,0,204560,False,0.515,0.0695,5,-22.837,1,0.0342,0.992,0.934,0.0943,0.109,112.81,4,ambient,115156,2020-01-03 17:24,US
4wldV3Pos7n4Ui60bgezZD,Dmitri Shostakovich;Ares Trio,Babadjanian: Piano Trio - Shostakovich: Piano Trio No. 2,Piano Trio No. 2 in E Minor: II. Allegro con brio,2,177013,False,0.442,0.286,1,-16.598,1,0.0419,0.968,0.811,0.0886,0.629,146.761,3,ambient,118234,2020-01-03 17:25,MENA
6yvAfQ4xM01Sq00DZ54sDl,Dmitri Shostakovich;Ares Trio,Babadjanian: Piano Trio - Shostakovich: Piano Trio No. 2,Piano Trio No. 2 in E Minor: IV. Allegretto – Adagio,2,645210,False,0.287,0.19,6,-16.959,0,0.0379,0.941,0.369,0.0906,0.177,77.583,4,ambient,489932,2020-01-03 17:26,LATAM
6npUdmcsfp9yRa65tF0PUH,Philip Glass;Daniel Hope;Chie Peters;Deutsches Kammerorchester Berlin;Rundfunkchor Berlin,Classical Running,Echorus,0,351466,False,0.285,0.0158,0,-24.312,1,0.0483,0.947,0.466,0.126,0.0369,119.852,4,ambient,324593,2020-01-03 17:27,APAC
1PeeZjiGNzzUUc8epzLtvv,Philip Glass;Víkingur Ólafsson,Classical Running,Glassworks: Opening,0,464453,False,0.0713,0.00696,3,-39.507,1,0.0405,0.994,0.915,0.071,0.0977,213.848,3,ambient,929961,2020-01-03 17:28,APAC
4jG4sYRBkrJRBx2dMgNwYY,aswekeepsearching,Rooh,Gangtey,33,137765,False,0.182,0.242,2,25.962,1,0.0442,0.922,0.872,0.101,0.074,358.258,1,ambient,206636,2020-01-03 17:29,EU
5gImXOx1pMapDLi5bXy4QA,aswekeepsearching,Sleep,Glued,33,257180,False,,0.349,2,-21.23,1,0.0555,0.871,0.886,0.0851,0.0394,179.966,4,ambient,892731,2020-01-03 17:30,EU
0pNC2MAeFjea9qWOfGhtbi,aswekeepsearching,Rooh,Rooh,31,250810,False,0.537,0.69,1,-8.29,1,0.04,0.0504,0.0185,0.109,0.205,120.035,4,ambient,295114,2020-01-03 17:31,MENA
4TNZTT33erLVg31KU4RJvf,Mohan,London Dreams,Khanabadosh,32,279475,False,0.734,0.867,11,-5.632,0,0.0456,0.0968,0.0,0.1,0.962,131.947,4,ambient,207461,2020-01-03 17:32,MENA
7bJ6xGa3RG2dQgNiK10uAv,Jóhann Jóhannsson,The Theory of Everything (Original Motion Picture Soundtrack),Chalkboard,62,65040,False,0.432,0.109,9,-15.925,0,0.0368,0.889,0.772,0.0939,0.0797,92.682,4,ambient,347112,2020-01-03 17:33,EU
4SjEdGI6Otmo5DRxAXKS9o,Cigarettes After Sex,Cry,Hentai,57,285146,False,0.453,0.227,5,-12.418,0,0.0285,0.712,0.468,0.108,0.161,125.984,4,ambient,229726,2020-01-03 17:34,APAC
4jNQkWhuzqrbqQuqanFFJ6,Maxence Cyrin,Novö Piano,Where Is My Mind,64,165160,False,0.333,0.114,9,-21.255,1,0.0453,0.906,0.96,0.119,0.0566,141.839,4,ambient,461175,2020-01-03 17:35,MENA
62CprXvSWsKBvYu3Yba55A,Sleeping At Last,Atlas: Enneagram,Two,60,258609,False,0.504,0.327,4,-9.49,1,0.0367,0.902,7.63e-06,0.445,0.299,132.803,4,ambient,397413,2020-01-03 17:36,MENA
5eG8QuQKOBvDeCyoOeMkhT,Novo Amor;Ed Tullett;Lowswimmer,Alps,Alps,61,194160,False,0.354,,3,-10.377,1,0.0321,0.965,0.0315,0.204,0.135,146.631,3,ambient,576134,2020-01-03 17:37,US
1g0xyCMUBKUaMDCk00Hhmk,Novo Amor,Bathing Beach,Embody Me,61,190293,False,0.476,0.263,0,-12.036,1,0.0321,0.935,0.00179,0.091,0.147,121.107,4,ambient,583359,2020-01-03 17:38,MENA
4CiqKccFFYGmFPz7HVTjfW,Novo Amor;Ed Tullett;Lowswimmer,Heiress,Euphor,66,243466,False,,0.284,10,-14.01,0,0.033,0.968,0.189,0.0961,0.0917,114.786,4,ambient,100890,2020-01-03 17:39,APAC
0EnJ7hwoixkSPHQHMDAsQ5,Mercuzio Pianist,I Just Want You (From 'Castle'),I Just Want You - From 'Castle',56,95033,False,0.699,0.18,4,-22.361,0,0.0731,0.99,0.836,0.0649,,129.775,4,ambient,212384,2020-01-03 17:40,MENA
285ieonEuLkll3zknYK2TY,Gustavo Santaolalla,The Last of Us,The Last of Us,61,183533,False,0.574,,4,-12.392,0,0.0305,0.867,0.928,0.098,,154.626,3,ambient,245682,2020-01-03 17:41,EU
0byw9oyQKnZ1fUWHfLQ9Wq,Cigarettes After Sex,Cry,Pure,55,254626,False,0.537,0.211,6,-13.477,0,0.0312,0.557,0.804,0.101,,134.475,3,ambient,275251,2020-01-03 17:42,APAC
55tehuewleUyLqkKuovHkQ,Roger Eno;Scoring Berlin,The Turning Year,Clearly,53,149976,False,0.336,0.052,3,-25.364,1,0.0283,0.952,0.955,0.0695,0.0366,62.748,4,ambient,184209,2020-01-03 17:43,EU
2m2GJpBjQNNphaCgBeoj7R,Stephan Moccio,Fracture,Fracture,69,207640,False,0.324,0.0186,2,-28.248,1,0.0476,0.99,0.934,0.105,0.126,85.297,4,ambient,383171,2020-01-03 17:44,US
7Jd0MqZq15T4pDWts2G6Yl,Brian Eno;Jon Hopkins;Leo Abrahams,Small Craft On A Milk Sea,Emerald and Stone,56,132306,False,0.324,0.0379,11,-25.247,1,0.0554,0.987,0.907,0.0756,0.0383,120.169,4,ambient,594705,2020-01-03 17:45,EU
13Z3uZXTFpbLBZ8R1rTUKO,Sleeping At Last,Atlas: II,Hearing,65,248635,False,0.207,0.292,7,-11.641,1,0.0328,0.818,0.942,0.0934,0.11,141.869,4,ambient,378002,2020-01-03 17:46,LATAM
7gH3Oc5AaQs54XtEoLovox,Flower Face,The Shark in Your Water,Pisces Moon,51,219004,False,0.525,0.411,1,-8.829,1,0.0261,0.671,0.000338,0.0989,0.197,138.112,3,ambient,396167,2020-01-03 17:47,MENA
5fJD7wh9yoSTpl9d5rgl7l,Jóhann Jóhannsson,The Theory of Everything (Original Motion Picture Soundtrack),The Theory of Everything,64,68691,False,,0.118,2,-17.703,1,0.0408,0.842,0.938,0.115,0.175,104.03,4,ambient,522599,2020-01-03 17:48,APAC
6k7HtWuprjQmulpo4OpieI,Flower Face,The Shark in Your Water,Spiracle,57,179815,False,0.342,0.612,11,-6.432,1,0.0357,0.804,3.11e-06,0.239,0.24,79.01,3,ambient,593557,2020-01-03 17:49,US
0qf2iUDfPDtrLeJFmOvVn6,Bethel Music;Steffany Gretzinger,Starlight (Live),King of My Heart - Live,63,299365,False,0.438,0.529,9,-9.224,1,0.0324,0.0113,0.0,0.109,0.395,136.147,4,ambient,397870,2020-01-03 17:50,LATAM
48i1p3R9l9f7zjcHPJysZZ,Ludovico Einaudi,Underwater,Wind Song,65,198649,False,0.339,0.00572,11,-32.309,0,0.0378,0.986,0.923,0.103,0.0616,72.7,3,ambient,299640,2020-01-03 17:51,US
3lSOZb5rruEnFbe9xWELF6,Fabrizio Paterlini,Fragments Found,Rue des trois frères,65,111442,False,0.348,0.169,1,-18.45,1,0.0413,0.959,0.889,0.1,0.107,138.877,3,ambient,468442,2020-01-03 17:52,APAC
3MRqm3VNWLIjRiLRQezul7,Bethel Music;Kristene DiMarco,You Make Me Brave (Live),It Is Well - Live,62,385053,False,0.35,0.25,4,-10.648,0,0.0314,0.698,1.46e-05,0.11,0.11,129.82,4,ambient,121806,2020-01-03 17:53,US
59gg6zQhSKGVnkT3hWAY3l,Max Richter;Lang Lang,Voyager - Essential Max Richter,The Departure,64,151506,False,0.0,0.0362,0,-22.519,0,0.0,0.994,0.94,0.0958,0.0,0.0,0,ambient,543313,2020-01-03 17:54,EU
4BMHp3DkI8VLsuB9Kr0pzu,Ludovico Einaudi;Robert Ziegler;Royal Philharmonic Orchestra,Divenire (Deluxe Edition),Primavera,62,442400,False,0.231,0.206,0,-13.593,0,0.0332,0.965,0.856,0.17,0.136,141.628,3,ambient,947229,2020-01-03 17:55,LATAM
584GnCDcDhRV6R8iZ7gzxC,Bethel Music;Jonathan David Helser;Melissa Helser,We Will Not Be Shaken (Live),No Longer Slaves (Spontaneous) - Live,62,373691,False,0.412,0.61,10,-7.988,1,0.0379,0.177,0.000102,0.0851,0.242,148.005,4,ambient,458140,2020-01-03 17:56,MENA
0YxrPdW9NpNFtqh7Fw0rva,Bethel Music;Jonathan David Helser;Melissa Helser,Victory (Live),Raise a Hallelujah - Live,63,470880,False,0.452,,1,-4.431,1,0.04,0.0041,0.0,0.134,0.291,81.972,4,ambient,197477,2020-01-03 17:57,LATAM
5AbU5I0K9Z7muuvUw4No4n,Carlos Cipa,Stress Free Music,dark tree,0,393958,False,0.123,0.113,0,-20.961,0,0.0367,0.972,0.926,0.0752,0.0378,79.66,1,ambient,736371,2020-01-03 17:58,US
6j8KPn7rmbTwlkpEbHcrS1,Ludovico Einaudi,Underwater,Indian Yellow,61,194789,False,0.263,0.009,2,-35.193,1,0.0515,0.995,0.946,0.0881,0.156,68.083,1,ambient,214172,2020-01-03 17:59,EU
5pl3wsilqIY02ZmrjMNkYy,Dustin O'Halloran;Bryan Senti,Weihnachten Klassik 2022,What Gently Flutters,0,128048,False,0.302,0.096,2,-28.927,0,0.0309,0.972,0.903,0.098,0.382,94.275,4,ambient,274275,2020-01-03 18:00,MENA
6zm4Xlj6nY2S0uuCnbyKJc,Maxence Cyrin,Stress Free Music,Mer de velours,0,214960,False,0.347,0.232,8,-21.254,1,0.055,0.984,0.916,0.105,0.0373,128.317,4,ambient,231891,2020-01-03 18:01,APAC
5ZT0rwBZW2xaNrSBNwi9py,Dustin O'Halloran;Bryan Senti,Classical Christmas 2022,What Gently Flutters,0,128048,False,0.302,0.096,2,-28.927,0,0.0309,0.972,0.903,0.098,0.382,94.275,4,ambient,895298,2020-01-03 18:02,EU
3yBCQ8gFqTyDwwgMDY93fw,Luke Howard;Brett Kelly,Klassische Weihnachtsmusik,Hymn,0,343724,False,0.14,0.125,1,-16.519,1,0.041,0.86,0.875,0.112,0.0362,140.811,3,ambient,983147,2020-01-03 18:03,EU
5UjWlEX3CalR4eFkXjJ2AS,Hania Rani;Dobrawa Czocher,Classical Running,Con Moto,0,304230,False,0.494,0.366,7,-21.035,0,0.0292,0.939,0.831,0.0882,0.613,145.047,4,ambient,612674,2020-01-03 18:04,EU
7sCEGVDNPistGb4I1DbGGe,Luke Howard;Jess Gillam;Jess Gillam Ensemble,Classical Running,Dappled Light,0,251573,False,,0.0456,10,-20.891,0,0.0385,0.993,0.964,0.231,0.0882,128.691,4,ambient,655893,2020-01-03 18:05,US
7M6HUMTLYk36ThEK9G5QpN,Hania Rani;Dobrawa Czocher,Weihnachten Klassik 2022,Jezus Malusieńki (Reworked by Hania Rani & Dobrawa Czocher),0,256644,False,,0.168,7,-21.006,0,0.0349,0.782,0.934,0.136,0.074,73.466,3,ambient,680911,2020-01-03 18:06,MENA
6LJiB44QjzgCBDWv3ynFFk,Hania Rani;Dobrawa Czocher,Classical Christmas,Jezus Malusieńki (Reworked by Hania Rani & Dobrawa Czocher),0,256644,False,0.296,0.168,7,-21.006,0,0.0349,0.782,0.934,0.136,0.074,73.466,3,ambient,649260,2020-01-03 18:07,EU
7FfIpIyjR3lq0HYieXBTZq,Hania Rani;Dobrawa Czocher,The Best Classical Playlist,There Will Be Hope,0,277334,False,,0.211,2,-20.438,0,0.0363,0.971,0.868,0.083,0.103,98.917,1,ambient,589691,2020-01-03 18:08,MENA
6bWpIjXBVrGNDW8eNcXC1n,Hania Rani;Dobrawa Czocher,Classical Christmas 2022,Jezus Malusieńki (Reworked by Hania Rani & Dobrawa Czocher),0,256644,False,0.296,0.168,7,-21.006,0,0.0349,0.782,0.934,0.136,0.074,73.466,3,ambient,988027,2020-01-03 18:09,EU
2ZgzcSD8lWLOwWoNYFX219,Chilly Gonzales;Johannes Bornlöf,Refreshing Piano,Gogol,0,117482,False,0.382,0.014,7,-27.667,0,0.0444,0.99,0.935,0.107,0.349,162.072,4,ambient,759818,2020-01-03 18:10,APAC
2LnnCrqJl1p39bD7d491cu,Chilly Gonzales;Johannes Bornlöf,Refreshing Piano,White Keys,0,181055,False,0.338,0.0568,9,-27.643,0,0.0374,0.99,0.907,0.149,0.544,152.728,3,ambient,179594,2020-01-03 18:11,US
1WTlony1MLK4u5OaG8uTLg,Cigarettes After Sex,Apocalypse,Apocalypse,50,290146,False,0.369,,5,-9.04,1,0.0274,0.0205,0.473,0.109,0.173,94.523,4,ambient,452747,2020-01-03 18:12,MENA
0vSGh7m49wOnmPDkv3m9m1,The Saxophones,If You're in the Water,If You're on the Water,44,240430,False,0.651,0.123,5,-13.957,1,0.029,0.947,0.103,0.109,0.115,107.044,4,ambient,977049,2020-01-03 18:13,LATAM
2Bc4llhjJBW77I552RgA3L,Aphex Twin,Selected Ambient Works Volume II,#3,64,464293,False,0.167,0.071,6,-27.108,0,0.041,0.911,0.855,0.107,0.0613,143.315,5,ambient,463294,2020-01-03 18:14,US
6qXs1dtubNruTULaetueVA,aswekeepsearching,Sleep,Dreams Are Real,29,213391,False,0.53,0.2,10,-19.456,0,0.0383,0.932,0.00174,0.113,0.123,114.909,4,ambient,283611,2020-01-03 18:15,US
4WyhOKXtCkNVcgfTBpYaxm,Christian Löffler,Ronda,Ronda,57,346586,False,0.794,0.307,3,-15.629,0,0.0486,0.674,0.935,0.0954,0.171,119.994,4,ambient,881640,2020-01-03 18:16,MENA
2IVTadJg1X3ZjlHI5dLh9r,Michael Brook;Nusrat Fateh Ali Khan,Night Song (Real World Gold),Longing,32,335600,False,0.482,,2,-11.779,1,0.0424,0.418,0.617,0.0728,0.0948,92.095,4,ambient,660763,2020-01-03 18:17,LATAM
47DeTufpEGrePu6TaVEuoN,Jóhann Jóhannsson,The Theory of Everything (Original Motion Picture Soundtrack),Epilogue,60,108968,False,0.252,0.0875,9,-24.711,0,0.0403,0.989,0.873,0.108,0.126,135.774,3,ambient,606313,2020-01-03 18:18,US
20vEB3It4xYzKHlMecu6X1,Abel Korzeniowski,Nocturnal Animals (Original Motion Picture Soundtrack),Table For Two,58,203466,False,0.199,0.133,10,-15.992,0,0.0379,0.914,0.868,0.278,0.0388,132.028,4,ambient,478074,2020-01-03 18:19,APAC
19jTCAxeVnkwKnWHSsdg0i,Novo Amor;Gia Margaret,No Fun / Lucky for You,Lucky for You,56,136000,False,0.529,0.31,10,-12.159,1,0.0388,0.928,0.514,0.102,0.73,177.972,4,ambient,211935,2020-01-03 18:20,LATAM
5RWA30VaTsYkFrkzxKL3aK,Ludovico Einaudi,Luminous,Luminous,62,283280,False,0.307,,1,-34.977,1,0.0519,0.992,0.931,0.098,0.281,67.775,5,ambient,445556,2020-01-03 18:21,APAC
7gbSDq9luQx6yVl7HyJGIW,Peter Sandberg,Dismantle,Dismantle,61,115578,False,0.399,0.136,3,-20.219,1,0.0307,0.985,0.895,0.156,0.396,100.195,3,ambient,493729,2020-01-03 18:22,LATAM
7fkXzzIVo98CgjOkpd9H0V,Sleeping At Last,Already Gone,Already Gone,56,240790,False,0.447,0.206,3,-11.75,1,0.0519,0.956,4.56e-06,0.107,0.327,66.734,4,ambient,938118,2020-01-03 18:23,EU
21lsdnxagzViwbRqNY0tCK,Jóhann Jóhannsson,The Theory of Everything (Original Motion Picture Soundtrack),A Game of Croquet,62,165572,False,0.22,0.043,4,-28.726,0,0.0438,0.975,0.402,0.062,0.11,118.456,3,ambient,376543,2020-01-03 18:24,EU
7ALY67YY6NmlRuWwhYWnSA,Praveen;Shankar;Srinivas;Clinton Cerejo;DJ Aftab,Tamil Romantic Lofi,Endrendrum Punnagai LoFi Mix,2,194333,False,0.565,0.56,9,-8.198,0,0.0281,0.595,0.0025,0.207,0.592,90.016,4,ambient,234304,2020-01-03 18:25,EU
2iSRdZZpV8NhJOLaLdaoSD,Project AER;WYS,3 Am. Study Session,After Sunset,48,160644,False,0.682,0.105,5,-16.983,1,0.0337,0.877,0.884,0.0896,0.258,124.027,4,ambient,484774,2020-01-03 18:26,LATAM
7oR52pTFA101oebY83ZIRr,Tony Anderson,The Heart of Man,Morning's Wings,47,154283,False,0.159,0.487,9,-13.086,0,0.0491,0.0332,0.867,0.135,0.0328,77.44,5,ambient,997361,2020-01-03 18:27,LATAM
1ZC21hJb2GASRkaoZvUcCS,Joep Beving,Trilogy,Ala,64,120853,False,0.324,0.116,7,-22.841,0,0.0348,0.986,0.926,0.113,0.299,79.487,1,ambient,533982,2020-01-03 18:28,APAC
0AOz0XTa8sCskJQlBtHfHG,Random Forest,Ascension,That Bird of Prey Casts a Long Shadow,55,189818,False,0.525,0.188,0,-19.635,1,0.0322,0.59,0.839,0.0975,,110.02,4,ambient,441212,2020-01-03 18:29,MENA
3atToDz9gdlMOHgaurZGHx,Simon Wester,Reflections,Reflections,41,183421,False,0.437,0.0586,2,-23.625,1,0.0339,0.974,0.902,0.111,0.0391,114.041,4,ambient,700195,2020-01-03 18:30,EU
7ErkrGvaAbLWgWS7wJ4D7f,Mercuzio Pianist,J'y suis jamais allé (From ''Amelie''),J'y suis jamais allé - From ''Amelie'',58,63831,False,0.58,0.192,4,-24.026,0,0.0479,0.995,0.926,0.139,0.393,105.052,4,ambient,683896,2020-01-03 18:31,MENA
3CKstYFeiGJMGgRpHWbUGE,Jon Hopkins,Monsters (Original Motion Picture Soundtrack),Monsters Theme,48,295853,False,0.161,0.296,3,-17.388,0,0.0381,0.709,0.917,0.111,0.0795,109.055,3,ambient,369356,2020-01-03 18:32,MENA
5ay0cvjtVAbMLOe8gTadFh,Jóhann Jóhannsson,The Theory of Everything (Original Motion Picture Soundtrack),A Model of the Universe,62,172444,False,0.336,0.044,7,-29.255,0,0.0456,0.982,0.96,0.221,0.0666,90.243,4,ambient,971115,2020-01-03 18:33,APAC
4Ks0OfgQpb58nHvQrcaiPi,Fabrizio Paterlini,Transitions II,Distractions,60,75775,False,0.123,0.0358,4,-38.528,1,0.0483,0.99,0.945,0.098,0.0399,114.425,5,ambient,633650,2020-01-03 18:34,LATAM
1RgiH5ucgoEWDKmGyA5drQ,Sleeping At Last,Atlas: I,Neptune,57,280370,False,0.602,0.371,9,-11.575,0,0.0322,0.23,0.0,0.0887,0.211,120.01,4,ambient,151840,2020-01-03 18:35,EU
5uq3x8Pg8HAj8qNwPFOzfl,Sleeping At Last,Atlas: I,Light,60,262533,False,0.224,0.387,0,-9.022,1,0.0287,0.532,0.00548,0.0689,0.0395,104.566,4,ambient,466811,2020-01-03 18:36,EU
5TmKvbzD7zEbZLNfhAHTar,Project AER,Journals,Where We Are,56,159389,False,,,9,-16.465,0,0.0393,0.902,0.883,0.114,0.0432,122.003,3,ambient,930577,2020-01-03 18:37,EU
3KG9I4JXpDwNQOsotE3uLh,Max Richter,The Leftovers: Season 1 (Music from the HBO Series),The Departure,61,75849,False,0.384,0.00341,0,-39.053,0,0.0447,0.996,0.943,0.0964,0.117,116.941,4,ambient,454021,2020-01-03 18:38,APAC
03b9EWz24mTfDvnrE8G41I,Stephan Moccio,Tales Of Solace,Whitby,45,195240,False,0.21,,7,-28.528,0,0.0432,0.991,0.922,0.105,0.252,166.662,3,ambient,611029,2020-01-03 18:39,LATAM
2UZZtkoLOg7IHxeTAdPFvd,Marconi Union,Weightless (Ambient Transmission Vol. 2),Weightless Part 1,67,486840,False,0.0783,0.206,2,-20.611,0,0.0337,0.864,0.838,0.179,0.0807,80.341,5,ambient,651364,2020-01-03 18:40,EU
2k2MprlqkmDMKKOOWGREzW,"Dario Marianelli;""Jean-Yves Thibaudet",Pride and Prejudice - OST,"Dawn - From """"""""Pride & Prejudice"""""""" Soundtrack""""",62,158600,False,0.332,0.0525,0,-24.1,1,0.0388,0.991,0.891,0.0683,0.097,78.853,3,ambient,733956,2020-01-03 18:41,EU
1vWtTis3VRkkUp8qST4jY5,Abel Korzeniowski,W.E. - Music From The Motion Picture,Dance For Me Wallis,58,188346,False,0.397,0.357,7,-14.694,0,0.0313,0.889,0.907,0.147,0.16,86.043,4,ambient,885083,2020-01-03 18:42,EU
0UOMGdqvwCRGoEhXEJp78U,Ludovico Einaudi,Underwater,Luminous,62,283280,False,0.307,0.00229,1,-34.977,1,0.0519,0.992,0.931,0.098,0.281,67.775,5,ambient,234265,2020-01-03 18:43,APAC
7elLKWtTEMCbOmYZ37ci9r,Ludovico Einaudi,Underwater,Temple White,65,264844,False,0.303,0.00958,8,-28.556,1,0.054,0.991,0.953,0.109,0.212,72.204,5,ambient,565070,2020-01-03 18:44,APAC
5cWSpmTfItDuppACMrE3I9,Message To Bears,Maps,You Are a Memory,58,221746,False,0.133,0.339,9,-10.315,1,0.0339,0.854,0.0422,0.101,0.0291,144.726,5,ambient,580048,2020-01-03 18:45,APAC
4LnHfZGEitmIVS17wndaUI,Bethel Music;Jonathan David Helser;Melissa Helser,Raise a Hallelujah (Studio Version),Raise a Hallelujah (Studio Version),61,244040,False,0.42,0.823,1,-4.889,1,0.0434,0.00985,0.0,0.103,0.517,163.997,4,ambient,237155,2020-01-03 18:46,EU
5DCNX1F47bDPke1LxKrEnS,Peter Gregson;Daniel Pioro;Grace Davidson;Clara Sanabras;Hannah Cooke,Weihnachten Klassik 2022,Taladh Chriosta,0,201651,False,0.0877,0.0452,4,-22.712,0,0.0431,0.988,0.936,0.109,0.0353,85.425,4,ambient,706161,2020-01-03 18:47,EU
0tVfMLnBs02zD6RhUmXnVs,Roger Eno;Brian Eno,Klassische Weihnachtsmusik,Snow,0,280093,False,0.407,0.00256,5,-31.357,0,0.0449,0.989,0.94,0.119,0.134,73.214,4,ambient,206337,2020-01-03 18:48,EU
5m7f9709ZRMiiSY2WwNZtM,Peter Gregson;Daniel Pioro;Grace Davidson;Clara Sanabras;Hannah Cooke,Classical Christmas 2022,Taladh Chriosta,0,201651,False,,0.0452,4,-22.712,0,0.0431,0.988,0.936,0.109,0.0353,85.425,4,ambient,510622,2020-01-03 18:49,APAC
3xJQqWPE08epHIhQkXga6r,Peter Gregson;Daniel Pioro;Grace Davidson;Clara Sanabras;Hannah Cooke,Klassische Weihnachtsmusik,Taladh Chriosta,0,201651,False,0.0877,0.0452,4,-22.712,0,0.0431,0.988,0.936,0.109,0.0353,85.425,4,ambient,397223,2020-01-03 18:50,APAC
3O2hyG9su893phbDNmn5yu,Peter Gregson;Daniel Pioro;Grace Davidson;Clara Sanabras;Hannah Cooke,Classical Christmas,Taladh Chriosta,0,201651,False,0.0877,0.0452,4,-22.712,0,0.0431,0.988,0.936,0.109,0.0353,85.425,4,ambient,239486,2020-01-03 18:51,US
3nUHbzarc3T956rAvVaN7w,Michael Nyman;Ahn Trio,Stress Free Music,The Heart Asks Pleasure First,0,187426,False,0.216,0.172,9,-21.399,0,0.0456,0.989,0.819,0.0949,0.0997,168.501,3,ambient,840087,2020-01-03 18:52,EU
6vmXrxQgCYzGXwRSoJf4I1,Michael Nyman;Johannes Bornlöf,Refreshing Piano,The Heart Asks Pleasure First,0,196950,False,0.303,0.178,9,-22.166,0,0.0432,0.935,0.779,0.111,0.379,176.897,3,ambient,319706,2020-01-03 18:53,US
1MPafzHDGPTx5T08I5cnr4,Michael Nyman;Michael Nyman Band,Classical Running,MGV (Musique à Grande Vitesse) 1993 (for the inauguration of the TGV North European line): 1st Region,0,295826,False,0.571,0.293,4,-18.832,0,0.0336,0.882,0.815,0.605,0.327,119.515,4,ambient,329715,2020-01-03 18:54,MENA
1NRzzTvsKWa1ABiSIMNz5H,Michael Nyman;Michael Nyman Band,Classical Running,MGV (Musique à Grande Vitesse) 1993 (for the inauguration of the TGV North European line): 5th Region,0,322133,False,0.236,0.499,4,-12.763,0,0.0396,0.576,0.745,0.0991,0.0757,98.581,4,ambient,868952,2020-01-03 18:55,EU
4RU7CtakVjy4uBgHNJ1Bhn,aswekeepsearching,Zia,Kalga,27,431874,False,0.469,0.373,1,-9.189,1,0.0311,0.803,0.168,0.133,0.0474,125.017,3,ambient,889629,2020-01-03 18:56,APAC
5oxWFclzZaZZWlo0BZWz6j,Cigarettes After Sex,Heavenly,Heavenly,49,288594,False,0.538,0.431,8,-9.299,1,0.0249,0.628,0.68,0.11,0.124,105.146,4,ambient,131023,2020-01-03 18:57,LATAM
7kzz52nsw2wy0LPQ84ynHE,Kyson,Every High,Every High,56,213204,False,0.702,0.372,11,-12.298,1,0.0478,0.629,0.0114,0.0972,0.189,114.077,4,ambient,350088,2020-01-03 18:58,EU
6oVhL0lLUMswqSV3VcKwJO,Ólafur Arnalds;Arnór Dan,Broadchurch (Music From The Original TV Series),So Far,54,272014,False,0.462,0.339,6,-14.301,0,0.0418,0.813,0.808,0.108,0.0395,115.015,4,ambient,737975,2020-01-03 18:59,MENA
77O65l5ZlOZRpW8TK08wGy,aswekeepsearching,Rooh,Aas Paas,28,359899,False,0.337,0.48,1,-7.295,1,0.0324,0.406,0.0397,0.111,0.105,120.093,4,ambient,800324,2020-01-03 19:00,LATAM
3NLm801woJocONz1NmPJZR,Bibio,Curls,Curls,58,197933,False,0.497,0.348,9,-10.593,1,0.0285,0.879,0.796,0.722,0.227,82.176,4,ambient,999450,2020-01-03 19:01,APAC
3lB90ecwKTc3SHHUadsv2E,aswekeepsearching;Shankuraj Konwar,Ovotaar,Ovotaar,26,333125,False,0.449,0.774,6,-6.135,0,0.0384,0.592,0.00687,0.104,0.156,95.964,4,ambient,599191,2020-01-03 19:02,EU
4WiqPbWvLbv317E8fB4SJC,Hildur Guðnadóttir,Joker (Original Motion Picture Soundtrack),Bathroom Dance,53,128280,False,0.167,0.0721,8,-19.221,0,0.0339,0.856,0.265,0.0758,0.0388,86.116,1,ambient,106734,2020-01-03 19:03,US
4LurYqydfPdLc9IN7eQxTF,Tony Anderson,Nuit,Éphémère,54,103090,False,0.278,0.0217,9,-37.438,0,0.0327,0.98,0.919,0.0926,0.223,104.541,1,ambient,886267,2020-01-03 19:04,APAC
2IXJyG1DX93g2EhFXghz37,Gustavo Santaolalla;Alan Umstead,The Last of Us,The Choice,56,102373,False,0.303,0.00338,4,-30.932,0,0.0493,0.909,0.89,0.116,0.347,50.96,4,ambient,244940,2020-01-03 19:05,APAC
1TVd8FHpeg1Afa92kaO0kR,Bibio,A Mineral Love,Petals,58,152333,False,0.359,0.286,9,-10.172,0,0.0338,0.908,0.0036,0.109,0.229,152.205,4,ambient,208716,2020-01-03 19:06,EU
0ZWQmP2oi3rHYvJZngIJLU,Cigarettes After Sex,Sweet,Sweet,51,252576,False,0.488,0.507,6,-9.329,1,0.0283,0.352,0.754,0.221,,96.225,4,ambient,706729,2020-01-03 19:07,APAC
233sHWbC7v5XM9dYZnaUHx,Novo Amor,Birthplace,Seneca,52,267746,False,0.182,0.341,0,-9.966,0,0.0337,0.972,0.608,0.1,0.113,78.895,4,ambient,643434,2020-01-03 19:08,MENA
1A8qD0Ygjzsby5OmXh1PTa,Max Richter,Sleep,Dream 1 (before the wind blows it all away) - Pt. 8,62,118668,False,0.166,0.00225,6,-37.609,1,0.0507,0.988,0.946,0.108,0.0541,69.327,4,ambient,153991,2020-01-03 19:09,APAC
09cgbbadzZSKFd1hGN23p5,Bicep;Clara La San,Water,Water,66,256898,False,0.528,0.822,4,-5.371,0,0.0287,0.0087,0.192,0.183,0.363,130.013,4,ambient,252354,2020-01-03 19:10,US
62Da3JOu9H9EIgmqV7DoLG,Clint Mansell;Kronos Quartet,Requiem for a Dream / OST,Lux Aeterna,53,234400,False,0.38,0.246,7,-13.955,0,0.0329,0.872,0.905,0.084,0.0573,133.805,4,ambient,630810,2020-01-03 19:11,MENA
5KNZME6ZAXNA4Ce6iOedU5,Jóhann Jóhannsson,The Theory of Everything (Original Motion Picture Soundtrack),Camping,60,78874,False,0.367,0.107,9,-20.273,0,0.0471,0.862,0.926,0.107,0.146,129.368,3,ambient,329814,2020-01-03 19:12,APAC
4GEzdXpbeGB97W1C3gH8Hh,aswekeepsearching,Khwaab,The Moment,29,110000,False,0.277,0.243,8,-18.456,0,0.0348,0.966,0.889,0.105,0.0379,150.074,3,ambient,715599,2020-01-03 19:13,EU
7gNMA44kr4X9g3KVdlzE0R,Mree,In the Kitchen,In the Kitchen,53,211240,False,0.567,0.344,0,-13.8,0,0.0326,0.91,0.121,0.107,,117.563,3,ambient,470586,2020-01-03 19:14,EU
3cIG78oBauowzEbkBwWADN,This Will Destroy You,S/T,They Move on Tracks of Never-Ending Light,52,416333,False,,0.188,6,-19.37,1,0.0377,0.546,0.836,0.0952,0.0748,119.999,4,ambient,629331,2020-01-03 19:15,MENA
7eBqNSGi5jOBQZDiecXJas,Tom Day,2012,Who We Want to Be,46,395294,False,0.456,0.672,7,-10.431,0,0.0317,0.0728,0.451,0.0724,,102.005,4,ambient,527460,2020-01-03 19:16,US
2UOpRmjNLkg9LmRydkIckC,Simon Wester,Goodness,Goodness,48,180594,False,0.257,0.0551,4,-25.138,1,0.0317,0.92,0.917,0.0804,0.0445,96.864,4,ambient,428665,2020-01-03 19:17,EU
0sw4u9EcSC2E6rtCCdglHZ,Erik Nieder,Faithful,Faithful,61,284422,False,0.451,0.724,11,-5.758,1,0.0409,0.0309,0.0,0.0844,0.284,139.972,4,ambient,408165,2020-01-03 19:18,LATAM
6Rzit6BsuduWO2hUshV1Co,Tony Anderson,Butterflies (Snowfall Remixes),Butterflies - Piano Sonata,53,240000,False,0.313,0.0288,4,-28.271,0,0.0395,0.992,0.911,0.0779,0.0764,126.866,4,ambient,727553,2020-01-03 19:19,LATAM
6HIRhDZd8E7MMkfZDLpV48,Olivia Belli,Somnio Novo,Prélude,61,171608,False,,0.0214,0,-33.248,0,0.0473,0.963,0.877,0.107,0.064,151.531,3,ambient,562946,2020-01-03 19:20,LATAM
0WfOuXw05LJq4ik1lVvTzi,Bicep,Isles,Apricots,63,246506,False,0.819,0.599,11,-6.778,1,0.039,0.347,0.824,0.083,0.489,127.986,4,ambient,634864,2020-01-03 19:21,APAC
2oC9Ah7npALCCPW5DC1gob,Project AER;cxlt.,Growth Patterns,A Better Place,54,119999,False,0.496,0.255,9,-17.984,1,0.0283,0.937,0.845,0.0909,0.0809,141.961,4,ambient,619577,2020-01-03 19:22,MENA
63Ewmqu1gZ7ZaQ5Q4mnuXz,Bethel Music;Jonathan David Helser;Melissa Helser,Peace,No Longer Slaves,51,371506,False,0.491,0.197,7,-11.346,1,0.0303,0.93,2.77e-05,0.101,0.167,127.904,4,ambient,286873,2020-01-03 19:23,APAC
7JVjcxfs9CG6Ozlmibdrkl,Stephan Moccio,Whitby,Whitby,49,195240,False,0.215,0.0223,7,-28.528,0,0.0432,0.991,0.922,0.105,0.253,166.528,3,ambient,921905,2020-01-03 19:24,EU
6CW9qtzZpHZ3o39BYlpU0x,Bethel Music;Bethany Wohrle,Living Hope,Living Hope,54,406346,False,0.414,0.712,9,-6.815,1,0.0379,0.0486,0.0,0.529,0.185,143.957,4,ambient,606821,2020-01-03 19:25,EU
5EDLYLzDy7O7WQdBYM5udQ,Fabrizio Paterlini,Winter Stories,Snow,57,158036,False,0.276,0.259,2,-17.332,0,0.034,0.987,0.866,0.102,0.416,180.901,3,ambient,746257,2020-01-03 19:26,EU
4ho6jJU2nbX0NbiF33i4tX,Jon Hopkins;Kelly Lee Owens;Sultan + Shepard;Jerro,To Feel Again / Trois,To Feel Again / Trois,58,293489,False,0.496,0.873,4,-7.547,1,0.0362,0.00335,0.896,0.099,0.0458,130.0,4,ambient,893715,2020-01-03 19:27,US
4NpX4g7sdnZtgteu1m2m3S,Jóhann Jóhannsson,The Theory of Everything (Original Motion Picture Soundtrack),Forces of Attraction,60,123157,False,0.511,0.126,7,-20.852,1,0.0374,0.895,0.869,0.102,0.403,103.997,4,ambient,932235,2020-01-03 19:28,US
6bpmBNPfQ2KFAW0ik6F9Vq,Yann Tiersen,Le Fabuleux destin d'Amélie Poulain (Bande originale du film),La Valse d'Amélie - Version piano,64,158666,False,0.194,0.179,9,-16.834,0,0.0422,0.988,0.866,0.0819,0.179,177.694,3,ambient,700149,2020-01-03 19:29,MENA
2YRx8jviX9HnvxD0uDIOma,Bethel Music;Dante Bowe,Revival's In The Air (Live),Champion - Live,60,526890,False,0.314,0.634,10,-7.168,1,0.0344,0.0207,7.52e-05,0.687,0.172,143.992,3,ambient,808403,2020-01-03 19:30,US
1M8OAc4NnD5GFMUiqjebaS,Flower Face,Baby Teeth,Baby Teeth,53,281843,False,0.214,0.367,6,-10.858,0,0.0321,0.844,0.0181,0.188,0.175,79.854,4,ambient,524611,2020-01-03 19:31,EU
5VuwAhMCz9EMg3RHL1KUEr,Ryuichi Sakamoto;Jaques Morelenbaum;Everton Nelson,1996,Merry Christmas Mr. Lawrence,58,286466,False,0.493,0.175,10,-18.049,0,0.036,0.949,0.777,0.112,0.278,106.903,4,ambient,764012,2020-01-03 19:32,MENA
6XTKYGyydndSUV3OHHDwZU,Luke Howard,A Bad Dream That Will Pass Away,A Bad Dream That Will Pass Away,64,176000,False,0.386,0.0552,10,-31.201,1,0.0395,0.992,0.942,0.0805,0.247,111.914,3,ambient,389425,2020-01-03 19:33,US
2MZSXhq4XDJWu6coGoXX1V,Aphex Twin,Drukqs,Avril 14th,64,125520,False,0.558,0.0259,8,-30.016,1,0.0458,0.996,0.871,0.0969,0.37,157.811,4,ambient,740603,2020-01-03 19:34,MENA
16HrDFed6T82sUdFy0S14W,Gavin Luke,Beneath the Waves,Beneath the Waves,51,190605,False,0.15,0.106,8,-24.453,1,0.0356,0.985,0.923,0.108,0.351,169.943,3,ambient,177297,2020-01-03 19:35,APAC
2W1EsT0BlEnFaPe44Q71N5,Bethel Music;Jonathan David Helser;Melissa Helser,No Longer Slaves (Radio Version),No Longer Slaves - Radio Version,56,249213,False,0.417,0.655,10,-5.798,1,0.0347,0.0459,0.0,0.11,0.321,147.972,4,ambient,922849,2020-01-03 19:36,MENA
0lWqNkcbYNZpik6AjywkNm,Bethel Music;kalley,Por Siempre (Live),Por Siempre (Live),37,320013,False,0.336,0.697,2,-5.03,1,0.0339,3.07e-05,0.0,0.0598,,138.122,4,ambient,320164,2020-01-03 19:37,MENA
5RqKo9P4DLA0bVyY70cWkr,Ólafur Arnalds,re:member,saman,65,131923,False,,0.0238,0,-32.244,0,0.0369,0.994,0.847,0.103,0.426,108.74,4,ambient,690906,2020-01-03 19:38,EU
1vgSaC0BPlL6LEm4Xsx59J,Brian Eno,Apollo,An Ending (Ascent) - Remastered 2005,59,266200,False,,0.0906,8,-25.381,1,0.07,0.932,0.985,0.0786,0.0451,67.46,3,ambient,110068,2020-01-03 19:39,APAC
1kKbVnjBHvRSMJUsNOQp2h,Ludovico Einaudi,Underwater,Natural Light,62,335542,False,,0.00352,1,-39.627,1,0.0515,0.992,0.951,0.139,0.192,68.61,4,ambient,240143,2020-01-03 19:40,LATAM
2GEqnEG1oGDEvf6nZGHjIx,"Max Richter;""Khatia Buniatishvili","The Departure (Main title theme from """"""""The Leftovers"""""""" - Music from the HBO series)""""","The Departure (Main title theme from """"""""The Leftovers"""""""" - Music from the HBO series)""""",0,82509,False,0.18,0.00656,0,-35.4,0,0.0369,0.995,0.956,0.107,0.0399,58.008,4,ambient,987962,2020-01-03 19:41,APAC
264yEsvuPUzGcBO0nSCSkl,Ludovico Einaudi,Underwater,Rolling Like A Ball,61,257216,False,0.208,0.012,8,-29.933,1,0.0422,0.987,0.919,0.1,0.0391,175.159,3,ambient,850027,2020-01-03 19:42,APAC
0VLascXUZ2Ze2u5kUD5J1f,Ludovico Einaudi,Islands - Essential Einaudi,I Giorni,59,411080,False,,0.0314,2,-30.21,1,0.0545,0.992,0.943,0.0712,0.0495,131.571,3,ambient,300233,2020-01-03 19:43,LATAM
3Mlhgm39yBpuCwyZB8d8Md,Cigarettes After Sex,K.,K.,48,319560,False,0.253,0.405,3,-10.257,1,0.035,0.146,0.824,0.142,0.303,188.31,4,ambient,217761,2020-01-03 19:44,US
3zNVQ2hDCiJ5QqUiS7vVxB,Gustavo Santaolalla;Otnicka,DUALQ,DUALQ,36,235142,False,0.493,0.656,4,-12.747,0,0.0426,0.195,0.842,0.113,0.0995,169.942,4,ambient,833387,2020-01-03 19:45,MENA
0NsG1b9koK74vTJ2VJUJQU,Gustavo Santaolalla,The Last of Us Part II (Original Soundtrack),The Last of Us Part II,53,172560,False,0.451,0.0457,2,-18.026,0,0.0423,0.904,0.783,0.102,0.128,128.598,3,ambient,991150,2020-01-03 19:46,APAC
3VbWnPbVYxJ4rmwFGJw0D2,Cigarettes After Sex,Falling In Love,Falling In Love,47,245840,False,0.472,0.27,7,-11.649,1,0.027,0.729,0.0158,0.125,0.373,140.673,4,ambient,251780,2020-01-03 19:47,MENA
5ch3TYJW5msszyS6b4y2ZE,LUCHS;Patrik Berg Almkvisth,Her Eyes the Stars,Her Eyes the Stars,59,130000,False,0.442,0.134,1,-19.543,0,0.0425,0.991,0.946,0.103,0.288,147.943,3,ambient,697548,2020-01-03 19:48,US
5O3UGMP9XJLbshKKZHsrGN,GÅEL,Mid Air,Mid Air,61,147936,False,0.524,0.0338,0,-28.584,1,0.058,0.995,0.921,0.0907,0.25,111.895,4,ambient,355240,2020-01-03 19:49,MENA
1ijwLR1iybtxaUbasUj7kJ,Ólafur Arnalds,Saudade (When We Are Born),Saudade (When We Are Born),60,150000,False,0.289,0.0253,2,-31.435,1,0.0376,0.994,0.919,0.0837,0.138,99.801,4,ambient,769947,2020-01-03 19:50,US
7owBQhdgyOyj71Z9awtgoZ,Pulse Mandala;Suseti,Moments of Wonder,Moments of Wonder,27,297000,False,0.169,0.221,6,-21.642,0,0.0349,0.846,0.894,0.101,0.061,68.937,4,ambient,476449,2020-01-03 19:51,LATAM
26g48sI8nJSWGtLecKZrej,James Heather,Invisible Forces,Ultraviolet,60,93657,False,0.248,0.0621,5,-31.174,1,0.0362,0.988,0.873,0.144,0.0398,68.537,5,ambient,212818,2020-01-03 19:52,MENA
0vzSIBAqnN1HzvWrPbh6VF,Joep Beving,Ala,Ala,59,120741,False,0.384,0.125,10,-22.4,1,0.0315,0.987,0.929,0.112,0.369,80.185,1,ambient,391964,2020-01-03 19:53,US
6WdO6Ds95sLALCqCOfbDQh,Hugar,Varða,Atlavík,53,155733,False,,0.147,2,-25.141,1,0.0382,0.867,0.797,0.0825,0.238,126.823,4,ambient,584760,2020-01-03 19:54,US
2dHnIe0JsqshUnyzcMMOhW,Jóhann Jóhannsson,The Theory of Everything (Original Motion Picture Soundtrack),Domestic Pressures,58,157221,False,0.201,0.133,9,-19.194,0,0.0387,0.927,0.961,0.116,0.0775,155.788,3,ambient,818514,2020-01-03 19:55,MENA
3VtTuQ6lypMoOBcm6VMzdh,Bicep;Four Tet,Opal (Four Tet Remix),Opal - Four Tet Remix,58,494256,False,0.826,0.72,9,-9.582,0,0.119,0.103,0.773,0.11,0.287,127.011,4,ambient,118924,2020-01-03 19:56,MENA
2DCB7vBKleDUerpJErGyr2,Alexis Ffrench,Dreamland,Wishing,59,128915,False,0.509,0.126,3,-22.956,1,0.0359,0.995,0.942,0.121,0.34,72.702,3,ambient,961923,2020-01-03 19:57,US
2EDYchd8hhwAOWKGQxJoro,Sleeping At Last,Chasing Cars,Chasing Cars,54,240426,False,0.478,0.181,11,-8.731,1,0.0327,0.975,3.37e-06,0.0795,0.279,108.346,4,ambient,684640,2020-01-03 19:58,US
2RaUxxkie3gGE385mTEODv,Marika Hackman,We Slept at Last,Claude's Girl,55,158422,False,0.444,0.0629,7,-20.499,0,0.035,0.962,0.0069,0.097,0.225,141.325,3,ambient,887764,2020-01-03 19:59,US
0owIthsU5nNNPLK6MjdVOe,Dario Marianelli,Everest (Original Motion Picture Soundtrack),Someone Loves Us,55,116760,False,0.176,0.00998,4,-27.101,1,0.0456,0.973,0.854,0.0842,0.0385,83.902,4,ambient,937047,2020-01-03 20:00,EU
6EOpjNGn34eXLJASVcUksY,De Moi,Wu Wei,Wu Wei,61,169382,False,0.218,,0,-31.517,1,0.0425,0.951,0.565,0.228,,68.836,3,ambient,238219,2020-01-03 20:01,LATAM
06UlQEupfklesVD0OB2N87,Chad Lawson,the color of the sky (solo piano),the color of the sky - solo piano,51,223880,False,0.171,0.0172,9,-32.538,0,0.0458,0.989,0.902,0.0876,0.0686,67.6,3,ambient,184357,2020-01-03 20:02,US
0OF6WSdeVmYEGBZlxvwvLq,The American Dollar,Ambient One,Anything You Synthesize - Ambient,53,248125,False,0.496,0.0936,1,-22.248,0,0.0359,0.43,0.94,0.0997,0.0308,120.116,4,ambient,799019,2020-01-03 20:03,MENA
5YvY66JItF2jFFKeB27pmO,Stephan Moccio,pt. 1 Owl Light,pt. 1 Owl Light,61,189906,False,0.442,0.0992,0,-22.153,1,0.0346,0.983,0.852,0.0975,,113.645,3,ambient,269094,2020-01-03 20:04,EU
4m8QRApdIvxMERrlgigXj4,Sleeping At Last,All Through the Night,All Through the Night,52,197804,False,0.309,0.204,3,-10.867,1,0.0397,0.949,0.0,0.127,0.289,185.309,4,ambient,233152,2020-01-03 20:05,APAC
052z2UsE2wPrHsBJ9tly0g,Air;Gordon Tracks,The Virgin Suicides (Original Motion Picture Score),Playground Love,63,211500,False,0.33,0.423,7,-10.504,0,0.0279,0.265,0.731,0.347,,143.086,4,ambient,521664,2020-01-03 20:06,LATAM
0Wv9Ckm088qsVkMKPH170C,Lucy Rose,Like I Used To,Shiver,54,233013,False,0.463,0.192,9,-13.229,1,0.0338,0.706,8.46e-05,0.105,0.135,122.631,3,ambient,922042,2020-01-03 20:07,APAC
11n8LudggXuZXmldSlAadR,Hammock,Raising Your Voice... Trying to Stop an Echo (Deluxe Edition),I Can Almost See You,52,255335,False,0.0748,0.523,4,-8.069,1,0.0354,0.782,0.866,0.0886,0.0383,74.195,3,ambient,816044,2020-01-03 20:08,EU
06IHJXjHrz1THZG2dPE1jq,Abel Korzeniowski,Penny Dreadful: Seasons 2 & 3 (Music From The Showtime Original Series),Ethan's Waltz,55,85960,False,0.448,0.147,11,-16.405,0,0.0279,0.92,0.912,0.0766,0.289,144.738,3,ambient,566090,2020-01-03 20:09,LATAM
6c7uYlmHJtZPnenPjqG7Ir,Joep Beving,Solipsism,Sleeping Lotus,61,152000,False,0.312,0.0268,7,-26.537,0,0.0369,0.994,0.885,0.107,0.188,68.524,4,ambient,276806,2020-01-03 20:10,APAC
3ZzhV6JIDKWvWR7wiKWD0C,Air,Moon Safari,La femme d'argent,61,426614,False,0.517,0.737,6,-8.189,0,0.0352,0.434,0.684,0.392,0.558,79.82,4,ambient,402742,2020-01-03 20:11,US
6INLpBxo9F5QMer04VXEnd,Air,Moon Safari,Sexy Boy,59,298466,False,0.437,0.652,0,-6.152,1,0.0288,0.0011,0.614,0.111,0.211,111.888,4,ambient,719643,2020-01-03 20:12,MENA
2XiqsYPmKLqjOigE3HmfXb,Sleeping At Last,Atlas: I,I'll Keep You Safe,47,271199,False,0.333,0.436,7,-9.735,1,0.029,0.876,0.0179,0.0808,0.149,140.011,3,ambient,241322,2020-01-03 20:13,LATAM
1f8dYuRdhutbl60c2SKxxZ,Flower Face,Baby Teeth,Another Life,40,289117,False,0.456,0.285,5,-12.309,1,0.0303,0.851,0.152,0.122,0.0501,114.953,4,ambient,571964,2020-01-03 20:14,US
67u3IsSI1tmEsF7jZWPQWc,Fabrizio Paterlini,Transitions III,When Orange is the Sky,58,99049,False,0.309,0.0278,2,-38.497,0,0.043,0.988,0.952,0.081,0.24,127.773,4,ambient,110628,2020-01-03 20:15,EU
1RIUlX6LV4qx1KOZjlEn4Z,Hildur Guðnadóttir,Halloween Musica Horror 2022,Dealing With Destruction - From “Chernobyl” TV Series Soundtrack,0,114647,False,0.147,0.044,0,-22.446,1,0.0443,0.36,0.945,0.0875,0.0284,102.153,3,ambient,392576,2020-01-03 20:16,EU
50ps6VvZgbojh6E8666dY0,Hildur Guðnadóttir,Halloween Musica Horror 2022,Evacuation - From “Chernobyl” TV Series Soundtrack,0,283991,False,0.0688,0.237,3,-18.403,0,0.0408,0.64,0.977,0.099,0.0363,76.487,4,ambient,323152,2020-01-03 20:17,LATAM
2FeYeAGexV851DsHdFsAmo,"Ludovico Einaudi;""Greta Svabo Bech",In A Time Lapse (Deluxe Edition),"Circles (based on Ludovico Einaudi """"""""Experience"""""""")""""",57,237500,False,0.55,0.187,6,-11.991,0,0.0261,0.938,0.00954,0.09,0.197,92.465,3,ambient,712976,2020-01-03 20:18,LATAM
2soQW3y7DwZIPH4fS5av1W,Bethel Music;We The Kingdom,Peace,Dancing on the Waves,55,376093,False,0.318,0.209,2,-10.664,1,0.0295,0.934,0.0,0.0946,0.365,90.336,3,ambient,922617,2020-01-03 20:19,MENA
6r0WuK50Lpu9u460x84oBn,Bethel Music;Brian Johnson;Jenn Johnson,Revival's In The Air (Live),God of Revival - Live,58,515387,False,0.36,0.608,1,-7.811,1,0.0309,0.065,0.0,0.43,0.21,144.004,4,ambient,231832,2020-01-03 20:20,APAC
2Jr8bmTiSIKWvn3OpTyN9s,Gavin Luke,Summer Memories,Summer Memories,57,167921,False,0.269,0.0155,8,-26.36,1,0.032,0.974,0.925,0.11,0.24,65.363,4,ambient,817535,2020-01-03 20:21,EU
4QrP9gVlY2cXvdR5RG8nhV,Flower Face,Baby Teeth,April to Death,53,232617,True,0.59,0.382,1,-11.039,1,0.0296,0.817,4.37e-05,0.116,0.287,98.029,4,ambient,690329,2020-01-03 20:22,LATAM
5HMfAYWB1jLrEY4j27YnVm,Hildur Guðnadóttir,Halloween Musica Horror 2022,Turbine Hall - From “Chernobyl” TV Series Soundtrack,0,156665,False,0.176,0.138,0,-25.668,0,0.0446,0.82,0.871,0.231,0.0279,101.916,4,ambient,972813,2020-01-03 20:23,LATAM
3sSESwCLq4g7WiXk6LJKbI,Stephan Moccio,Wrecking ball (Solo Piano Version),Wrecking Ball - Solo Piano Version,60,204560,False,0.515,0.0695,5,-22.837,1,0.0342,0.992,0.934,0.0943,0.109,112.81,4,ambient,920358,2020-01-03 20:24,EU
0nYm42RuPWFaHWUXUdwHYm,Ólafur Arnalds,Erased Tapes Collection V,Happiness Does Not Wait,58,251626,False,,0.128,5,-16.614,0,0.0401,0.989,0.85,0.11,,122.974,3,ambient,190685,2020-01-03 20:25,APAC
7o2AeQZzfCERsRmOM86EcB,Aphex Twin,Selected Ambient Works 85-92,Xtal,60,293751,False,0.51,,9,-13.053,0,0.0344,0.342,0.96,0.117,0.318,114.532,4,ambient,768900,2020-01-03 20:26,LATAM
1fb7jUF6fUYytD3h7eW11m,Ludovico Einaudi,Underwater,Flora,59,341038,False,0.146,0.0661,9,-27.101,0,0.0476,0.989,0.928,0.103,0.0623,76.633,4,ambient,632960,2020-01-03 20:27,EU
13b87C9TNBFKJAi9YB4Rr8,Brian Eno,Before And After Science,By This River - 2004 Digital Remaster,55,183493,False,0.466,0.0155,7,-25.169,0,0.034,0.956,0.0461,0.126,0.0938,134.678,4,ambient,201774,2020-01-03 20:28,LATAM
1FsMRxF4hMD7sCTNCE9Wil,Hildur Guðnadóttir,Halloween Musica Horror 2022,Waiting for the Engineer - From “Chernobyl” TV Series Soundtrack,0,91666,False,0.206,0.272,5,-19.152,0,0.0636,0.944,0.968,0.0801,0.0266,141.733,4,ambient,331435,2020-01-03 20:29,APAC
1dWxSS2a93X4XVfs1mSYkB,Alexis Ffrench,Evolution,Bluebird,59,204629,False,0.448,0.111,10,-20.606,1,0.0353,0.991,0.898,0.0974,0.0755,74.76,3,ambient,934249,2020-01-03 20:30,US
3Oi0avSYPw3ZAkemFGwr6U,Little Symphony,Sombrio,Torne,33,88010,False,,0.0383,9,-24.141,0,0.0485,0.879,0.986,0.113,0.0965,80.189,3,ambient,588646,2020-01-03 20:31,US
4qC78OGZyxvgX8tJELu6jU,Mary Lattimore,Fictions (Made To Measure Vol. 47),Bird,3,374290,False,0.614,0.188,6,-13.477,1,0.0401,0.967,0.926,0.119,0.18,111.486,3,ambient,404615,2020-01-03 20:32,EU
4QrLwgJt0OGkUFBbQKk0fL,Ryuichi Sakamoto;alva noto,The Revenant (Original Motion Picture Soundtrack),The Revenant Main Theme,52,161465,False,0.159,0.123,4,-26.301,0,0.0652,0.864,0.762,0.104,0.0498,131.552,1,ambient,388409,2020-01-03 20:33,US
3COXRJvjezdFZEdf289V4W,aswekeepsearching,Zia,Uns,24,281062,False,0.37,0.624,5,-6.854,1,0.0276,0.417,0.0138,0.12,0.167,150.053,4,ambient,854078,2020-01-03 20:34,MENA
2G0HnuRXjzOZVX07JIi3eU,Cigarettes After Sex,Each Time You Fall in Love,Each Time You Fall in Love,45,290160,False,0.382,0.533,10,-8.829,1,0.0277,0.471,0.688,0.14,,76.019,4,ambient,355118,2020-01-03 20:35,APAC
19vWDttuR4ZVBzUfQFsfPS,Christian Löffler,Pastoral,Pastoral,51,220630,False,0.163,0.191,10,-20.924,1,0.0365,0.937,0.959,0.0961,0.0335,105.104,3,ambient,242999,2020-01-03 20:36,EU
3jQe4AVg43Oh6byqoVUgjQ,Poemme,Day Arc,Last Dream Before Sunrise,41,317047,False,0.118,0.296,11,-23.831,1,0.0737,0.946,0.972,0.111,0.184,61.882,4,ambient,616460,2020-01-03 20:37,LATAM
5SDHPiJN0Z7qlUNvXJhPFo,Novo Amor,I Make Sparks,I Make Sparks,51,218573,False,0.591,0.37,0,-12.9,1,0.0343,0.895,0.737,0.103,0.352,143.94,4,ambient,993258,2020-01-03 20:38,EU
1ey4hhMVl1Tv9MK1y44tS0,Tony Anderson,Ariana,Ariana,47,557634,False,,0.185,6,-24.03,1,0.0348,0.967,0.897,0.101,0.0341,92.992,4,ambient,264986,2020-01-03 20:39,LATAM
4SsDrt7HV1ECcJ2A7EHfLL,Gabríel Ólafs,Piano Works,Filma Solo,58,195154,False,0.213,0.0377,10,-33.06,1,0.0475,0.986,0.869,0.139,0.0973,165.763,4,ambient,329787,2020-01-03 20:40,EU
42DSWZ06VzGVzuoRwZEHHe,Ólafur Arnalds;Reykjavík Recording Orchestra,Loom (Sunrise Session II),Loom - Sunrise Session II,50,226000,False,0.222,0.11,0,-18.317,0,0.0377,0.979,0.902,0.128,0.0638,103.252,5,ambient,522219,2020-01-03 20:41,APAC
3Za4yViy4wKFEF0gkqCH3j,Gustavo Santaolalla;Diego Luna,The Book of Life (Original Motion Picture Soundtrack),I Love You Too Much,59,155320,False,0.403,0.255,0,-9.601,1,0.0428,0.854,9.5e-06,0.198,0.21,206.198,3,ambient,279832,2020-01-03 20:42,LATAM
19doORzyzOFARW6I0Fydc8,aspidistrafly,A Little Fable,Landscape With a Fairy,54,265253,False,0.303,0.291,5,-12.932,1,0.0318,0.934,0.824,0.363,0.197,111.327,3,ambient,685730,2020-01-03 20:43,APAC
2zM7Ato6xDOi8ten4qn7Cm,Ludovico Einaudi,Natural Light,Natural Light,62,335542,False,0.218,0.00352,1,-39.627,1,0.0515,0.992,0.951,0.139,,68.61,4,ambient,328259,2020-01-03 20:44,LATAM
25h6NHq2mLaiupkc0XDuBa,Akira Kosemura,Kioque,Kioque,58,130045,False,0.448,0.107,5,-23.153,1,0.0321,0.951,0.921,0.111,0.2,139.33,4,ambient,215363,2020-01-03 20:45,US
5PSaVasleQvJZ2mDN83Ixr,James Heather,Stories From Far Away On Piano,Biomes,59,162946,False,0.246,0.111,3,-24.418,1,0.0443,0.913,0.871,0.11,0.137,126.738,4,ambient,335141,2020-01-03 20:46,US
1bsSaYmy0vOUH8tux2hAYV,From Overseas,Looking at the World Through a Window,Looking at the World Through a Window,51,385000,False,0.142,0.112,4,-20.806,1,0.0407,0.906,0.967,0.0751,0.05,101.366,4,ambient,937533,2020-01-03 20:47,US
720kcKRMGl2rJh6jsfu8Z5,Novo Amor,Birthplace,Sleepless,50,202960,False,0.467,0.532,7,-7.519,1,0.0339,0.897,0.144,0.101,0.121,72.49,4,ambient,941404,2020-01-03 20:48,LATAM
7kpQEBD4c4uHzGBAI5fqY6,Peter Sandberg,Balm,Ending,45,135041,False,0.567,0.207,6,-22.354,0,0.037,0.963,0.925,0.105,0.151,143.999,3,ambient,555151,2020-01-03 20:49,LATAM
1nJV1JGWf61WRJy851LO34,Grouper,The Man Who Died in His Boat,Living Room,54,142120,False,0.425,0.0757,6,-21.707,1,0.0375,0.89,0.901,0.111,0.156,124.374,4,ambient,460411,2020-01-03 20:50,APAC
4ecwrnFDSJLlLyZlEH7YGK,Helios,Moiety,Nothing It Can,48,287520,False,0.181,0.245,1,-12.333,1,0.0389,0.779,0.899,0.0681,0.0366,109.007,4,ambient,837574,2020-01-03 20:51,EU
2tSjhsJNIMBjNpnapXnd7y,Novo Amor,Birthplace,Birthplace,49,190573,False,0.744,0.329,1,24.872,1,0.0312,0.954,0.591,0.0971,0.389,314.547,4,ambient,274837,2020-01-03 20:52,US
1GfdC8GouQqL0RKKzgIhXw,Matooma,Deep Space,Heavenly Harps,59,184714,False,0.207,0.0537,0,-26.829,1,0.043,0.993,0.953,0.0991,0.0325,68.227,4,ambient,688514,2020-01-03 20:53,MENA
4ixtbXS3sjmGyFKEGUSkGl,Tripswitch;Ajja,Oddular,Shamanic Tea - Ajja Remix,34,397297,False,0.527,0.941,6,-5.084,0,0.0367,0.000649,0.861,0.726,0.618,148.03,4,ambient,712045,2020-01-03 20:54,MENA
40UlFC0dIxv7lAEJaPZLnm,Air,Talkie Walkie,Alone in Kyoto,56,291000,False,0.525,0.366,0,-16.488,1,0.0718,0.958,0.751,0.137,0.0785,179.956,4,ambient,739000,2020-01-03 20:55,MENA
1nd0AX0VYGQb2pF442YqGj,"Dario Marianelli;""Jean-Yves Thibaudet",Pride and Prejudice - OST,"Liz On Top Of The World - From """"""""Pride & Prejudice"""""""" Soundtrack""""",56,82773,False,0.217,0.117,3,-21.398,1,0.0374,0.975,0.911,0.0573,0.0388,46.755,3,ambient,296150,2020-01-03 20:56,US
2xEVhZew6VihAm4buanz2P,Alexis Ffrench;Jobim Ffrench,Together At Last,Together At Last,60,191610,False,0.433,0.00824,10,-29.236,1,0.0516,0.995,0.886,0.0742,0.0807,62.597,4,ambient,744517,2020-01-03 20:57,EU
6irRoPN60ApxUZDmYz2Tsw,Peter Gregson;Richard Harwood;Reinoud Ford;Tim Lowe;Ben Chappell;Katherine Jenkinson,Bach: The Cello Suites - Recomposed by Peter Gregson,2.3 Courante,56,99610,False,0.499,0.353,5,-14.773,1,0.0352,0.961,0.856,0.154,0.199,99.936,3,ambient,650791,2020-01-03 20:58,EU
7vvqiqB4O7nPXWxiehIH9l,Erland Cooper,Holm Sound,Holm Sound,56,175909,False,0.305,0.0501,0,-28.268,1,0.0413,0.967,0.88,0.0877,0.166,180.996,3,ambient,887589,2020-01-03 20:59,EU
6a7vpKrVXdAyMItaQI9ZYS,Max Richter,The Blue Notebooks (15 Years),Vladimir's Blues,61,78546,False,0.375,0.165,9,-21.918,1,0.0676,0.995,0.901,0.105,0.0581,114.728,3,ambient,256952,2020-01-03 21:00,MENA
1onuiNSXonc5vOJU9igdFk,A Winged Victory for the Sullen;Adam Bryanbaum Wiltzie;Dustin O'Halloran,The Undivided Five,The Haunted Victorian Pencil,59,89968,False,0.287,0.0176,7,-26.308,0,0.047,0.988,0.908,0.104,0.17,79.592,3,ambient,652244,2020-01-03 21:01,MENA
0WXWiXfd4V6MCkBkrUV0NK,Akira Kosemura,Evening Light,Evening Light,53,141315,False,0.393,0.0399,8,-27.124,1,0.0469,0.982,0.892,0.109,0.147,123.787,3,ambient,846674,2020-01-03 21:02,MENA
38UKRmA5IAaf1Vkx8ReHV0,Flower Face,Pisces Moon (Alternate Version),Pisces Moon - Alternate Version,36,215217,False,0.425,0.445,1,-10.535,1,0.0283,0.181,0.0,0.0728,0.116,138.03,3,ambient,350395,2020-01-03 21:03,APAC
5AxeQ8XbDArsfoUG5gFF0Q,Flower Face,Pisces Moon (Alternate Version),Spiracle,21,179815,False,,0.612,11,-6.432,1,0.0357,0.804,3.11e-06,0.239,0.24,79.01,3,ambient,769399,2020-01-03 21:04,US
1ULzttQgU3Q9EaIpdoxF1T,Ludovico Einaudi,Le Onde,Le Onde,58,324015,False,0.242,0.154,2,-26.525,1,0.0564,0.975,0.897,0.0964,0.0489,123.077,3,ambient,189558,2020-01-03 21:05,LATAM
0R4HTYUjrBvDwxilINNwYZ,Alexis Ffrench,Truth - The Solo Piano Collection,Papillon - Solo Piano Version,56,176457,False,0.282,0.063,0,-26.185,1,0.0377,0.991,0.905,0.131,0.102,128.534,1,ambient,746288,2020-01-03 21:06,MENA
6dxs9Sv6Ic3oQ3tl6Hozi2,Ludovico Einaudi,Underwater,Almost June,58,173576,False,0.355,0.00708,10,-33.07,1,0.0504,0.985,0.961,0.0903,0.16,63.731,4,ambient,645624,2020-01-03 21:07,MENA
7yUukIX492jvLR85xYQkvc,Ludovico Einaudi;I Virtuosi Italiani,In A Time Lapse,Run,55,332360,False,0.336,0.173,11,-14.492,0,0.0477,0.99,0.927,0.076,,118.564,3,ambient,273296,2020-01-03 21:08,LATAM
3yuCAw61jqfyv2KzMoVdXA,Ludovico Einaudi,Divenire (Deluxe Edition),Fly,58,278933,False,0.174,0.178,1,-18.717,0,0.0362,0.994,0.861,0.0737,0.0347,167.972,3,ambient,159717,2020-01-03 21:09,MENA
2NGhKPZdZk2pPZinWphTzh,Max Richter;Mari Samuelsen;Konzerthausorchester Berlin;Jonathan Stockhammer,Voyager - Essential Max Richter,November,54,367240,False,0.45,0.442,0,-11.444,1,0.0478,0.524,0.176,0.101,0.138,120.176,4,ambient,770938,2020-01-03 21:10,US
61o9ek0A26KARnXBPssDv3,Ludovico Einaudi;Daniel Hope;I Virtuosi Italiani,In A Time Lapse,Life,53,262653,False,0.334,0.268,7,-14.772,1,0.0321,0.933,0.904,0.0846,0.0523,93.405,4,ambient,317163,2020-01-03 21:11,LATAM
07fynzlBq7ltsOYSx6cC3A,Ludovico Einaudi,In A Time Lapse,Time Lapse,55,331400,False,0.593,0.138,5,-25.831,0,0.0452,0.963,0.809,0.0903,0.172,125.039,4,ambient,547700,2020-01-03 21:12,MENA
21JL0gpeAYgbSUmzhgSPJz,Julien Baker;Phoebe Bridgers;Lucy Dacus,boygenius,Souvenir,60,212467,False,0.605,0.299,6,-11.192,0,0.0264,0.751,0.474,0.0943,0.181,109.008,4,ambient,154636,2020-01-03 21:13,US
6Xs9eaQXZaKfPkEyETxNl6,Ludovico Einaudi;Amsterdam Sinfonietta,Elements (Deluxe),Night,56,330573,False,0.21,0.179,3,-15.954,1,0.0341,0.962,0.934,0.103,0.06,106.705,4,ambient,967144,2020-01-03 21:14,APAC
74uoN2UfgdUAzwVeFaRUE2,Julien Baker;Phoebe Bridgers;Lucy Dacus,boygenius,Me & My Dog,61,206465,False,0.487,0.509,0,-9.051,1,0.0241,0.58,0.00878,0.115,0.2,94.017,4,ambient,593998,2020-01-03 21:15,LATAM
3uuXITRf0o9WApETIMyjhj,Ludovico Einaudi;Robert Ziegler;Royal Philharmonic Orchestra,Islands - Essential Einaudi,Divenire,55,402466,False,0.139,0.215,7,-15.301,1,0.0352,0.912,0.864,0.0775,,88.27,4,ambient,938421,2020-01-03 21:16,US
5sPQZv8GaaGrRFLa5dDzRK,Christian Löffler;Mohna,Mare,Haul (feat. Mohna),53,315369,False,0.634,0.207,11,-22.772,0,0.0354,0.434,0.881,0.105,0.174,117.981,4,ambient,244304,2020-01-03 21:17,US
1ptBH8MFuEgtEcjcU6t5t1,Cliff Martinez,Drive (Original Motion Picture Soundtrack),I Drive,48,123533,False,0.204,0.0522,0,-26.234,1,0.0404,0.968,0.937,0.0799,0.0345,78.274,1,ambient,285213,2020-01-03 21:18,APAC
5F0hIO08012qttN94QlO7k,aswekeepsearching,Rooh,Chasing Light,23,331124,False,0.483,0.578,6,-8.286,0,0.0344,0.0978,0.505,0.0895,0.135,124.581,4,ambient,649365,2020-01-03 21:19,LATAM
0Pg5pXLEh0BUcifZBr5qDG,Random Forest,Ascension,Rainy Nights,51,285000,False,0.439,0.379,7,-17.538,1,0.0304,0.451,0.76,0.122,0.199,160.011,4,ambient,644044,2020-01-03 21:20,US
2unMCmT3nl0VBRFI3J0xIv,Tony Anderson,Nuit,Éclosion,46,295200,False,0.515,0.177,9,-28.931,0,0.0537,0.964,0.954,0.0999,0.496,149.964,4,ambient,811777,2020-01-03 21:21,APAC
2S2ASICVK0L1LtjaysKsel,Hildur Guðnadóttir,Joker (Original Motion Picture Soundtrack),Defeated Clown,44,159266,False,0.202,0.238,7,-16.526,1,0.0338,0.727,0.938,0.126,0.0383,97.274,3,ambient,935250,2020-01-03 21:22,EU
2fgpYCWp31JJlplZ7MRANG,Odina,Why'd You Make Me Cry,Why'd You Make Me Cry,42,220000,False,0.355,0.297,2,-10.826,0,0.0314,0.936,0.545,0.129,0.0627,107.061,4,ambient,839691,2020-01-03 21:23,EU
1VWYKR91K0WYMxyBHNaYxt,Jóhann Jóhannsson,The Theory of Everything (Original Motion Picture Soundtrack),The Whirling Ways of Stars that Pass,54,112555,False,0.446,0.0523,4,-26.715,0,0.081,0.99,0.97,0.0878,,101.8,5,ambient,226197,2020-01-03 21:24,MENA
6Byh2m5om63yZL35VrP0CF,Olivia Belli,Valse,Valse,58,142024,False,0.23,0.0335,1,-29.436,1,0.039,0.98,0.94,0.1,0.149,136.201,3,ambient,378588,2020-01-03 21:25,APAC
4LBFqH24mw9D33j3KxDK7w,Michael Brook;Nusrat Fateh Ali Khan,Night Song (Real World Gold),Sweet Pain,27,388266,False,0.555,0.272,7,-15.373,0,0.0323,0.35,0.642,0.097,0.167,74.913,4,ambient,922439,2020-01-03 21:26,LATAM
7lAruwEkie4qgyt0LNvUtL,Michael Brook;Nusrat Fateh Ali Khan,Night Song (Real World Gold),Intoxicated,26,454506,False,0.616,0.482,2,-13.689,1,0.0657,0.723,0.537,0.0802,0.234,171.825,4,ambient,594058,2020-01-03 21:27,EU
3KDHazDZyngxhum4MakOQB,Tony Anderson,Ember,Ember,41,181908,False,0.16,0.18,7,-19.587,0,0.0337,0.874,0.833,0.109,0.0361,108.106,3,ambient,880311,2020-01-03 21:28,LATAM
2JWORFavKKenbRigLBM0Uj,Sophie Hutchings,Love Letter,Love Letter,59,141500,False,0.392,0.018,1,-27.064,1,0.0375,0.995,0.903,0.0954,0.14,66.99,3,ambient,606709,2020-01-03 21:29,LATAM
2dXAmfTnWAzuBakuyMNoMu,Bibio,Ribbons,Curls,51,197933,False,0.497,0.348,9,-10.593,1,0.0285,0.879,0.796,0.722,0.227,82.176,4,ambient,144766,2020-01-03 21:30,LATAM
5q4HX5dFrepBt1T4Kjuw6p,LUCHS,Dawning,Red Gold Yesterday,51,138574,False,0.384,0.235,10,-20.69,1,0.0332,0.885,0.852,0.0874,0.193,95.95,3,ambient,525597,2020-01-03 21:31,EU
2IpAtl7IXlHl2BQKcR5lc2,Mree,The Middle,Kiki’s Song,49,224666,False,0.533,0.427,1,-11.135,0,0.0322,0.835,0.0199,0.0831,,124.813,5,ambient,842193,2020-01-03 21:32,LATAM
7lq08zctLOESidAM58kjq6,Sleeping At Last,Many Beautiful Things (Original Motion Picture Soundtrack),Almost Idyllic,52,135793,False,0.239,0.11,0,-18.247,1,0.0349,0.978,0.945,0.11,0.111,77.77,3,ambient,689601,2020-01-03 21:33,LATAM
2Gpk1rtu5wVUCMQH86kErs,Bethel Music;We The Kingdom,Peace,Peace,52,297293,False,0.553,0.127,11,-13.067,1,0.0336,0.953,0.0,0.104,0.178,118.003,4,ambient,219501,2020-01-03 21:34,US
3xjaaBf7ef5TWermNspKOM,Eydís Evensen,Bylur,Bylur,48,251173,False,0.184,0.207,2,-17.119,1,0.033,0.94,0.931,0.0772,0.089,79.979,3,ambient,289078,2020-01-03 21:35,EU
7vuYfz0siJY66fLEiDKnEh,Aphex Twin,Drukqs,QKThr,62,87466,False,0.463,0.0223,1,-26.117,1,0.046,0.993,0.768,0.13,0.0571,78.66,3,ambient,868935,2020-01-03 21:36,MENA
6rGBWSCtMqurKFEvpa2lW2,Foreign Fields,The Beauty of Survival,Don't Give Up,53,233411,False,0.757,0.388,3,-13.754,1,0.044,0.88,0.382,0.104,0.74,114.031,4,ambient,981317,2020-01-03 21:37,APAC
2Do7ktNM0cNJv4XIHXU6eY,Sleeping At Last,Atlas: II,Heart,53,214866,False,0.366,0.254,0,-12.733,1,0.0314,0.827,0.000139,0.139,0.129,133.116,3,ambient,777600,2020-01-03 21:38,APAC
3ODtGy133cqCHLufjWu14L,Philip Glass;Paul Leonard-Morgan,Tales from the Loop (Original Soundtrack),Walk to School,53,130678,False,0.225,0.0368,9,-23.039,0,0.0381,0.977,0.956,0.107,,169.851,3,ambient,188271,2020-01-03 21:39,APAC
3Hv2XS0W9g4FAGzXCOYEnn,Maxence Cyrin,Melancholy Island,Salon musique,54,120406,False,0.348,0.0427,3,-30.862,1,0.0541,0.991,0.954,0.107,0.158,165.491,4,ambient,657275,2020-01-03 21:40,APAC
7tZku9Vp402YZ4wW2UYLU3,Clem Leek,Rest,Bless Those Tired Eyes,54,232221,False,0.301,0.198,10,-18.721,0,0.0314,0.889,0.871,0.104,0.04,136.903,1,ambient,846298,2020-01-03 21:41,EU
0aPrTlWUf2nmDkC9gcP5kZ,Boards of Canada,Music Has The Right To Children,Olson,58,91706,False,0.223,0.0138,5,-32.843,0,0.0294,0.937,0.916,0.13,0.0357,64.017,4,ambient,676174,2020-01-03 21:42,LATAM
0rFdP3ZfwsUajBLUuex0Kb,Ludovico Einaudi;Gautier Capuçon;Jerome Ducros,Emotions,Einaudi: Una mattina,55,190813,False,0.0975,0.0077,9,-34.135,0,0.0471,0.988,0.83,0.0603,0.0989,87.152,4,ambient,634685,2020-01-03 21:43,MENA
4inAT5fFLhvhSBSBqwPbvm,Flower Face,O Holy Night,O Holy Night,17,166498,False,0.129,0.251,6,-13.674,1,0.0338,0.545,0.0138,0.0855,0.0416,76.63,5,ambient,520621,2020-01-03 21:44,US
72SrSfTI6p9HCBuVKmCNu9,Bethel Music;Cory Asbury,Revival's In The Air (Live),Egypt - Live,58,383447,False,0.328,0.845,8,-6.606,1,0.0407,0.000227,0.0,0.138,0.282,149.773,4,ambient,320369,2020-01-03 21:45,MENA
4acmzQsAeMJa5sGFSog7fu,Dario Marianelli;Jack Liebeck;Benjamin Wallfisch,Jane Eyre - Original Motion Picture Soundtrack,The End of Childhood (feat. Jack Liebeck),55,73266,False,0.0,0.0445,0,-26.44,0,0.0,0.972,0.972,0.0873,0.0,0.0,0,ambient,352689,2020-01-03 21:46,EU
6Xajr512QEGAZ20bqAWkyT,Ólafur Arnalds,Living Room Songs,Near Light,54,208589,False,0.477,,2,-14.586,1,0.0335,0.931,0.949,0.11,0.0867,117.94,4,ambient,771106,2020-01-03 21:47,US
51u2rlXsQKWdNqmZMOxQDj,Flower Face,Pisces Moon (Alternate Version),Cornflower Blue,20,188864,False,0.177,0.215,3,-9.886,1,0.0335,0.807,0.000125,0.0921,0.0415,75.862,3,ambient,162830,2020-01-03 21:48,US
2QTq96pXVnDkVAGxBxRzVT,Flower Face,Pisces Moon (Alternate Version),Back to You,20,202827,False,0.389,0.202,2,-15.121,1,0.0375,0.887,2.86e-06,0.128,,83.019,4,ambient,176032,2020-01-03 21:49,APAC
06C07UFuGEy7eNdOOITLhK,Flower Face,Pisces Moon (Alternate Version),Pisces Moon,23,219004,False,0.525,0.411,1,-8.829,1,0.0261,0.671,0.000338,0.0989,0.197,138.112,3,ambient,456998,2020-01-03 21:50,EU
60tXDXk5K67J18XNgZ7JZt,Stephan Moccio,Tales Of Solace,Sea Change,52,171213,False,0.458,0.00701,8,-34.755,1,0.0438,0.993,0.948,0.102,0.0939,118.444,3,ambient,796975,2020-01-03 21:51,US
0HtWxjydJ3pEwT5nHJxxZ1,Bethel Music;Kari Jobe,Peace,Surrounded (Fight My Battles),55,303053,False,0.398,,5,-10.525,1,0.0394,0.953,6.26e-06,0.108,0.132,129.682,4,ambient,691331,2020-01-03 21:52,APAC
2ffwBvpsQhgXyU7zBUOhwP,Max Richter,The Blue Notebooks (15 Years),Written on the Sky,58,100013,False,0.349,0.119,10,-25.234,0,0.0482,0.993,0.906,0.103,0.181,136.278,3,ambient,630986,2020-01-03 21:53,US
65a1ng2xAbaRbYWsq9H2MH,Stephan Moccio,Lionheart,Lionheart,56,209693,False,0.329,0.0232,2,-24.632,0,0.0372,0.993,0.922,0.0965,0.112,111.377,4,ambient,580718,2020-01-03 21:54,MENA
2DrarKE3JnOXED3kbTuLtY,Bethel Music;Jenn Johnson;Michaela Gentile,Simple,Let My Life Be Worship,57,319739,False,0.374,0.338,0,-12.44,1,0.029,0.737,6.42e-05,0.0649,0.0953,155.965,3,ambient,199675,2020-01-03 21:55,MENA
7MIN37CiVP1lVjqKNmLMWk,Yann Tiersen,Le Fabuleux destin d'Amélie Poulain (Bande originale du film),La valse d'Amélie,59,135906,False,0.433,0.564,9,-8.917,0,0.0405,0.713,0.275,0.117,0.855,192.07,3,ambient,398614,2020-01-03 21:56,US
6T10XPeC9X5xEaD6tMcK6M,Air;Beth Hirsch,Moon Safari,All I Need (feat. Beth Hirsch),63,268306,False,0.327,,7,-11.577,0,0.027,0.878,0.000873,0.18,0.165,93.946,4,ambient,171554,2020-01-03 21:57,LATAM
4LWvi5lG5IigKIraGUWkpL,Ludovico Einaudi,Underwater,Atoms,58,183955,False,0.338,0.00384,6,-40.558,0,0.0657,0.995,0.954,0.112,0.159,68.921,4,ambient,782341,2020-01-03 21:58,US
0fqveSCZR2TqGAtEid72Ua,Erland Cooper,Music For Growing Flowers,Music For Growing Flowers - Pt. 8,58,73678,False,0.402,0.0275,0,-25.462,1,0.0686,0.963,0.896,0.125,,76.219,5,ambient,775751,2020-01-03 21:59,US
0pjCsB0XNSyqM9UazlTODC,Dmitri Shostakovich;Russian State Symphony Orchestra;Dmitry Yablonsky,Shostakovich: Jazz Suites Nos. 1 - 2 / The Bolt / Tahiti Trot,Jazz Suite No. 2: VI. Waltz 2,59,193600,False,0.322,0.184,0,-18.312,0,0.0338,0.984,0.902,0.0813,0.356,107.847,4,ambient,332285,2020-01-03 22:00,APAC
1QooJ7JbyjqXVTDFZKJ4cp,Ludovico Einaudi,Underwater,Swordfish,58,218200,False,0.286,0.00952,2,-40.225,0,0.0447,0.995,0.921,0.105,0.416,80.772,4,ambient,363642,2020-01-03 22:01,US
43Vf5BA8PaR5drTVcABix3,Bethel Music;William Matthews,Be Lifted High,Deep Cries Out,45,314480,False,0.427,0.849,0,-7.014,1,0.0484,0.00214,0.0,0.441,0.272,150.028,4,ambient,385708,2020-01-03 22:02,EU
5btL5b8tZqaoRNNoCURgxC,Bethel Music;Kim Walker-Smith,Here Is Love,I Need You More,45,541213,False,0.446,0.467,2,-6.684,1,0.0306,0.00572,0.0,0.111,0.184,130.08,4,ambient,900370,2020-01-03 22:03,US
5VMPBdWTXlBkTOinoxfhHI,Bethel Music;Jenn Johnson,Be Lifted High,God I Look to You,51,452520,False,,0.394,11,-8.716,1,0.0338,0.0611,8.04e-06,0.254,0.159,134.967,4,ambient,539673,2020-01-03 22:04,MENA
4XWqS8UGO5x4ClB2yH0nbW,Ludovico Einaudi;Daniel Hope,Elements (Deluxe),Petricor,55,394973,False,0.225,0.308,7,-14.874,1,0.0345,0.851,0.854,0.074,0.0361,107.666,4,ambient,785864,2020-01-03 22:05,US
6EXO7CcK6z7A5CPjicb4H5,Steve Reich;Daniel Hope;Simos Papanas;Kammerorchester Basel,Classical Running,Duet,0,296237,False,0.505,0.157,5,-19.683,1,0.0426,0.791,0.0683,0.247,0.348,139.929,1,ambient,503944,2020-01-03 22:06,US
0VLEB9HAFntcswJYRRTTd1,Gustavo Santaolalla,The Last of Us Part II (Original Soundtrack),Longing,51,105773,False,0.453,0.0208,9,-22.219,0,0.0486,0.944,0.9,0.111,0.0436,92.163,3,ambient,728370,2020-01-03 22:07,APAC
5OySktqTcVI9raXKmrdGNr,Tony Anderson,Éclosion,Éclosion,43,295200,False,0.514,0.174,9,-28.958,0,0.0544,0.965,0.964,0.0998,0.513,150.056,4,ambient,575493,2020-01-03 22:08,EU
6simvKne22uVh5ryufUF8U,Tom Day,2012,Going Home,38,350000,False,,,6,-13.143,0,0.0286,0.771,0.736,0.284,0.0564,95.995,4,ambient,350745,2020-01-03 22:09,US
4CFlaEtdgeu4mFmnUApAyl,Erik Reno,I Blomstertid,Bortom Träden,49,260564,False,0.446,0.0586,8,-26.416,1,0.0416,0.801,0.85,0.0876,0.111,124.019,4,ambient,888668,2020-01-03 22:10,EU
6IGq3RtjQ7o25MvImbKzRQ,Novo Amor;Gia Margaret,No Fun / Lucky for You,No Fun,48,211500,False,0.584,0.151,11,-14.161,1,0.0337,0.912,0.698,0.109,0.286,127.076,4,ambient,738049,2020-01-03 22:11,MENA
2uKwH2Wc0vtVXrRieOMxlu,Bethel Music;Cory Asbury,Peace,Reckless Love,50,341173,False,0.208,0.162,11,-10.884,0,0.0355,0.903,6.66e-05,0.106,0.113,93.987,4,ambient,792403,2020-01-03 22:12,MENA
6t8fO77SHrCqszDxX1CRMl,Davis John Patton,Forest Park,Motives,52,243478,False,0.512,0.159,10,-11.108,1,0.0305,0.849,1.75e-06,0.103,0.0797,137.896,4,ambient,953331,2020-01-03 22:13,APAC
0bCSGdS5SRvzoz4IBTD55W,Joep Beving,Losar,Losar,61,221061,False,,0.0384,5,-28.605,0,0.0301,0.961,0.902,0.0886,,81.917,3,ambient,323893,2020-01-03 22:14,US
1AzBMkqhcv8KKyCYc2A1C2,Helios,Veriditas,Seeming,49,155866,False,0.172,0.222,3,-18.408,1,0.0419,0.457,0.808,0.0965,0.0392,74.914,3,ambient,182403,2020-01-03 22:15,APAC
2yf1ibNuXk2VwKyGCIIpmA,Erik Reno,Summer Tales,Silver Lining,49,188933,False,0.471,0.138,11,-23.623,1,0.0351,0.877,0.878,0.103,0.0493,135.934,4,ambient,624044,2020-01-03 22:16,APAC
2ich9n3I8MHo1AkC26bpqK,Ólafur Arnalds,Loom,We Contain Multitudes - from home,47,190500,False,0.281,0.0333,6,-31.46,1,0.0348,0.994,0.959,0.0995,0.169,90.25,1,ambient,393546,2020-01-03 22:17,MENA
5rpw2ag9jizRl9VdaLNT61,Tony Anderson,Spiriteaux,Spiriteaux,50,234000,False,0.233,0.0358,0,-28.579,0,0.0373,0.946,0.878,0.108,0.0396,117.497,3,ambient,492199,2020-01-03 22:18,EU
7vbCfkJf89i4s745KbELgr,Ólafur Arnalds;Nils Frahm,Trance Frendz,20:17,58,354988,False,0.359,0.0224,3,-29.089,1,0.039,0.987,0.866,0.111,0.169,107.849,3,ambient,311204,2020-01-03 22:19,APAC
51wV3bwTnQMNe4lZHiacGs,Ilya Beshevli,Deja Vu,Compassion,51,186520,False,0.11,0.266,0,-14.371,0,0.0411,0.618,0.917,0.143,0.134,83.607,4,ambient,458621,2020-01-03 22:20,EU
6CdzB6ZB5Af8wfAfAAQwaq,Bethel Music;Jonathan David Helser;Melissa Helser,Peace,Raise a Hallelujah,51,375813,False,0.326,0.161,9,-12.798,1,0.0366,0.956,7.26e-06,0.086,0.177,131.952,4,ambient,453924,2020-01-03 22:21,LATAM
5w1FbQ4wRjRkzw9IXv30GW,GÅEL;Jesse Brown,Fluttering,Fluttering,52,108461,False,0.296,0.144,4,-27.745,0,0.0361,0.984,0.901,0.109,0.133,169.195,4,ambient,415499,2020-01-03 22:22,MENA
3CDCBn481xrZGB2isCWkp9,Goldmund,Sometimes,Sometimes,51,169127,False,0.185,0.0839,6,-26.019,0,0.0355,0.916,0.896,0.107,0.133,73.769,1,ambient,768098,2020-01-03 22:23,EU
57vqoCzYMTQhAR248IpjpL,The Native,Fall Down - EP,Halfway House,47,137919,False,0.571,0.374,4,-13.533,1,0.046,0.787,0.0,0.117,0.188,119.852,4,ambient,633386,2020-01-03 22:24,EU
6nGhGBz7uaE1RngnIFRKep,Bicep,Meli (II),Meli (II),59,417431,False,0.489,0.92,3,-4.746,0,0.0323,0.0376,0.665,0.25,0.215,126.991,4,ambient,526817,2020-01-03 22:25,MENA
69T4iEoAPo1MZ2tv8ppUCW,You'll Never Get to Heaven,Images,Exquisite Tension,53,248295,False,0.705,0.275,3,-8.894,1,0.0264,0.843,0.604,0.1,0.139,132.0,4,ambient,201443,2020-01-03 22:26,EU
3FTyYscjFPwN2eLIKfTALY,"Dario Marianelli;""Jean-Yves Thibaudet",Pride and Prejudice - OST,"The Secret Life Of Daydreams - From """"""""Pride & Prejudice"""""""" Soundtrack""""",52,115160,False,0.296,0.0213,10,-30.051,1,0.0348,0.969,0.747,0.087,0.174,70.532,4,ambient,613656,2020-01-03 22:27,APAC
7hyAAjHZaDWSPDzlUYNUIa,Goldmund,The Malady Of Elegance,Threnody,57,281120,False,0.217,0.00572,2,-30.767,1,0.0394,0.989,0.925,0.109,0.174,85.279,4,ambient,257518,2020-01-03 22:28,LATAM
2XQSgmtEY2titXhfY414dy,Boards of Canada,Music Has The Right To Children,Roygbiv,59,151520,False,,0.521,4,-10.312,0,0.063,0.0201,0.923,0.103,0.118,84.033,4,ambient,382739,2020-01-03 22:29,US
76BHmT2sUm6yjo9TivNRda,Bethel Music;Steffany Gretzinger,Moments: Mighty Sound,Reckless Love (Spontaneous),52,599746,False,0.252,0.462,11,-9.05,1,0.0334,0.0135,0.0,0.104,0.0604,110.243,4,ambient,473415,2020-01-03 22:30,MENA
3Cs4g3w33H9YEptmg34DQc,Marika Hackman,Deaf Heat EP,I Follow Rivers,54,166762,False,0.275,,7,-15.043,1,0.0373,0.793,0.0218,0.111,0.0382,85.56,3,ambient,227160,2020-01-03 22:31,MENA
21OxPURFtFrTwWGq9aJCju,Bethel Music;Emmy Rose,Simple,Tend,55,293377,False,0.517,0.155,11,-13.335,1,0.032,0.877,0.0,0.103,0.223,135.203,4,ambient,450540,2020-01-03 22:32,US
4xqay5NL9jPHSCP2mo3U67,Stephan Moccio,Le Jardin de Monsieur Monet,Le Jardin de Monsieur Monet,48,313973,False,0.357,0.0431,2,-25.461,1,0.0334,0.992,0.948,0.13,,131.976,4,ambient,340240,2020-01-03 22:33,EU
55H4GT7iLma7fJyBhS7o4R,Hania Rani,Venice - Infinitely Avantgarde (Original Motion Picture Soundtrack),At Dawn,56,180061,False,0.412,0.00313,2,-33.479,0,0.0579,0.99,0.96,0.0883,0.12,102.398,4,ambient,864785,2020-01-03 22:34,EU
7gbdU7Cuj07lHi0qW0vZcG,Bethel Music;kalley,We Will Not Be Shaken (Live),Ever Be - Live,54,322326,False,0.394,0.56,2,-6.925,1,0.0281,0.00162,0.000582,0.107,0.107,138.057,4,ambient,873711,2020-01-03 22:35,EU
7LgkoB9hL62wNQ07CatfXZ,Elea;Bahramji,Fall,Dancing Blossoms (Sidereal Remix),28,497009,False,0.582,0.64,8,-7.855,1,0.0529,0.2,0.678,0.117,0.155,180.624,4,ambient,104111,2020-01-03 22:36,MENA
5shiLLxKQ4U7XLELZeXzxy,Novo Amor;Ed Tullett;Lowswimmer,Heiress,Terraform,50,251920,False,0.475,0.218,11,-11.49,1,0.0304,0.979,0.385,0.282,0.193,71.967,4,ambient,642174,2020-01-03 22:37,LATAM
3FVy3aVs0TFzLv6FEiLqC2,Max Richter,Sleep,Dream 1 (before the wind blows it all away) - Pt. 1,55,153101,False,0.214,0.00144,6,-39.869,1,0.0487,0.995,0.968,0.0998,0.0866,72.046,4,ambient,676495,2020-01-03 22:38,APAC
48GtE9nno474ZYd9qhJqXx,Fabrizio Paterlini,Winter Stories,My Misty Mornings,54,202736,False,0.346,0.217,8,-16.927,0,0.038,0.993,0.874,0.0912,0.163,130.063,4,ambient,440189,2020-01-03 22:39,US
6wfm9juwwokarp3HiI1tg2,Nils Frahm,Old Friends New Friends,Late,60,198584,False,0.348,0.00533,6,-37.7,0,0.0415,0.986,0.898,0.108,,103.431,4,ambient,522209,2020-01-03 22:40,MENA
0PCduL4v5QEEKqeRUv7TEC,Joep Beving,Prehension,The Gift,57,225866,False,0.381,0.0943,0,-24.325,1,0.04,0.986,0.915,0.0906,0.0794,127.71,4,ambient,810914,2020-01-03 22:41,APAC
7JAS7ebzk6QH4XEamLH9wS,Fabrizio Paterlini,Viandanze,Veloma,53,167947,False,0.302,0.12,7,-21.272,0,0.037,0.98,0.887,0.0874,,108.008,4,ambient,440165,2020-01-03 22:42,APAC
35VfLKymw2iZKWnLTvm8Xv,Grouper,A I A: Alien Observer,Alien Observer,53,236480,False,0.219,0.0825,9,-22.604,0,0.0421,0.994,0.602,0.278,0.168,76.03,3,ambient,158011,2020-01-03 22:43,LATAM
1CDmaZTOumRbgnF6r33vc0,Max Richter,The Leftovers: Season 3 (Music from the HBO Series),The End of All Our Exploring,48,215333,False,0.507,0.0249,3,-32.35,1,0.0409,0.995,0.931,0.0944,0.124,149.976,4,ambient,435256,2020-01-03 22:44,APAC
4eLKR4wt81H4aso4KyAkO1,Bethel Music;Leeland Mooring,Have It All (Live),Lion and the Lamb,53,280762,False,0.455,0.734,11,-7.422,1,0.0315,0.00555,0.0,0.243,0.267,90.019,4,ambient,328501,2020-01-03 22:45,LATAM
40jiZBsr1W3SG15AGU9227,Keaton Henson,Dear,Small Hands,52,180693,False,0.649,0.525,5,-7.551,0,0.0347,0.912,0.000111,0.121,0.603,97.808,4,ambient,444449,2020-01-03 22:46,US
6wUU6ff7O1jlE4NOrv01gI,Ólafur Arnalds,re:member,re:member,51,364648,False,0.366,0.336,8,-17.407,1,0.0367,0.968,0.934,0.0898,0.0542,140.037,4,ambient,307092,2020-01-03 22:47,LATAM
4yLSpYlcO0jPPLTa3nW8zN,Ludovico Einaudi,Divenire,Fly,59,278933,False,0.174,0.178,1,-18.717,0,0.0362,0.994,0.861,0.0737,0.0347,167.972,3,ambient,234885,2020-01-03 22:48,US
39H9bPCzk6wowylEGgDCNC,Ludovico Einaudi;Robert Ziegler;Royal Philharmonic Orchestra,Divenire,Divenire,42,402240,False,0.14,0.217,7,-15.304,1,0.0352,0.909,0.855,0.0689,0.078,88.381,4,ambient,986827,2020-01-03 22:49,MENA
1V8aPypxFrIk5TSa8E3qM0,Ludovico Einaudi,Underwater,Underwater,56,234655,False,0.364,0.00222,10,-35.497,1,0.0479,0.995,0.951,0.104,0.299,135.805,3,ambient,215980,2020-01-03 22:50,APAC
6HRU0CPcG0q3Dq8XVBWacL,Bethel Music;Josh Baldwin,Stand In Your Love (Radio Version),Stand In Your Love (Radio Version),57,221333,False,0.461,0.802,0,-4.448,1,0.0325,0.112,0.0,0.116,0.342,144.518,4,ambient,735488,2020-01-03 22:51,APAC
17ceMMcdT116boiwDzcEPm,Ludovico Einaudi,Underwater,Nobody Knows,56,198088,False,0.313,0.00821,7,-34.243,1,0.0504,0.993,0.941,0.107,0.209,66.695,5,ambient,745818,2020-01-03 22:52,APAC
6fCz8Gq7VZ1l44Ysm1Ktfy,David Sylvian,Fiesta temática 80s,Forbidden Colours,0,358133,False,0.62,0.28,10,-10.477,0,0.0358,0.942,0.28,0.088,0.165,105.542,4,ambient,656006,2020-01-03 22:53,LATAM
3jPGemJdr95abo520vyvVk,Ludovico Einaudi,Islands - Essential Einaudi,Le Onde,57,336360,False,0.332,0.131,2,-26.78,1,0.0501,0.993,0.912,0.0955,0.0742,117.9,3,ambient,920309,2020-01-03 22:54,MENA
5wlUjXNwN62wxhAZWddA6B,Library Tapes,The Return,The Return,58,138227,False,0.253,0.00209,3,-37.859,1,0.0344,0.994,0.913,0.109,0.0707,65.125,3,ambient,104486,2020-01-03 22:55,US
3kfv7UwooO8rulCxDfZyxf,Abel Korzeniowski,Nocturnal Animals (Original Motion Picture Soundtrack),Restless,50,81040,False,0.157,0.334,11,-17.121,0,0.0468,0.912,0.74,0.12,0.0395,133.627,4,ambient,371465,2020-01-03 22:56,LATAM
75NSzNM87xKteVMHKzzGab,Ishome,Confession,Ken Tavr,44,307896,False,0.612,0.427,10,-11.645,0,0.0521,0.539,0.924,0.115,0.0693,91.016,4,ambient,265878,2020-01-03 22:57,EU
5hAsWMGQXBjDjYMoIlP9Ak,Elskavon,Traditions & Traitors,Soft Night,51,155250,False,0.249,0.00248,2,-30.501,1,0.036,0.994,0.931,0.118,0.0788,73.601,4,ambient,619232,2020-01-03 22:58,US
7qPGnjxHQNIv4zlnk6LxZW,Novo Amor,Opaline,Opaline,48,192040,False,0.367,0.337,1,-9.857,1,0.0326,0.955,0.117,0.0869,0.283,181.868,4,ambient,671986,2020-01-03 22:59,LATAM
0O2u3bDpazJ5rr7pVsuzzI,Carlos Cipa,Retronyms B-Sides,senna's joy (Solo Piano Version),51,376198,False,0.3,0.00305,7,-30.576,0,0.0627,0.992,0.928,0.0805,0.0502,144.796,3,ambient,908110,2020-01-03 23:00,LATAM
3ESsjKqrj3M79I8sSZieK3,Aphex Twin,Syro,aisatsana [102],55,321880,False,0.277,0.01,4,-32.893,0,0.0359,0.98,0.848,0.131,0.0353,102.397,4,ambient,441747,2020-01-03 23:01,MENA
4dVLyTbpd6o1f1rhnOBLR8,Mree,The Middle,When You Come Home,43,271586,False,0.353,0.116,0,-14.189,1,0.0373,0.98,0.000787,0.0917,0.102,64.119,4,ambient,312308,2020-01-03 23:02,APAC
0FqUMEzL1NKcjzalZauz1u,James Heather,Stories From Far Away On Piano,Ruqia,53,74690,False,0.404,,7,-23.148,0,0.0542,0.987,0.758,0.118,0.037,113.903,4,ambient,931851,2020-01-03 23:03,LATAM
47aMbtetHwI7tLR9Z7iec7,Clint Mansell;Kronos Quartet,Requiem for a Dream / OST,Summer Overture,44,155266,False,0.43,0.232,5,-13.059,1,0.0399,0.93,0.872,0.122,0.0424,66.953,4,ambient,705688,2020-01-03 23:04,LATAM
61QLXBMBt3yy8luGgYsAbe,Peter Sandberg;Aquilo,Midnattssol,Wasted On You,50,213869,False,0.557,0.149,10,-16.676,1,0.0434,0.899,0.00622,0.072,0.0815,114.824,4,ambient,788251,2020-01-03 23:05,APAC
1G2mAZQL8xfy9wRqC6fY6K,Jóhann Jóhannsson;Air Lyndhurst String Orchestra;Anthony Weeden,Orphée,A Sparrow Alighted upon our Shoulder,56,147093,False,0.187,0.109,6,-21.143,0,0.048,0.938,0.867,0.124,0.0501,139.128,5,ambient,500480,2020-01-03 23:06,APAC
3l1LcOxoXu7YfFKFkSSBeI,Mohan,London Dreams,Khanabadosh (Remix By Dj A-Myth),18,298306,False,0.697,0.958,7,-6.118,1,0.07,0.0186,7.12e-06,0.0876,0.608,131.965,4,ambient,502645,2020-01-03 23:07,US
6jPob3XDIVyNwPKUv2GwBf,Sleeping At Last,You Are Enough (Acoustic),You Are Enough (Acoustic),43,188357,False,0.502,0.33,1,-8.568,1,0.0326,0.913,1.7e-06,0.0717,0.24,115.007,4,ambient,450141,2020-01-03 23:08,LATAM
7tJi6GDPUK9PgIA44dLWtn,Ólafur Arnalds;Alice Sara Ott,The Chopin Project,Reminiscence,54,268146,False,0.183,0.131,1,-17.785,0,0.0401,0.785,0.899,0.121,0.0543,111.851,4,ambient,774562,2020-01-03 23:09,LATAM
7eL7yfCL9hs0mAW6B5Rfmg,Hugar,Ró/Órói,Ró,30,157600,False,0.5,0.015,5,-31.658,0,0.0422,0.982,0.87,0.0906,0.215,115.25,4,ambient,289553,2020-01-03 23:10,EU
4GNAkByimF0pxX2vgG35Z3,Jóhann Jóhannsson,The Theory of Everything (Original Motion Picture Soundtrack),The Dreams that Stuff is Made Of,55,111836,False,0.36,0.0854,0,-20.406,0,0.0343,0.993,0.737,0.115,0.0773,58.322,4,ambient,977862,2020-01-03 23:11,MENA
6YPb7DMon2lInNJciLwgzG,Sleeping At Last,Turning Page,Turning Page (Instrumental),52,256354,False,0.281,0.339,3,-11.472,1,0.0288,0.793,0.903,0.108,0.163,125.207,4,ambient,258332,2020-01-03 23:12,LATAM
5Cc2v7fm2cCm5ux4fgCQpM,Tony Anderson,Chasm,Nocturne in Paris,45,435124,False,0.228,0.082,7,-21.568,1,0.033,0.931,0.896,0.0879,0.0389,75.259,5,ambient,514882,2020-01-03 23:13,US
2GpTaKi3KDCQnyMFgwxzXk,Mattia Vlad Morleo,The Flying of the Leaf,The Flying of a Leaf,54,182013,False,0.346,0.0706,6,-35.12,0,0.0534,0.97,0.929,0.1,0.182,109.605,1,ambient,383151,2020-01-03 23:14,APAC
6UKrqWqzDTCYBCH2OXAMC3,Yann Tiersen,Cascade Street,I've Never Been There,57,95093,False,0.638,0.384,7,-7.193,1,0.047,0.926,0.341,0.44,0.766,99.967,4,ambient,678272,2020-01-03 23:15,APAC
5ErJKc7owzejzp8tXmUj0U,Fabrizio Paterlini,Fuoco,Fuoco,0,156000,False,0.324,0.0102,4,-32.425,1,0.0476,0.993,0.802,0.103,0.0879,72.085,4,ambient,712621,2020-01-03 23:16,MENA
1Bdgn4nmMlADRQ6DPJh7UM,Ludovico Einaudi,Seven Days Walking (Day 1),Ascent - Day 1,55,337372,False,0.23,0.0592,7,-23.594,1,0.0445,0.989,0.941,0.0906,0.103,89.965,4,ambient,926797,2020-01-03 23:17,EU
5mjfIZabc3GGbIYtBa6VEw,Brambles,Charcoal,To Speak Of Solitude,55,261480,False,0.163,0.047,3,-24.975,0,0.0344,0.938,0.955,0.14,0.0389,85.607,4,ambient,810294,2020-01-03 23:18,LATAM
00EAqLJcJP8IAzOmJ9q5g8,Novo Amor;Ed Tullett;Lowswimmer,Heiress,Amateur Blood,47,211813,False,0.338,0.202,1,-13.684,1,0.0314,0.953,0.194,0.111,0.128,116.745,4,ambient,323806,2020-01-03 23:19,EU
25zykbJGBYXYjnq5VyhO3N,Nils Frahm,Wintermusik,Ambre,56,227184,False,0.409,0.0523,1,-25.613,1,0.0343,0.993,0.943,0.117,0.344,145.833,3,ambient,285991,2020-01-03 23:20,LATAM
78kPi2sLwSmILgJXz7wQxg,Jon Hopkins,Insides,Small Memory,54,100946,False,0.528,0.00779,1,-23.281,1,0.091,0.993,0.959,0.151,0.48,131.447,4,ambient,897901,2020-01-03 23:21,LATAM
3ObS6mDRBsfMNaNNGO8ox4,Fabrizio Paterlini,Fuoco,Sparks,0,218958,False,0.271,,2,-26.414,1,0.0397,0.976,0.941,0.0924,0.0399,73.761,3,ambient,539082,2020-01-03 23:22,LATAM
7HQCXYyaBmhugyRDvy4V7m,Sleeping At Last,Atlas: I,North,52,259375,False,0.367,0.139,7,-12.903,1,0.0465,0.866,0.0,0.111,0.323,85.695,4,ambient,187790,2020-01-03 23:23,MENA
2kNwTOVdZGCGROgAzjD1J0,Julien Baker,Guthrie,Guthrie,50,293266,False,0.471,0.243,2,-10.592,1,0.0299,0.89,0.000963,0.109,0.233,111.469,3,ambient,842472,2020-01-03 23:24,LATAM
4lZ0S6jbJbeOmkfFXfDNxl,Julien Baker,Turn Out the Lights,Turn Out the Lights,46,203973,False,,0.292,0,-7.65,1,0.0278,0.725,2.1e-05,0.0887,0.0352,82.5,4,ambient,683602,2020-01-03 23:25,LATAM
1A3K44xa9pVPWdsCnfdHim,Hania Rani;WhoMadeWho,Abu Simbel (Hania Rani Invalides Version),Abu Simbel - Hania Rani Invalides Version,52,339082,False,0.469,0.17,7,-18.551,0,0.0399,0.988,0.244,0.0772,0.202,119.972,4,ambient,123013,2020-01-03 23:26,EU
1GHJ3Fw7KK93fuI7BAhL4I,Flower Face,The Shark in Your Water,Maybe,47,185805,False,0.571,0.551,9,-7.898,0,0.0399,0.581,1.31e-05,0.286,0.413,134.915,3,ambient,804553,2020-01-03 23:27,US
3OpfrN3L1WDBXUYC2z2b8p,Brambles,Charcoal,In The Androgynous Dark,53,283000,False,0.591,0.116,8,-17.019,1,0.0397,0.922,0.937,0.0903,0.0735,112.555,4,ambient,646637,2020-01-03 23:28,MENA
1QGlEQJkixOXsbijKqNTDB,Nils Frahm,Old Friends New Friends,All Numbers End,50,95942,False,0.324,0.0438,7,-33.04,0,0.0401,0.993,0.937,0.0713,0.307,110.226,4,ambient,653144,2020-01-03 23:29,LATAM
2qz4vG6T2PYAYP5YU9dULG,Gavin Luke,In This Moment,In This Moment,50,166827,False,0.2,0.0132,0,-25.88,0,0.0352,0.974,0.868,0.119,0.123,62.372,3,ambient,878442,2020-01-03 23:30,MENA
7MZLPKriK0CMy6a0ovE1Ca,Carbon Based Lifeforms,Interloper,Supersede,45,485106,False,0.548,0.532,7,-12.246,1,0.0313,0.171,0.838,0.079,0.038,99.994,4,ambient,545980,2020-01-03 23:31,LATAM
2FQviMkaoixlgWuGL4u1EO,Aphex Twin,Selected Ambient Works 85-92,I,55,77346,False,0.183,0.0896,2,-27.54,1,0.0486,0.989,0.899,0.107,0.0326,76.923,3,ambient,515138,2020-01-03 23:32,LATAM
6RrQhmFudK9taDz5r2sNSL,Fabrizio Paterlini,Fuoco,Everything Flows,0,143166,False,0.354,0.157,4,-22.217,0,0.0385,0.972,0.907,0.1,0.0431,84.909,4,ambient,655611,2020-01-03 23:33,LATAM
29S6PLRccSCyKozzwIik0J,Philip Glass;Valentina Lisitsa,Valentina Lisitsa Plays Philip Glass,The Truman Show: Truman Sleeps - Short Version,52,160453,False,0.266,0.00361,8,-29.735,1,0.052,0.995,0.925,0.0723,0.0631,94.861,4,ambient,278004,2020-01-03 23:34,LATAM
0bT6empnTxGJlNQEvDaGWr,Kaitlyn Aurelia Smith,Fictions (Made To Measure Vol. 47),Waterways,3,198943,False,0.662,0.585,0,-9.42,1,0.0458,0.0459,0.68,0.107,0.718,120.046,1,ambient,236497,2020-01-03 23:35,EU
3ExKJt4K8duUfEG49QWzPi,Bethel Music;Jeremy Riddle,For the Sake of the World,This Is Amazing Grace,51,452013,False,0.437,0.735,0,-6.606,1,0.0301,0.00206,2.15e-05,0.701,0.145,98.923,4,ambient,859398,2020-01-03 23:36,EU
79ykCdN9JJ5DJJ845zAQEY,Dustin O'Halloran,Like Crazy (Original Motion Picture Score),We Float,30,91026,False,0.354,0.0592,3,-22.256,1,0.0474,0.99,0.968,0.104,0.0779,109.653,1,ambient,294013,2020-01-03 23:37,LATAM
1o2suklKb6UYQxZnOO3zlz,Little Symphony,Sombrio,Harnen,28,120000,False,0.14,0.0109,0,-26.251,1,0.0552,0.863,0.966,0.121,0.0721,139.841,3,ambient,553909,2020-01-03 23:38,LATAM
1ZJ2XcPB5r4yK08gvJbZdW,Little Symphony,Sombrio,Duilwen,28,113429,False,0.161,0.0128,7,-26.071,1,0.0526,0.836,0.966,0.12,0.151,130.155,3,ambient,342909,2020-01-03 23:39,LATAM
14EvAcDfF3Ga823WRwO2a9,Sleeping At Last,The Twilight Saga: Breaking Dawn - Part 1 (Original Motion Picture Soundtrack),Turning Page,45,255373,False,0.304,0.379,3,-8.484,1,0.029,0.912,0.025,0.112,0.189,125.203,4,ambient,307411,2020-01-03 23:40,LATAM
36RxCz8eUDCc6nKp9cvlhb,Michael Brook;Nusrat Fateh Ali Khan,Night Song,Longing,21,335600,False,0.48,0.551,2,-11.776,1,0.0422,0.415,0.624,0.0727,0.0954,91.973,4,ambient,638000,2020-01-03 23:41,US
2SBkwSedtTogejeZhh61IC,Mattia Vlad Morleo,Latent Dream,Latent Dream,54,232174,False,0.335,0.0615,4,-30.169,1,0.0435,0.995,0.927,0.109,0.0352,96.309,4,ambient,822125,2020-01-03 23:42,APAC
6CfAtjogau9v9kmtZVrNG8,Novo Amor,If We're Being Honest,If We're Being Honest,46,235053,False,,0.432,3,-7.297,1,0.0296,0.888,0.617,0.136,0.126,132.928,4,ambient,497710,2020-01-03 23:43,APAC
4azoV50K4s4eBkGRHSVWYV,yutaka hirasaka,breath,eau,46,223520,False,0.667,0.329,5,-15.775,0,0.0298,0.936,0.942,0.104,0.428,128.015,4,ambient,224855,2020-01-03 23:44,EU
3RlwtjeKhemCfiPvwMFozS,Matthew Harvey,Malibu,Malibu,47,150405,False,0.435,0.154,6,-21.451,1,0.0367,0.977,0.85,0.0728,0.0799,148.1,4,ambient,320028,2020-01-03 23:45,LATAM
5nEvhoKxYs665DDlRyhtrU,Dear Gravity;Simon Wester,Do We Wake,Do We Wake,40,216000,False,0.0839,0.0303,2,-27.545,1,0.037,0.965,0.903,0.0459,0.0801,82.3,3,ambient,248116,2020-01-03 23:46,APAC
714swlrTc262NA0j13C7gY,Dear Gravity;Simon Wester,The Kingdom,The Kingdom,41,175462,False,0.0734,,1,-23.647,1,0.036,0.667,0.787,0.117,0.0353,50.422,4,ambient,894527,2020-01-03 23:47,APAC
6BJy4PDYXXF2WJW2ZpKyT7,Simon Wester;Rasmus H Thomsen,Closer To You,Closer To You,45,161562,False,0.377,0.0414,5,-25.84,1,0.0413,0.991,0.944,0.107,0.194,93.159,4,ambient,387576,2020-01-03 23:48,US
6I7nESv5d9zf9DcEA9I25u,Christian Löffler;Henry Green,New Fires,New Fires,54,251591,False,0.712,0.569,6,-10.819,0,0.0348,0.346,0.492,0.0794,0.241,116.016,4,ambient,436529,2020-01-03 23:49,MENA
0n3mB1nLmwh55MZaqQllEq,Jóhann Jóhannsson,The Theory of Everything (Original Motion Picture Soundtrack),The Wedding,49,102584,False,0.241,0.231,10,21.399,1,0.0322,0.85,0.939,0.112,0.274,362.617,3,ambient,163933,2020-01-03 23:50,APAC
0ADruIr9d1CYUUZKgw8zWp,Sleeping At Last,Turning Page,Turning Page (Live),40,257502,False,0.425,0.236,3,-8.765,1,0.0361,0.987,0.000772,0.123,0.239,126.381,4,ambient,501428,2020-01-03 23:51,LATAM
1tlRDKcS5x4qXwJsgpLwCp,Flower Face,Pisces Moon,Pisces Moon,35,219004,False,0.525,0.411,1,-8.829,1,0.0261,0.671,0.000338,0.0989,0.197,138.112,3,ambient,922531,2020-01-03 23:52,APAC
4rYMgi9PpmYY7pfgx4EahN,Aukai,Aukai,Alto Paraíso,55,146322,False,0.565,0.251,5,-16.988,0,0.0882,0.957,0.754,0.101,0.31,134.852,1,ambient,468730,2020-01-03 23:53,MENA
7BpDcPsVqfMgHdVglLK3Kt,Joep Beving,Nocturnal,Nocturnal,54,312757,False,0.219,0.0153,9,-33.563,0,0.0346,0.994,0.923,0.0934,0.1,57.439,4,ambient,686118,2020-01-03 23:54,US
6jDez1MckVsLvFdQDKEtzt,Novo Amor,Birthplace,Emigrate,47,217640,False,0.5,0.469,1,-7.629,1,0.0275,0.931,0.474,0.0637,0.187,99.989,4,ambient,263748,2020-01-03 23:55,EU
6phzRtzX5AMmgRVhB02Xas,The Echelon Effect,Drift Static,Forever Distant,48,180914,False,0.408,0.136,1,-17.702,1,0.0319,0.869,0.906,0.243,0.108,107.105,4,ambient,228645,2020-01-03 23:56,LATAM
3Ygq0ec3IlNfBUCGW566Cx,Akira Kosemura,Ascent,Ascent,48,132235,False,0.502,0.107,2,-27.84,1,0.0365,0.992,0.906,0.104,0.353,119.221,3,ambient,758463,2020-01-03 23:57,EU
7McExzjmhDI5NQ6l4D9XR9,Peter Sandberg,Dismantle,Remove The Complexities,54,135668,False,0.235,0.116,4,-21.701,1,0.0328,0.988,0.951,0.122,0.109,167.941,5,ambient,159162,2020-01-03 23:58,MENA
346d2tSxhrRUpL4bp4xn2b,Nils Frahm,Screws,Re,56,230125,False,0.458,0.0743,6,-24.145,0,0.0532,0.993,0.91,0.103,0.232,108.93,3,ambient,503611,2020-01-03 23:59,MENA
2No1A7ZuMaBGxz45jmA9Gw,Lights & Motion,Bloom,Glaciers,49,176373,False,0.0789,0.16,7,-18.144,1,0.0362,0.733,0.786,0.0943,0.0409,56.449,4,ambient,385033,2020-01-04 00:00,APAC
0bnSSnjn83WSf2voqAUZfU,Max Richter,Sleep,Dream 1 (before the wind blows it all away) - Pt. 4,55,133629,False,0.282,0.00212,6,-36.252,1,0.0491,0.993,0.964,0.104,0.0803,66.72,4,ambient,114631,2020-01-04 00:01,MENA
6rodOIyxUXZrRfzoNL2vXx,Ludovico Einaudi,Undiscovered,Elegy For The Arctic - Remastered 2020,54,160693,False,,0.0713,5,-23.609,0,0.0515,0.987,0.929,0.118,0.148,63.648,4,ambient,578085,2020-01-04 00:02,EU
0u29aq3WAdLlPtIyH7igv8,Bicep,Water,Waterfall,53,291944,False,0.518,0.933,4,-5.41,0,0.0355,0.0524,0.985,0.131,0.372,129.997,4,ambient,967611,2020-01-04 00:03,APAC
29K9v9Y3wptKBvoR9wVTBR,Yann Tiersen,Le Fabuleux destin d'Amélie Poulain (Bande originale du film),Le moulin,55,267733,False,,0.0559,10,-16.409,0,0.0536,0.991,0.536,0.0808,0.214,138.327,3,ambient,162233,2020-01-04 00:04,LATAM
5bhbv1xIbk0SbfQ2MEXe8F,Luke Howard;Jess Gillam;Jess Gillam Ensemble,Howard: Dappled Light,Dappled Light,51,251573,False,0.222,0.0456,10,-20.891,0,0.0385,0.993,0.964,0.231,0.0881,128.662,4,ambient,834186,2020-01-04 00:05,US
70FfytITXJOz0s2xY3rOzz,Marconi Union,Weightless (Ambient Transmission Vol. 2),Weightless Part 3,56,458906,False,0.0746,0.156,9,-24.007,0,0.0393,0.863,0.919,0.105,0.0463,80.494,5,ambient,585260,2020-01-04 00:06,US
7b2dMRCVDx7OGekIVjCrs1,Marconi Union,Weightless (Ambient Transmission Vol. 2),Weightless Part 2,54,432506,False,0.385,0.437,1,-17.853,0,0.0422,0.137,0.889,0.132,0.224,169.933,4,ambient,751202,2020-01-04 00:07,LATAM
6hExOufDzTbiwGosc3kIGW,"Dario Marianelli;English Chamber Orchestra;""Benjamin Wallfisch",Pride and Prejudice - OST,"Mrs Darcy - From """"""""Pride & Prejudice"""""""" Soundtrack""""",53,223653,False,0.214,0.0733,0,-21.302,1,0.0408,0.944,0.885,0.0691,0.039,137.764,5,ambient,186894,2020-01-04 00:08,APAC
5JuN6H8LK9xysclyk356rl,Peter Sandberg,Balm,Who's There,50,157110,False,0.554,0.0782,4,-23.678,0,0.04,0.957,0.944,0.107,0.0922,136.003,4,ambient,882181,2020-01-04 00:09,EU
3JlVI5OZuBFhXQ9GUFdUxN,Flower Face,The Shark in Your Water,October Birds,43,181568,False,0.6,0.211,2,-15.272,1,0.0593,0.953,0.0,0.107,0.201,77.026,3,ambient,110274,2020-01-04 00:10,APAC
6yPUtBVbbSpp7khUpcmcDu,Peter Gregson;Richard Harwood;Reinoud Ford;Tim Lowe;Ben Chappell;Katherine Jenkinson,Bach: The Cello Suites - Recomposed by Peter Gregson,6.6 Gigue,53,168676,False,0.374,0.351,2,-10.522,1,0.044,0.832,0.71,0.103,0.0852,82.56,4,ambient,916125,2020-01-04 00:11,MENA
7jnPDXFPcBnhOP4LKDBIKt,Flower Face,Baby Teeth,Always You,40,224304,False,0.568,0.18,6,-12.655,1,0.0364,0.935,6.11e-06,0.0938,0.123,120.14,4,ambient,692025,2020-01-04 00:12,EU
1ZJ8pODFM2y5DeSthUTBrC,Bethel Music;Brian Johnson,Simple,I Still Believe,54,305768,False,0.414,0.25,9,27.751,1,0.029,0.776,0.0,0.0886,0.25,311.634,4,ambient,403740,2020-01-04 00:13,MENA
14I9CpiA1CMTdLga8SKAjJ,Bethel Music;Amanda Cook,You Make Me Brave (Live),You Make Me Brave - Live,54,366160,False,0.422,0.672,3,-6.629,1,0.0333,0.0163,0.00203,0.108,0.342,137.933,4,ambient,106391,2020-01-04 00:14,APAC
7FoR7NSegGv5kTSMhNC2sn,Bethel Music;Brian Johnson;Jenn Johnson,Victory (Live),Living Hope - Live,46,304813,False,0.386,0.67,1,-6.817,1,0.0387,0.087,0.0,0.107,0.214,143.842,4,ambient,649862,2020-01-04 00:15,US
4tnWEXeAgZWTRULCkJ6IGL,Ólafur Arnalds,re:member,they sink,53,155484,False,0.435,0.0564,5,-27.616,0,0.0369,0.99,0.943,0.113,0.127,110.006,4,ambient,178691,2020-01-04 00:16,APAC
6m3Rrv81DPaSPw4azvVUid,Ludovico Einaudi,In A Time Lapse,Walk,53,207706,False,0.262,0.0111,10,-32.058,0,0.0412,0.977,0.251,0.0795,0.0732,134.731,4,ambient,647926,2020-01-04 00:17,APAC
23eNu1Z3GB7FGvI2VQYhYu,Yann Tiersen,Le Fabuleux destin d'Amélie Poulain (Bande originale du film),La valse d'Amélie - Version orchestre,55,120333,False,0.193,0.335,9,-8.681,0,0.0314,0.852,0.131,0.117,0.254,64.078,4,ambient,795830,2020-01-04 00:18,APAC
4Y2W4zKa3q72ztbkA0r8Va,Boards of Canada,The Campfire Headphase,Dayvan Cowboy,56,300186,False,0.322,0.615,11,-10.774,1,0.0427,0.507,0.819,0.0677,0.0361,167.95,4,ambient,340569,2020-01-04 00:19,EU
6pWWikgjtd9ZjEuTQFyjqv,Lights & Motion;Frida Sundemo,Deep Elm Records Sampler 15 - The Great Escape,I See You - Reimagined (feat. Frida Sundemo),0,188481,False,0.128,0.289,0,-13.668,1,0.0331,0.322,0.000707,0.197,0.0745,84.422,3,ambient,314849,2020-01-04 00:20,EU
19TSZedtW2YMsqkYeVleCv,Little Symphony,Sombrio,Ascar,28,124118,False,0.108,0.0712,7,-25.938,1,0.0479,0.795,0.921,0.131,0.0447,61.885,5,ambient,299756,2020-01-04 00:21,APAC
690PE50BbeUc6jApItiYZ6,Little Symphony,Sombrio,Lefnui,28,90000,False,0.169,0.0153,7,-26.169,1,0.0648,0.884,0.98,0.119,0.0822,119.147,3,ambient,302354,2020-01-04 00:22,US
4RW7EZi7SHSLRwvn1Q8Mqj,Michael Nyman,The Piano: Music From The Motion Picture,The Heart Asks Pleasure First,57,96560,False,0.166,0.263,9,-18.907,0,0.0357,0.972,0.92,0.124,0.41,177.408,3,ambient,202516,2020-01-04 00:23,US
6KuIO7Ya84QfWoR0JLXn6B,Little Symphony,Sombrio,Sirion,28,127467,False,0.115,0.43,2,-26.167,1,0.06,0.879,0.978,0.119,0.362,95.325,4,ambient,324731,2020-01-04 00:24,LATAM
43p2e6ACVNhBoV42kEr4J8,Little Symphony,Sombrio,Glanhir,28,114882,False,0.198,0.0471,7,-23.917,1,0.0476,0.869,0.922,0.117,0.143,90.982,4,ambient,693382,2020-01-04 00:25,APAC
7pbMkDgFy2c2qwiu8iMzNp,Ludovico Einaudi;Amsterdam Sinfonietta;PMCE Parco Della Musica Contempornea Ensemble,Elements (Deluxe),Four Dimensions,54,282333,False,0.324,0.0711,9,-23.476,0,0.0364,0.985,0.857,0.0925,0.0426,69.408,3,ambient,372265,2020-01-04 00:26,EU
7hbAuG4CFb8ee6IOBKKdar,Sebastian Plano,Klassische Weihnachtsmusik,A Present for a Young Traveller,0,189478,False,0.167,0.282,11,-15.214,0,0.0368,0.97,0.842,0.0892,0.0405,148.711,3,ambient,802826,2020-01-04 00:27,MENA
5UuUL7HPjllNxSXi2WyqBD,Little Symphony,Sombrio,Raelee,28,134296,False,0.203,0.0357,2,-24.847,1,0.0516,0.833,0.969,0.116,0.0391,72.357,3,ambient,837359,2020-01-04 00:28,LATAM
0OETMJ8CZV2GQ4m79thkea,Cliff Martinez,Drive (Original Motion Picture Soundtrack),Wrong Floor,47,91160,False,0.172,0.0785,0,-26.07,1,0.046,0.926,0.938,0.109,0.0372,68.967,4,ambient,784856,2020-01-04 00:29,EU
1d9TH6UbBljrMUh3CV21Nj,Perlo,Day by Day,Call Me a Fool,40,204556,False,0.568,0.669,5,-4.807,0,0.0316,0.528,0.446,0.108,0.381,119.95,4,ambient,585575,2020-01-04 00:30,EU
5626KdflSKfeDK7RJQfSrE,Nils Frahm,Spaces,Says,53,498000,False,0.217,0.23,0,11.997,0,0.0324,0.862,0.898,0.725,0.0742,365.961,4,ambient,384647,2020-01-04 00:31,MENA
44HKoeFbghQ2SnHhKFmf2t,Simon Wester;The Secret Place,Unwind,Unwind,39,191460,False,0.181,0.0203,7,-26.978,1,0.0351,0.976,0.852,0.0808,0.0361,66.015,1,ambient,936903,2020-01-04 00:32,EU
3sAatKUX1OkCIAkopdMRTU,Christian Löffler;Mohna,Haul,Haul - Radio Edit,52,217134,False,0.615,0.417,11,-15.441,0,0.0373,0.287,0.862,0.215,0.117,117.982,4,ambient,284733,2020-01-04 00:33,LATAM
1iNvOAheLHNeJXjRvkdn7T,Oskar Schuster,Damascus (Solo Piano),Damascus - Solo Piano,51,119013,False,0.259,0.29,9,-17.231,0,0.0289,0.939,0.887,0.0944,0.186,177.267,4,ambient,518057,2020-01-04 00:34,APAC
0qD7FNvGrdwtH3EaUnK2RY,Simon Wester,Among Us,Among Us,38,194676,False,0.113,0.146,4,-19.294,1,0.033,0.925,0.958,0.0998,0.08,75.822,4,ambient,508252,2020-01-04 00:35,LATAM
6zezOLouSWKEfMizbzcsad,Gustavo Santaolalla;Alan Umstead,The Last of Us,All Gone (No Escape),50,174333,False,0.14,0.0739,4,-22.458,0,0.0437,0.916,0.947,0.0961,0.0313,141.524,3,ambient,771029,2020-01-04 00:36,US
6f4cBWeUGOtO7WFxxt35j3,Líom,Scarr,Erase,49,259200,False,0.203,0.03,11,-31.871,1,0.0425,0.987,0.926,0.0805,0.0776,71.547,4,ambient,592131,2020-01-04 00:37,EU
4imKugn0XXrrp7D04eJqpy,Simon Wester,Morning Prayer,Morning Prayer,43,204000,False,0.181,0.0167,2,-25.536,1,0.0355,0.974,0.862,0.0723,0.0475,62.784,4,ambient,819561,2020-01-04 00:38,APAC
4eAQoKm19Z6lPyXzQ18wmj,Tony Anderson,Immanuel,Immanuel,44,864000,False,0.2,0.293,9,-18.901,0,0.0423,0.828,0.899,0.299,0.119,150.167,3,ambient,927177,2020-01-04 00:39,LATAM
1QSfgGcP3Rmdo2EdW1s4ya,Novo Amor,Antarctican Dream Machine,Slowlife,46,214680,False,0.412,0.124,10,-20.09,1,0.0425,0.939,0.909,0.109,0.0398,119.992,4,ambient,451562,2020-01-04 00:40,EU
5oiNJJdKqJ5Vfwion1dR1n,Bethel Music;David Funk,Touch of Heaven / Alabaster Heart (Live),Touch of Heaven / Alabaster Heart - Live,49,630228,False,0.388,0.554,6,-8.562,0,0.0318,0.0131,0.00768,0.0794,0.14,135.078,4,ambient,887339,2020-01-04 00:41,EU
1eqyKmkcp7b2s1PU9fEZRS,Ludovico Einaudi;Miloš Karadaglić,Einaudi: Full Moon (Arr. Lewin for Guitar),Full Moon (Arr. Lewin for Guitar),57,216093,False,0.364,0.00799,8,-33.09,1,0.0395,0.978,0.894,0.109,0.0674,101.226,4,ambient,252714,2020-01-04 00:42,LATAM
3UzhPHPHbQidgxE8oScTxU,Ludovico Einaudi;Franco Feruglio;Mauro Loguercio;Gabriele Baffero;Antonello Leofreddi;Marco Decimo,Undiscovered,Fuori Dal Mondo - Remastered 2020,52,299120,False,0.118,0.134,7,-18.708,1,0.04,0.673,0.804,0.108,0.0572,82.743,3,ambient,924451,2020-01-04 00:43,EU
547Nm5ni48VzcrPmyqRgS5,Gustavo Santaolalla,Motorcycle Diaries with additional Music,De Usuahia a la Quiaca,42,168733,False,0.495,0.389,3,-13.975,1,0.0409,0.644,0.597,0.0946,,149.686,4,ambient,260190,2020-01-04 00:44,US
1kXAT5Y0fIBw1vVbTgoS3i,Novo Amor,Antarctican Dream Machine,Elegy,46,207200,False,0.155,0.258,6,-13.266,1,0.0358,0.979,0.95,0.611,0.0317,102.231,1,ambient,865235,2020-01-04 00:45,EU
311q3StU6e78qyti2HhaS2,Sleeping At Last,Lullaby,Lullaby,50,118833,False,0.495,0.0647,6,-13.052,1,0.0467,0.967,7.75e-05,0.135,0.249,118.967,3,ambient,451222,2020-01-04 00:46,APAC
4xUZrneYGiwwBEzFWhZiB9,Mark & Sarah Tillman,Greater is the Blood,Greater is the Blood,47,231851,False,0.542,0.643,4,-7.097,1,0.0394,0.0954,0.0,0.115,0.237,135.921,4,ambient,968122,2020-01-04 00:47,APAC
2tr4oclswJ6v3dfDlI01HD,Nils Frahm,Music for the Motion Picture Victoria,Them,54,239769,False,0.3,0.212,6,-21.017,1,0.0333,0.847,0.861,0.062,0.0553,199.617,3,ambient,216275,2020-01-04 00:48,APAC
692WzQOVroAAR4yq6ZPHgC,Tracey Chattaway,Nightsky,Nightsky,38,319694,False,0.113,0.271,5,-12.944,0,0.0348,0.289,0.929,0.105,0.0469,177.119,3,ambient,518949,2020-01-04 00:49,EU
2WGmCL4wPC9RoGvRnp8Goz,Ludovico Einaudi,Undiscovered,Choros - Remastered 2020,50,350040,False,0.464,0.493,9,-11.77,0,0.038,0.793,0.757,0.0986,0.0391,90.534,4,ambient,911691,2020-01-04 00:50,US
57DldLQx7nHGaeb3cwBgMp,Akira Kosemura,Summer Ghost Original Sound Track,Summer Ghost,38,136507,False,0.354,0.301,7,-12.772,1,0.0373,0.41,0.509,0.084,,124.991,3,ambient,142726,2020-01-04 00:51,US
1H4Eiavp6smYJDIYQmo0vb,Boards of Canada,Music Has The Right To Children,Wildlife Analysis,55,75626,False,0.0936,0.0204,4,-31.212,0,0.042,0.995,0.936,0.139,0.291,80.879,4,ambient,338513,2020-01-04 00:52,APAC
3jt1ZVIuluGkV0sWWLSUzw,Julien Baker,Turn Out the Lights,Appointments,51,273466,False,0.185,0.264,2,-9.29,0,0.0333,0.94,3.13e-05,0.0871,0.0576,72.902,4,ambient,175205,2020-01-04 00:53,MENA
4wiv0itDHcgSB8IjOxn4SA,Bethel Music;Cory Asbury;Naomi Raine,Homecoming (Live),Reason To Praise - Live,55,510726,False,0.274,0.573,7,-7.881,1,0.0391,0.0604,1.2e-06,0.537,0.223,126.319,3,ambient,389145,2020-01-04 00:54,US
1lP5gmOcL7PxGodcw6rX04,Alexis Ffrench,Dreamland,Dreamland,53,161258,False,0.235,0.118,3,-20.222,1,0.0318,0.98,0.888,0.125,0.185,167.29,3,ambient,451248,2020-01-04 00:55,APAC
6qr4bldy3y451hApJFEWqa,Flower Face,The Shark in Your Water,Sugar Water,46,198592,False,0.487,0.604,0,-5.14,1,0.0319,0.601,0.0,0.144,0.827,162.973,4,ambient,657000,2020-01-04 00:56,LATAM
7CBRVxkndOKeWUEfRclXNK,Peter Sandberg,Nainsook,Borrowed Peace,50,105974,False,0.233,0.0369,8,-24.326,1,0.0363,0.99,0.909,0.098,0.0582,70.862,4,ambient,331918,2020-01-04 00:57,MENA
6i8GiLfa1PAwKl4SBfpFVt,Novo Amor;Ed Tullett;Lowswimmer,Heiress,Silvery,47,232613,False,0.535,0.364,1,-11.349,1,0.0328,0.948,0.082,0.334,0.0956,120.033,4,ambient,242815,2020-01-04 00:58,EU
3HRqtrUKxbPgE1dqpZT1vb,Gabriel Yared,By The Sea (Original Motion Picture Soundtrack),Rearranging Furniture,50,157984,False,0.206,0.177,4,-19.623,0,0.0344,0.95,0.943,0.0986,,78.691,4,ambient,252946,2020-01-04 00:59,MENA
4uKzc4cK3OOzVPluOAoBj2,Solar Fields,Until We Meet The Sky,Phase 09 - Sombrero,48,345170,False,0.459,0.35,7,-15.912,0,0.0356,0.0407,0.81,0.137,0.037,89.89,3,ambient,944562,2020-01-04 01:00,LATAM
4vwtWzCqbnSrmKE6lZyUL3,Ludovico Einaudi;I Virtuosi Italiani,In A Time Lapse,Burning,51,308760,False,0.232,0.164,6,-16.952,0,0.0417,0.984,0.95,0.075,0.0378,131.065,1,ambient,957882,2020-01-04 01:01,US
3lNJ56GfiNeYRDqkP9c9Ol,Little Symphony,Serenity,Boyoma,27,99047,False,0.175,0.195,9,-23.733,0,0.0464,0.857,0.84,0.372,0.104,63.029,4,ambient,299263,2020-01-04 01:02,EU
6g4oYXbiCRAU8iPIAPR5Rm,Little Symphony,Serenity,Aurora,27,121904,False,0.178,0.0949,0,-23.573,1,0.0612,0.796,0.848,0.119,0.177,106.237,4,ambient,275877,2020-01-04 01:03,MENA
3LOi1V051Obp9hHRgAC0JU,Dmitri Shostakovich;Royal Concertgebouw Orchestra;Riccardo Chailly,Shostakovich: The Jazz Album,Jazz Suite No. 2: 6. Waltz II,53,225760,False,0.179,0.179,0,-17.838,0,0.0319,0.975,0.888,0.0758,0.432,185.851,3,ambient,148775,2020-01-04 01:04,MENA
1m8HLFKbX2BjlD74CfgSyH,Little Symphony,Serenity,Lamadaya,27,45714,False,0.144,0.12,0,-23.212,1,0.0484,0.811,0.895,0.117,0.265,71.542,3,ambient,963440,2020-01-04 01:05,EU
5Bb7YCLmeCNOeKYKOF3tou,Little Symphony,Serenity,Gurara,27,72380,False,0.13,0.112,0,-23.607,1,0.0513,0.79,0.855,0.112,0.145,85.425,1,ambient,735534,2020-01-04 01:06,LATAM
2269gvVfETAflSDZIlvqN6,Little Symphony,Serenity,Keyne,27,49523,False,0.199,0.118,0,-23.407,1,0.0546,0.608,0.602,0.118,0.164,123.353,5,ambient,784754,2020-01-04 01:07,APAC
03h0ioes0mfaZIeAO1fV5o,Julien Baker;Phoebe Bridgers;Lucy Dacus,boygenius,Bite The Hand,57,192070,False,,0.507,10,-8.119,1,0.0269,0.374,0.0343,0.11,0.193,100.13,4,ambient,361516,2020-01-04 01:08,LATAM
5MTxU2PS6IJVhFHtzMlvyB,Little Symphony,Serenity,Prajna,27,76190,False,0.157,0.118,0,-23.331,1,0.0521,0.845,0.908,0.119,0.262,86.731,4,ambient,676850,2020-01-04 01:09,EU
2i9XfzVIaSxV855mu3iEmM,Little Symphony,Serenity,Gelion,27,102857,False,0.203,0.215,0,-23.772,1,0.0548,0.74,0.567,0.299,0.182,118.355,4,ambient,153828,2020-01-04 01:10,US
2CEq42dvxfJucii63I36EY,Little Symphony,Serenity,Isobel,27,49523,False,0.132,0.116,0,-23.457,1,0.0461,0.902,0.928,0.126,0.217,92.325,4,ambient,708416,2020-01-04 01:11,US
1t4EDMSxXLQhOiutcMN6VQ,Little Symphony,Serenity,Fleur,27,64761,False,0.196,0.435,0,-24.807,1,0.195,0.633,0.193,0.659,,59.802,4,ambient,621690,2020-01-04 01:12,US
3zkoCPVFKWD6RpwpqqNyLo,Little Symphony,Fuente,Dulce,27,77647,False,0.183,0.123,0,-21.108,1,0.051,0.694,0.937,0.373,0.0448,81.342,4,ambient,398326,2020-01-04 01:13,MENA
5EdqBLQrzOgQsHIs7A3fxA,Little Symphony,Serenity,Dalfon,27,114285,False,0.199,0.102,0,-23.531,1,0.0497,0.838,0.903,0.114,0.262,81.059,4,ambient,739421,2020-01-04 01:14,US
6d3RIvHfVkoOtW1WHXmbX3,Little Symphony,Serenity,Margot,27,45714,False,0.269,0.142,0,-23.695,1,0.0509,0.866,0.904,0.114,0.321,67.872,3,ambient,681783,2020-01-04 01:15,APAC
75X0empj9JK9h6SNOliKgW,Little Symphony,Serenity,Adurant,27,41904,False,0.136,0.116,0,-22.585,1,0.0485,0.828,0.903,0.119,0.221,79.102,1,ambient,495098,2020-01-04 01:16,MENA
5I0dxGHQbeqLYaHLxLWF6g,Eashwar Subramanian,Across the River,Offering at Dawn,18,215063,False,0.368,0.294,5,-13.599,1,0.0302,0.399,0.00959,0.16,0.126,180.003,3,ambient,268022,2020-01-04 01:17,APAC
79NTF8fdHY0gdu23bgSvle,aswekeepsearching,Rooh,Green and Blue,18,244690,False,0.241,0.856,1,-6.771,1,0.0474,0.02,0.00168,0.1,0.293,132.006,3,ambient,121209,2020-01-04 01:18,APAC
4mjN6vHyggxTPU4ZvpxVsE,aswekeepsearching,Rooh,Eneke Najaaba,19,146195,False,,0.499,0,-11.844,1,0.0317,0.82,0.899,0.116,0.205,143.843,4,ambient,943933,2020-01-04 01:19,EU
4Yf9QLUM8EeHaCS7EnaHnX,Christian Löffler,Versailles (Hold),Versailles (Hold) - Edit,53,218727,False,0.425,0.375,0,-13.693,0,0.0353,0.467,0.525,0.133,0.179,116.99,4,ambient,353222,2020-01-04 01:20,EU
3zthhGnvubjpItG1KDe3GU,Michael Brook;Nusrat Fateh Ali Khan,Night Song (Real World Gold),Lament,22,315026,False,0.464,0.211,2,-19.716,0,0.0387,0.916,0.506,0.0819,0.271,105.729,4,ambient,371613,2020-01-04 01:21,APAC
7fgqEIEV6kpswoBsgru92Z,Olivia Belli,Impromptu,Impromptu,51,155360,False,0.235,0.0177,3,-31.596,1,0.0362,0.989,0.919,0.0917,0.0464,103.05,1,ambient,712958,2020-01-04 01:22,APAC
3ArR6xtyGPGppZoy4999q0,Jóhann Jóhannsson,The Theory of Everything (Original Motion Picture Soundtrack),Rowing,49,102057,False,0.597,0.268,7,-18.485,0,0.0564,0.954,0.961,0.132,0.0992,137.942,3,ambient,329667,2020-01-04 01:23,APAC
47kA4ykK0Rlwjf8oV2HMo7,Jean-Michel Blais,aubades,amour,53,277853,False,0.175,0.212,6,-14.073,1,0.0374,0.85,0.86,0.0979,0.128,132.026,3,ambient,438178,2020-01-04 01:24,LATAM
0F78AWB4E53yOvldzqhgBK,Mike Lazarev,Unhinged,Unhinged,54,124589,False,0.494,0.0345,4,-19.24,0,0.0374,0.985,0.952,0.223,0.192,70.907,4,ambient,740045,2020-01-04 01:25,LATAM
0d0oCKpagxERDFdn0jxrcj,Abel Korzeniowski,Nocturnal Animals (Original Motion Picture Soundtrack),Wayward Sisters,48,175706,False,0.281,0.443,6,-12.56,0,0.0322,0.699,0.92,0.155,0.055,97.833,3,ambient,635837,2020-01-04 01:26,EU
3AsfuEnwyMTHS7mbzcRUdV,Keaton Henson,Birthdays,You,50,282680,False,0.298,0.151,8,-14.479,0,0.0341,0.769,0.00602,0.105,0.139,158.407,3,ambient,690803,2020-01-04 01:27,US
18jxPJ0aA7zq0ijztjSvTY,Dustin O'Halloran;Hauschka,Lion (Original Motion Picture Soundtrack),Lion Theme,52,118746,False,0.303,0.129,0,-18.549,0,0.0348,0.915,0.872,0.122,0.073,137.734,3,ambient,104203,2020-01-04 01:28,LATAM
2nlqFOnSp8TAqzi7KYnrRC,Novo Amor,Birthplace,Utican,47,175986,False,0.45,0.574,6,-6.568,1,0.0393,0.908,0.0289,0.126,0.321,145.674,4,ambient,506168,2020-01-04 01:29,EU
1veZkUONsfxYDfqcGo6YbG,Niklas Paschburg;Andy Barlow,Svalbard,Duvet,50,204845,False,0.403,0.16,6,-22.779,1,0.0369,0.959,0.941,0.0911,0.16,72.571,4,ambient,527740,2020-01-04 01:30,EU
6Yy3QRfT2WsUXrdplVdt4h,Hania Rani,Esja,Eden,54,295293,False,0.437,0.183,9,-25.455,0,0.0369,0.985,0.916,0.0989,0.0393,138.098,4,ambient,669200,2020-01-04 01:31,EU
4lyY06kGvzvmG6ErToOVLe,Max Richter,Sleep,Dream 1 (before the wind blows it all away) - Pt. 2,54,142355,False,0.314,0.00174,6,-37.754,1,0.0473,0.994,0.97,0.11,0.0628,64.329,4,ambient,236312,2020-01-04 01:32,US
4nqii97vcECB2Vd2OLnssW,"Dario Marianelli;English Chamber Orchestra;""Benjamin Wallfisch",Pride and Prejudice - OST,"The Living Sculptures Of Pemberley - From """"""""Pride & Prejudice"""""""" Soundtrack""""",52,181106,False,0.0701,0.0132,3,-28.395,1,0.0404,0.98,0.634,0.072,0.034,75.221,3,ambient,243543,2020-01-04 01:33,MENA
3x5EerSpxWhkSvLKQ87U2S,Goldmund;Scott Moore;Emily Pisaturo,Flower Duet (Goldmund Rework),Flower Duet - Goldmund Rework,44,167432,False,0.29,0.177,0,-15.928,1,0.0364,0.896,0.944,0.114,0.0706,115.306,3,ambient,786187,2020-01-04 01:34,APAC
1WOxGNutRwrbik8BA5f2AY,Jon Hopkins,Immunity,Immunity,51,596773,False,0.434,0.305,7,-18.173,1,0.0364,0.892,0.942,0.111,0.0594,139.878,4,ambient,705994,2020-01-04 01:35,MENA
3yXG9QHONVu3zOqj68evR4,Novo Amor;Ed Tullett;Lowswimmer,Heiress,Cavalry,46,311853,False,0.275,0.401,3,-10.641,1,0.0349,0.8,0.00903,0.124,0.186,147.662,4,ambient,830063,2020-01-04 01:36,US
3gxwWtR114M0fzmSPNWdfI,Abel Korzeniowski,W.E. - Music From The Motion Picture,Charms,51,243493,False,0.241,0.306,8,-13.571,0,0.0404,0.929,0.895,0.134,0.065,89.802,3,ambient,343549,2020-01-04 01:37,LATAM
3W3xcAOWb0TkMqqI7Rd5xg,Biosphere,Angel's Flight,Angel's Flight,44,352357,False,0.521,0.28,1,-16.645,1,0.0362,0.946,0.943,0.112,0.307,141.96,1,ambient,997841,2020-01-04 01:38,MENA
1hdDnQRPinE8hxYhW3uy6u,Gustavo Santaolalla,The Last of Us,The Path (A New Beginning),49,167066,False,0.635,0.256,11,-14.187,0,0.0355,0.874,0.95,0.107,0.249,92.025,4,ambient,345552,2020-01-04 01:39,US
4iFiFqYJpZWBMn98i7sC4d,Slow Meadow,Slow Meadow (Deluxe Edition),Grey Cloud Lullaby,57,274218,False,0.0911,0.163,2,-17.135,1,0.0382,0.945,0.965,0.0975,0.0393,63.438,4,ambient,685865,2020-01-04 01:40,APAC
2vD20Aj8Ru9NAmJl1Ca2qS,Ólafur Arnalds,re:member,momentary,56,125413,False,0.429,0.00693,9,-31.051,1,0.0539,0.995,0.938,0.0711,,97.075,4,ambient,245961,2020-01-04 01:41,APAC
7cpVPjdyGplWZLlg66KuWQ,"Dario Marianelli;""Jean-Yves Thibaudet",Pride and Prejudice - OST,"Stars and Butterflies - From """"""""Pride & Prejudice"""""""" Soundtrack""""",50,118986,False,0.178,0.0135,7,-28.203,1,0.046,0.964,0.92,0.116,0.0392,47.37,4,ambient,926651,2020-01-04 01:42,MENA
5BRfucuiAf5IYRbwBYBYPZ,Joep Beving,Prehension,Ab Ovo,54,288280,False,0.393,0.0429,9,-25.727,0,0.0341,0.992,0.925,0.0821,0.0394,135.405,4,ambient,399139,2020-01-04 01:43,MENA
6iL0pob2CNH1KNXPsSl9Fo,Alexis Ffrench,Relaxing Classical,Bluebird,57,204629,False,0.448,0.111,10,-20.606,1,0.0353,0.991,0.898,0.0974,0.0755,74.76,3,ambient,822229,2020-01-04 01:44,APAC
1Cy8vJyd2f4QmAo7QxOBt1,Ludovico Einaudi,Divenire (Deluxe Edition),Andare,49,417733,False,0.398,0.19,4,-18.011,0,0.0302,0.987,0.911,0.0834,0.174,169.153,4,ambient,398125,2020-01-04 01:45,LATAM
4A1VmZQ2rdCS07En1TLDNb,John Adams;Nicolas Hodges;Rolf Hind,Road Movies,Adams: Hallelujah Junction: 1st Movement,47,429933,False,0.525,0.144,8,-22.617,1,0.0349,0.984,0.89,0.186,0.321,115.509,4,ambient,811762,2020-01-04 01:46,MENA
4bSsLYbyCEisguAfwVlph7,Ludovico Einaudi,In A Time Lapse,Corale,52,125400,False,0.201,0.0332,1,-29.063,1,0.0516,0.863,0.986,0.11,0.0315,83.87,4,ambient,508760,2020-01-04 01:47,APAC
4N7h4IHWRaJCOo1VFdTMHV,Philip Glass,The Truman Show (Original Motion Picture Soundtrack),Truman Sleeps,55,111831,False,0.38,0.0797,8,-18.041,1,0.0438,0.991,0.935,0.123,0.0668,109.091,4,ambient,156241,2020-01-04 01:48,US
5ZWbnDBQ07zjDIBDSB9eAV,Little Symphony,Serenity,Meander,27,91428,False,0.107,0.117,0,-23.472,1,0.0531,0.704,0.835,0.118,0.232,174.17,3,ambient,271377,2020-01-04 01:49,APAC
2O5Pz5YdIf9Be12rE9fEWB,Little Symphony,Serenity,Veliki,27,53333,False,0.2,0.13,0,-23.285,1,0.0481,0.878,0.91,0.114,0.336,110.51,3,ambient,715094,2020-01-04 01:50,LATAM
30VJ9FGjnXBgLNtWnS9N4g,Little Symphony,Serenity,Mokau,27,68571,False,0.182,0.106,0,-23.278,1,0.0493,0.893,0.904,0.113,0.233,97.453,4,ambient,273706,2020-01-04 01:51,US
2ConcMShn9TnYXpgeqs71S,Little Symphony,Serenity,Enlil,27,49523,False,0.265,0.124,0,-23.395,1,0.0456,0.809,0.916,0.114,0.371,100.861,4,ambient,347786,2020-01-04 01:52,LATAM
29q7PM3L44I9R6yhd234Oy,Little Symphony,Serenity,Arethusa,27,80000,False,0.201,0.444,0,-23.991,1,0.132,0.669,0.08,0.367,0.494,129.808,4,ambient,587564,2020-01-04 01:53,APAC
1jrFczYf5NysHccOQPXnNP,Ludovico Einaudi;Amsterdam Sinfonietta,Elements (Deluxe),Elements,51,365960,False,0.674,0.267,9,-17.058,0,0.0318,0.976,0.954,0.0847,0.394,107.749,4,ambient,327743,2020-01-04 01:54,MENA
34DFDdLAZRM18ARHGHYCt2,Little Symphony,Serenity,Harendra,27,144761,False,0.199,0.12,0,-23.949,1,0.0514,0.814,0.85,0.115,0.3,71.151,3,ambient,215989,2020-01-04 01:55,LATAM
7he38NZUICh6T2dP5CpbAJ,Little Symphony,Serenity,Zephyr,27,83809,False,0.185,0.119,0,-23.618,1,0.0527,0.811,0.853,0.118,0.346,129.282,4,ambient,661867,2020-01-04 01:56,EU
4oHq26hX82ls9HmKGqZGVH,Little Symphony,Serenity,Esgalduin,27,49523,False,0.29,0.129,10,-23.333,1,0.055,0.733,0.762,0.113,0.182,92.904,1,ambient,720006,2020-01-04 01:57,MENA
4QunEuIrDNY59Wu610wKQt,Little Symphony,Serenity,Anvindr,26,175238,False,0.184,0.109,0,-24.131,1,0.0631,0.786,0.879,0.117,0.193,131.54,4,ambient,759742,2020-01-04 01:58,LATAM
21KMRkNwCYBsigyFvBsZWk,Little Symphony,Serenity,Owharoa,26,99047,False,0.104,0.316,0,-23.74,1,0.0642,0.838,0.798,0.604,,79.953,1,ambient,949551,2020-01-04 01:59,US
7qIqOFDgHqCC2xSkvU77xV,Little Symphony,Serenity,Devdari,27,68571,False,0.197,0.122,5,-23.756,1,0.0496,0.822,0.836,0.115,0.307,86.216,3,ambient,212044,2020-01-04 02:00,APAC
3t0taPa9HNOXF1kCB00G3P,Little Symphony,Serenity,Kalambo,27,45714,False,0.18,0.0968,0,-22.729,1,0.0478,0.863,0.938,0.12,0.388,80.867,1,ambient,484115,2020-01-04 02:01,US
6d3RIvHfVkoOtW1WHXmbX3,Little Symphony,Serenity,Margot,27,45714,False,0.269,0.142,0,-23.695,1,0.0509,0.866,0.904,0.114,0.321,67.872,3,ambient,310595,2020-01-04 02:02,US
2d9KBVxb6bUfVCjjv1JAVe,Brian Eno,Another Green World,The Big Ship - 2004 Digital Remaster,52,181933,False,0.377,0.261,0,-15.708,1,0.0411,0.132,0.875,0.116,0.0457,117.994,3,ambient,910993,2020-01-04 02:03,MENA
6KAf1Y6OHR34qdmgUFO5zf,Gustavo Santaolalla,The Last of Us Part II (Original Soundtrack),Unbroken,47,278800,False,0.346,0.095,2,-22.82,0,0.0428,0.907,0.864,0.0923,0.0396,109.452,5,ambient,585812,2020-01-04 02:04,MENA
49O7yA5mIzGLGw3CHlDDkI,aswekeepsearching,Rooh,Aitbaar,18,310474,False,0.573,0.287,3,-11.124,1,0.0337,0.79,0.0,0.111,0.108,115.917,3,ambient,188484,2020-01-04 02:05,LATAM
1XotHNg5Tnpcyq1R2nJ7Na,Gustavo Santaolalla,Dhobi Ghat,Munna’S Love,19,145450,False,0.576,0.137,4,-20.681,0,0.0509,0.986,0.897,0.0871,0.532,104.033,4,ambient,722932,2020-01-04 02:06,US
01PEslX4hEffSyeZbp9tHm,aswekeepsearching,Khwaab,In Circles,18,333124,False,0.525,,1,-6.591,0,0.0336,0.0251,0.84,0.346,0.077,120.03,4,ambient,138661,2020-01-04 02:07,MENA
7FJl0uqxLDfH9bhQ1Gte0x,Gustavo Santaolalla,The Last of Us Part II (Original Soundtrack),Beyond Desolation,48,144626,False,0.489,0.15,7,-15.737,0,0.0607,0.891,0.722,0.0772,0.0932,79.987,4,ambient,346755,2020-01-04 02:08,EU
5EOEErdkUukZF8X7aP4eqo,Michael Brook;Nusrat Fateh Ali Khan,Night Song (Real World Gold),Crest,22,375493,False,0.417,0.49,2,-13.065,0,0.0514,0.246,0.432,0.065,0.121,105.892,4,ambient,749231,2020-01-04 02:09,APAC
5wm0L02zvFgWP6QwIBh16p,Fejká,Jubal,Jubal,42,252528,False,0.671,0.838,9,-9.902,0,0.0352,0.00495,0.854,0.34,0.0348,120.01,4,ambient,555404,2020-01-04 02:10,LATAM
2KJkKZ6u3QRm9Xpu5I2CPB,Clem Leek,Rest,Patience Is A Virtue,48,119063,False,0.305,0.168,4,-16.916,1,0.0332,0.964,0.852,0.103,0.051,117.312,4,ambient,784918,2020-01-04 02:11,MENA
3JggEa7I7tBPQhiOfexL6U,Max Richter,The Leftovers: Season 1 (Music from the HBO Series),She Remembers,50,229403,False,0.0602,0.0276,6,-21.52,0,0.0528,0.979,0.962,0.101,0.0356,67.561,3,ambient,614070,2020-01-04 02:12,LATAM
4FEcEOyyGbPR1cnYMBTRfO,Helios,Domicile,Our Distance,42,323573,False,0.302,0.0288,0,-26.078,1,0.0491,0.956,0.805,0.101,0.069,119.592,4,ambient,858751,2020-01-04 02:13,MENA
73X9X7kDgsm4YeHpc8prf6,Bicep,Apricots,Apricots,54,246506,False,0.819,0.599,11,-6.778,1,0.039,0.347,0.824,0.083,0.489,127.986,4,ambient,606308,2020-01-04 02:14,EU
0At6u6PcgTPEj9jYZakh2L,Simon Wester,Life,Life,39,197943,False,0.395,0.0782,5,-23.023,1,0.0414,0.988,0.905,0.104,0.0798,173.83,4,ambient,151135,2020-01-04 02:15,APAC
1UdiJ6Y2eisfQQ76MZOX4B,Hildur Guðnadóttir,Joker (Original Motion Picture Soundtrack),Hoyt's Office,40,84760,False,0.145,0.126,11,-18.667,1,0.0356,0.853,0.98,0.113,0.0278,58.373,3,ambient,164135,2020-01-04 02:16,EU
4AFpvq7RIoky0hxjn1fKoO,Apparat,The Devil's Walk,Black Water,44,282973,False,0.324,0.588,2,-10.75,1,0.0518,0.223,0.464,0.523,0.0792,89.826,4,ambient,799215,2020-01-04 02:17,APAC
1Kb2DqjHRvOcT5xeWtz3t5,Sylvain Chauveau,Des Plumes Dans La Tête,Ferme Les Yeux,53,68493,False,0.0,0.0323,2,-23.636,0,0.0,0.994,0.973,0.0922,0.0,0.0,0,ambient,134741,2020-01-04 02:18,EU
5kRBxcHNbWOUFvv15I0dMP,Lambert,Gdansk,Gdansk,51,147314,False,0.444,0.0508,5,-28.789,1,0.0395,0.993,0.894,0.0983,0.271,132.664,3,ambient,438884,2020-01-04 02:19,MENA
7yrUiuQjjDqeFjY4Ng10em,Flower Face,Back to You,Back to You,39,202827,False,0.389,0.202,2,-15.121,1,0.0375,0.887,2.86e-06,0.128,0.187,83.019,4,ambient,114493,2020-01-04 02:20,APAC
5n1HBXOeeKzEfdlEMJ6Tmm,Roedelius;Arnold Kasar,Einfluss,Black White Felt,49,241773,False,0.0643,0.0704,7,-24.653,1,0.039,0.654,0.767,0.0886,0.0674,65.582,4,ambient,373003,2020-01-04 02:21,EU
7hQiWMz4Xisr6c5VdBsPKT,Sebastián Escofet,Universo en Miniatura Vol. 1,Final Mid,47,129199,False,0.488,0.0549,11,-26.054,0,0.0376,0.987,0.943,0.0753,0.122,65.011,4,ambient,635622,2020-01-04 02:22,MENA
4EDj8GXOlI45vG4SOfswK3,Grouper,Paradise Valley,Headache,48,304460,False,,0.154,9,-22.065,1,0.0444,0.833,0.88,0.0809,0.0383,138.131,4,ambient,255721,2020-01-04 02:23,US
60Pe9j2pCBa4Zp4ztf5nhd,Aphex Twin,Windowlicker,Windowlicker,55,368400,False,0.698,0.789,8,-4.936,1,0.163,0.132,0.0091,0.366,0.492,123.016,4,ambient,519488,2020-01-04 02:24,LATAM
1jpMsR7pZ56267QsvCOhci,Phoria,Volition,Saving Us a Riot,47,257516,False,0.475,0.137,3,-16.239,0,0.032,0.723,0.129,0.124,0.057,129.623,4,ambient,996413,2020-01-04 02:25,EU
5kK0CQYgpRgBrtMNNN47BG,Gustavo Santaolalla,The Last of Us,The Last of Us (Goodnight),48,51000,False,0.535,0.113,9,-22.767,0,0.233,0.93,0.635,0.0982,0.333,119.958,4,ambient,163444,2020-01-04 02:26,EU
0oN921mKYPOVYhKceZofrs,Abel Korzeniowski,Penny Dreadful: Seasons 2 & 3 (Music From The Showtime Original Series),Ghost Waltz,51,170893,False,0.148,0.25,7,-15.961,1,0.0334,0.906,0.775,0.12,0.162,171.567,3,ambient,157297,2020-01-04 02:27,US
1uwKP0GLOEadApXpoMqynE,Federico Albanese,By the Deep Sea,We Were There,52,217125,False,0.254,0.131,5,-22.392,0,0.0332,0.84,0.899,0.0777,0.0372,135.145,4,ambient,344122,2020-01-04 02:28,LATAM
0NLinDVPDkD2OCCqhh6PZ5,Gustavo Santaolalla,Brokeback Mountain Soundtrack,The Wings,36,112546,False,0.525,0.0406,0,-16.14,1,0.0413,0.557,0.964,0.118,0.31,88.027,3,ambient,844306,2020-01-04 02:29,LATAM
4BTPwdNcGQK2GQxwvKkiZI,Ludovico Einaudi;Daniel Hope;I Virtuosi Italiani,In A Time Lapse (Deluxe Edition),Experience,49,315426,False,0.447,0.449,2,-10.634,1,0.0376,0.934,0.961,0.0697,0.036,92.468,4,ambient,465217,2020-01-04 02:30,MENA
2fTIn1AqeTGR6tSSfiS8zk,Marconi Union,Weightless (Ambient Transmission Vol. 2),Weightless Part 4,55,437253,False,0.248,0.0318,9,-24.706,0,0.0447,0.926,0.954,0.111,0.0756,130.462,3,ambient,675544,2020-01-04 02:31,EU
0ePG8cXgoLfOqVYVX8Ju6a,Gavin Luke,Night Walk,Night Walk,46,140585,False,0.249,0.128,6,-19.254,1,0.0408,0.978,0.922,0.109,0.388,170.246,4,ambient,130483,2020-01-04 02:32,APAC
6UnSlwVAEPblKJING6FH5Z,Fabrizio Paterlini,Transitions,The hall is dancing,50,63262,False,0.482,0.00796,7,-36.846,1,0.0395,0.988,0.953,0.0972,0.0757,105.502,4,ambient,761571,2020-01-04 02:33,EU
2pr6us08iPNzIex5q6fMvI,Clint Mansell,The Fountain OST,Together We Will Live Forever,51,301733,False,0.483,0.0176,7,-25.501,0,0.052,0.994,0.928,0.0912,0.2,76.384,4,ambient,160683,2020-01-04 02:34,US
1wb6pRSvhekFyXO5j3fXol,Hania Rani;Ólafur Arnalds,Woven Song — piano reworks,Woven Song — piano reworks,52,227674,False,0.273,0.0338,1,-33.878,0,0.0343,0.984,0.878,0.105,0.134,147.649,3,ambient,740544,2020-01-04 02:35,EU
6TCX42krn2Hq8vqCuEIkrh,Ludovico Einaudi,I Giorni,I Giorni,52,359213,False,,0.082,2,-25.537,1,0.0526,0.988,0.915,0.107,0.0788,142.581,3,ambient,233127,2020-01-04 02:36,EU
4m8ttWM8IKXyhpv89E867J,Air,Talkie Walkie,Cherry Blossom Girl,55,219760,False,,0.76,1,-7.906,0,0.0374,0.362,0.955,0.13,0.504,75.012,4,ambient,872590,2020-01-04 02:37,LATAM
6KeXJbrg02axATKVgdW8am,Ludovico Einaudi,Una Mattina,Ora,54,473493,False,0.225,0.124,10,-26.385,1,0.0544,0.965,0.905,0.0937,,132.853,4,ambient,366519,2020-01-04 02:38,MENA
18Kt9lI9qQK5hUHtaIPOP2,Bethel Music;Cory Asbury;Gable Price,Homecoming (Live),Homecoming - Live,55,468274,False,0.388,0.566,0,-8.316,1,0.0332,0.269,1.2e-06,0.0938,0.17,144.914,3,ambient,265412,2020-01-04 02:39,APAC
15m36xE78aYbp6Z9W7TBXv,Ludovico Einaudi,In A Time Lapse,Waterways,51,257666,False,0.332,0.105,8,-23.594,1,0.0328,0.87,0.838,0.109,0.0534,127.923,4,ambient,403034,2020-01-04 02:40,MENA
4qNt7aKMYGvRjLqms8eW7p,Morten Myklebust,Break Up,Friends,26,168669,False,0.408,,3,-12.626,1,0.0422,0.939,6.07e-06,0.153,0.324,140.247,4,ambient,100742,2020-01-04 02:41,LATAM
4rOEomrglcLPZcilsFeaIE,Roberto Cacciapaglia;Royal Philharmonic Orchestra,Tree of Life,Tree of Life Suite: Oceano,49,130572,False,0.345,0.512,7,-11.576,0,0.0343,0.938,0.888,0.126,0.242,110.148,4,ambient,248610,2020-01-04 02:42,EU
7FINWnbVBnZdja3kUIvptF,Bethel Music;Brian Johnson,Be Lifted High,You Are Good,40,265520,False,0.396,0.843,9,-7.077,1,0.0467,0.0041,2.46e-06,0.45,0.354,144.011,4,ambient,638675,2020-01-04 02:43,US
2ozeCscFSmHW7FKLSTJlA4,Peter Sandberg,Balm,Synesthesia (Scaled Down Version),52,114461,False,0.679,0.0809,9,-21.97,1,0.0583,0.994,0.942,0.0969,0.195,130.049,4,ambient,370701,2020-01-04 02:44,MENA
2WkuESwWyJ1txlbXnDIwPm,Max Richter,Voyager - Essential Max Richter,A Catalogue of Afternoons,56,108773,False,0.126,0.0805,11,-31.267,1,0.0413,0.996,0.852,0.0976,0.124,205.971,5,ambient,418472,2020-01-04 02:45,EU
7L4w1yQnlhqo4oUjpW53wz,Keaton Henson,Dear,You Don't Know How Lucky You Are,50,228080,False,0.389,0.314,2,-8.559,1,0.0345,0.772,0.576,0.109,0.107,95.641,4,ambient,826505,2020-01-04 02:46,EU
6p9Frj8pPOCWol6HMFihSs,Bethel Music;Jonathan David Helser;Melissa Helser,Homecoming (Live),I Believe - Live,52,456000,False,0.44,0.702,10,-6.759,1,0.0325,0.0197,3.79e-05,0.109,0.295,143.99,4,ambient,211408,2020-01-04 02:47,MENA
0MN6XmUQqauhnaOm8BHuwB,Fous De La Mer;Clair Dietrich;J.C. Fous de la mer,Cosmic Lullaby (2022 Remix Edition),Cosmic Lullaby 432Hz - J.C. Fous De La Mer Remix,26,372727,False,0.682,0.444,5,-16.704,0,0.0964,0.646,0.873,0.113,0.261,131.991,4,ambient,456302,2020-01-04 02:48,EU
6IUwiHsyKAZtfBy37Wu4ij,Grouper,Dragging a Dead Deer Up a Hill,Heavy Water/I'd Rather Be Sleeping,53,173026,False,0.458,0.309,2,-14.186,1,0.0283,0.909,0.956,0.118,0.0556,106.006,4,ambient,267524,2020-01-04 02:49,MENA
6z9boGNLLOYL9jx1sWrBnP,Sueño Latino;Valeria Vix;Vix,Viciosa,Viciosa - Vix Club Remix,27,387466,False,0.74,0.974,1,-8.817,1,0.0558,0.00231,0.03,0.0345,0.466,130.012,4,ambient,534562,2020-01-04 02:50,APAC
6qFJBjIf3d0XsmpEFmZez9,Ludovico Einaudi,Islands - Essential Einaudi,The Earth Prelude,52,301573,False,0.221,0.0319,7,-20.259,1,0.0417,0.989,0.943,0.0674,0.043,80.491,3,ambient,398574,2020-01-04 02:51,APAC
7blNhlXimy77PduXyWtmcI,Julien Baker;Phoebe Bridgers;Lucy Dacus,boygenius,Salt In The Wound,55,251469,False,0.417,0.361,2,-7.59,1,0.0301,0.0204,0.00167,0.0999,0.285,62.532,3,ambient,141606,2020-01-04 02:52,LATAM
51NAGtuMHI3x2KfrMc86z4,Clint Mansell,Loving Vincent (Original Soundtrack Album),The Night Café,44,247729,False,0.337,0.309,2,-15.671,0,0.035,0.973,0.961,0.0636,0.0356,113.48,4,ambient,163209,2020-01-04 02:53,EU
3XuYDvb6QZD0cFvAOhszc4,aswekeepsearching,Rooh,A Night in Zottegem,19,248906,False,0.413,0.389,9,-10.039,1,0.0263,0.63,0.895,0.0823,0.0698,85.008,4,ambient,867099,2020-01-04 02:54,LATAM
5gQwnCbHVKuDFTtjkHZPGT,aswekeepsearching,Zia,Reminiscence,18,278500,False,0.25,0.656,1,-6.576,1,0.0317,0.229,0.82,0.0956,0.15,104.987,4,ambient,151221,2020-01-04 02:55,MENA
1zl2OD6MgQoXlQJbXnXfJL,Tony Anderson,Nuit,Lune,41,210461,False,0.506,0.162,9,-27.524,0,0.0343,0.901,0.818,0.0972,0.502,129.948,3,ambient,804437,2020-01-04 02:56,MENA
0E5kJzyQhf4m02ooeO9tTy,AL-90;FMSAO,Hibernation,Vchera,43,323000,False,0.65,0.609,8,-9.038,1,0.0663,0.0298,0.875,0.106,0.18,119.993,4,ambient,924422,2020-01-04 02:57,LATAM
0V6RYqlWn8uMFDFJpMmPTA,Simon Wester;Rasmus H Thomsen,This is for You,This is for You,36,200331,False,0.587,0.033,2,-24.687,1,0.042,0.991,0.911,0.107,0.269,115.94,4,ambient,519228,2020-01-04 02:58,MENA
0Oajka6trs5YNuLY2t1qib,Tom Day,Somewhere in October,Somewhere in October,45,247422,False,0.581,0.375,3,-16.464,1,0.0363,0.39,0.651,0.672,0.106,97.006,4,ambient,380892,2020-01-04 02:59,APAC
4RJHyjSrcIGkFYpTkdkq2B,Sleeping At Last,Atlas: I,Venus,45,200562,False,0.409,0.407,7,-11.483,1,0.0302,0.676,0.000153,0.101,0.329,134.977,4,ambient,798684,2020-01-04 03:00,EU
3Yagxg6rtkwN01AYzA862i,Ólafur Arnalds;Bonobo,Loom,Loom (feat. Bonobo),47,226866,False,0.545,0.18,5,-21.022,0,0.0337,0.988,0.906,0.0686,0.31,156.694,4,ambient,984006,2020-01-04 03:01,APAC
3e7aCXFfpVncLO8IzvhRlb,Dario Marianelli,Paddington 2 (Original Motion Picture Soundtrack),A Letter From Prison,50,140760,False,0.288,0.0323,10,-25.465,1,0.0362,0.975,0.96,0.106,0.0345,112.168,4,ambient,208384,2020-01-04 03:02,APAC
7JGe5XiHmtJZ05qt9TYArV,Sleep Surgeon,Reverie,Reverie,41,211555,False,0.467,0.392,11,-14.282,1,0.0336,0.023,0.913,0.107,0.038,135.0,4,ambient,967929,2020-01-04 03:03,LATAM
1hYKf70p3y7dX5Na2qDARt,Hammock,Everything and Nothing,Dissonance,42,196960,False,0.423,0.668,2,-7.927,0,0.0252,0.0381,0.96,0.168,0.506,86.021,4,ambient,949362,2020-01-04 03:04,APAC
7rDZ4nCDVmaKrJeJacR0ih,Fejká;Marie Angerer,Infinity,Infinity (feat. Marie Angerer),45,252633,False,0.578,0.547,9,-12.526,0,0.032,0.564,0.853,0.112,0.0679,120.022,4,ambient,228314,2020-01-04 03:05,MENA
3mEkcvdowHbeNTfHnARhhu,AL-90,Murmansk-60,Black Sapphire,47,266270,False,0.465,0.619,7,-10.947,1,0.0447,0.758,0.916,0.108,0.0544,113.984,4,ambient,149264,2020-01-04 03:06,LATAM
0SBohN5M0676aJQ5gtRmBk,Novo Amor,Callow,Callow,45,196490,False,0.385,0.393,1,-11.91,1,0.0307,0.614,0.725,0.108,0.0918,109.909,4,ambient,743431,2020-01-04 03:07,US
0c0Z5agmnSibjIWjdZV6R1,Aphex Twin,Come To Daddy,IZ-US,54,177266,False,0.581,0.459,3,-14.519,0,0.0314,0.0398,0.881,0.151,0.315,119.042,4,ambient,169901,2020-01-04 03:08,MENA
5KIOfWtUEKrxDNi4OnIpg2,Murcof;Vanessa Wagner,Avril 14th (Aphex Twin) [Vanessa Wagner Version],Avril 14th (Aphex Twin) - Vanessa Wagner Version,58,165020,False,0.395,0.0826,5,-18.982,0,0.0432,0.995,0.93,0.126,0.119,93.288,4,ambient,640723,2020-01-04 03:09,MENA
1QGQ7wB1KZfpbbWNFCaVGm,Philip Glass,Koyaanisqatsi,Prophecies,48,491333,False,0.0655,0.0455,2,-26.592,0,0.0494,0.884,0.369,0.104,0.0388,66.915,4,ambient,158280,2020-01-04 03:10,APAC
31leo5SqxFz5BndXp3HKqw,Tom Ashbrook,Solitudes,Solitude I,50,229606,False,0.185,0.0535,1,-26.329,1,0.0435,0.975,0.953,0.0998,0.0849,179.997,3,ambient,721581,2020-01-04 03:11,APAC
1ZUwoCWz8rJqzBTwtdscPN,Clint Mansell,Mass Effect 3 (Original Soundtrack),Leaving Earth,51,123720,False,0.276,0.289,4,-14.322,0,0.0339,0.662,0.982,0.0963,0.0805,39.369,4,ambient,308534,2020-01-04 03:12,EU
0HZtVLVL6oLU9WobKQxqGu,Bicep,Isles,Lido,50,200240,False,0.648,0.339,9,-14.428,0,0.0304,0.966,0.881,0.105,0.169,119.984,4,ambient,186571,2020-01-04 03:13,LATAM
32zrKU0KPtMBFdQv5LTa9H,Tony Anderson,Chasm,Younger,44,406056,False,0.176,,7,-22.125,1,0.0391,0.953,0.907,0.0788,0.0395,120.077,3,ambient,159953,2020-01-04 03:14,EU
6vYYdK6VdU1c3X5WinwjPZ,Chad Lawson,irreplaceable (solo piano),irreplaceable - solo piano,44,267451,False,0.17,0.0388,0,-28.428,0,0.0462,0.938,0.922,0.105,0.129,125.098,4,ambient,269703,2020-01-04 03:15,LATAM
2ZZ3SXe3q8fwzVtIrQpEKy,Mercuzio Pianist,La noyée,La noyée - Amelie soundtrack,51,130652,False,0.567,0.243,7,-21.787,1,0.0581,0.995,0.892,0.0981,0.422,129.95,3,ambient,586676,2020-01-04 03:16,MENA
0ZZR7yshyNORje3HH1yxUX,Ólafur Arnalds;Lavinia Meijer,Are You Still Somewhere?,Saman,49,146360,False,0.481,0.182,3,-24.37,1,0.0638,0.995,0.966,0.118,0.125,100.542,4,ambient,168974,2020-01-04 03:17,US
4esxro8J1rbsalCPb0yrgC,Jon Hopkins,Singularity,Feel First Life,48,333400,False,0.181,0.0863,1,-21.685,1,0.0374,0.956,0.95,0.0929,,70.907,4,ambient,822045,2020-01-04 03:18,MENA
0Gfi0NProXzPEQbgBaz48D,Dirk Maassen,Time,Ethereal,42,203653,False,0.355,0.0552,7,-25.603,0,0.0334,0.976,0.915,0.131,0.195,106.809,4,ambient,643720,2020-01-04 03:19,EU
2ZUEopklc3lUm4OXUPB6WS,Bethel Music;Brandon Lake,Too Good To Not Believe (Live),Too Good To Not Believe - Live,55,633462,False,0.355,0.734,0,-8.221,1,0.0509,0.00177,0.0,0.0965,0.237,143.964,4,ambient,367571,2020-01-04 03:20,EU
1CpscCIJ2E5EtpMThnxkds,Abel Korzeniowski;Jasper Randall;The Hollywood Studio Symphony,Romeo and Juliet,Juliet's Dream,44,223000,False,0.505,0.0994,10,-21.953,0,0.0378,0.941,0.969,0.106,0.158,142.873,4,ambient,987930,2020-01-04 03:21,MENA
7tUQIhueKYGnKThIseP69M,Sleeping At Last,Many Beautiful Things (Original Motion Picture Soundtrack),Her Joy Was Complete,49,182000,False,0.151,0.0928,0,-20.167,1,0.0389,0.982,0.921,0.0771,0.113,156.658,3,ambient,692684,2020-01-04 03:22,EU
5cebPQVq4mdFykugzU2LfU,Bethel Music;We The Kingdom,Peace,The Blessing,51,414173,False,,0.0916,7,-17.125,1,0.0381,0.885,0.00027,0.0959,0.0489,168.926,5,ambient,704785,2020-01-04 03:23,APAC
506x1AFqa5UIh91P0dh0ra,Tony Anderson,The Heart of Man,Darkest Night,41,268083,False,0.18,0.328,7,-14.955,0,0.0381,0.0882,0.906,0.16,0.0445,88.592,4,ambient,256551,2020-01-04 03:24,APAC
1d6BkMki9M6K0yp9OLBzOM,Actress,Karma & Desire,Fire and Light,57,75969,False,0.337,0.28,0,-18.646,0,0.0384,0.987,0.882,0.0851,0.0824,140.004,4,ambient,739684,2020-01-04 03:25,US
6zYHwIlDPraiG9UTg4y0oe,Peter Broderick,Eyes Closed And Traveling,Eyes Closed And Traveling,56,219549,False,0.417,0.0939,6,-20.98,1,0.0402,0.984,0.826,0.0903,0.0384,84.241,4,ambient,603273,2020-01-04 03:26,EU
16Xl9H3ITIZFIYP5feQ9Sm,Federico Albanese,By the Deep Sea,By the Deep Sea,52,238318,False,0.541,0.21,5,-22.624,0,0.0373,0.885,0.868,0.0876,0.0461,119.916,4,ambient,986125,2020-01-04 03:27,US
5A2VY74odRFW9gVnFo1CRE,Jonny Greenwood,Spencer (Original Motion Picture Soundtrack),Spencer,41,103093,False,0.243,0.158,2,-24.65,0,0.0494,0.983,0.937,0.117,0.304,112.454,4,ambient,530197,2020-01-04 03:28,EU
3f0PZlTzwkqS1CJXvEKrHc,Yann Tiersen,Le Fabuleux destin d'Amélie Poulain (Bande originale du film),L'autre valse d'Amélie,55,93400,False,0.515,0.39,9,-9.544,0,0.0275,0.706,0.000684,0.137,0.0718,105.981,3,ambient,710209,2020-01-04 03:29,APAC
3rLe832ZEZfpBmkgXGSrtX,Brian Eno,FOREVERANDEVERNOMORE,Inclusion,42,295920,False,0.101,0.241,0,-17.526,1,0.0376,0.819,0.944,0.14,0.0369,90.234,5,ambient,407015,2020-01-04 03:30,MENA
6Xw5vTsRaUPaJO8mL0lUzh,Bicep,Water,Apricots,46,246506,False,0.819,0.601,11,-6.793,1,0.0389,0.347,0.798,0.0773,,127.989,4,ambient,136163,2020-01-04 03:31,MENA
5L8f98adkgyzT8DLL5ppec,Ludovico Einaudi,In A Time Lapse,Discovery At Night,51,265626,False,0.295,0.0326,3,-28.956,1,0.0566,0.994,0.931,0.15,,124.728,4,ambient,215124,2020-01-04 03:32,MENA
2qcbyAZxKglSsRaBhDE3PQ,Flower Face,Baby Teeth,Honey and Milk,44,223754,True,0.6,0.181,0,-11.581,1,0.0331,0.914,0.0,0.119,0.178,119.919,3,ambient,880304,2020-01-04 03:33,APAC
4XmCzeLAaBZvAKhX9tgTVo,Ludovico Einaudi,Una Mattina,Dietro Casa,54,229826,False,0.401,0.0949,8,-28.822,1,0.0583,0.985,0.883,0.0995,0.0293,103.858,4,ambient,764308,2020-01-04 03:34,MENA
7abUIdHn2uNnR75HP4BVFm,Ludovico Einaudi,Divenire (Deluxe Edition),Oltremare,49,660000,False,0.238,0.185,4,-18.862,0,0.0478,0.985,0.923,0.0655,0.0395,145.18,3,ambient,428210,2020-01-04 03:35,APAC
3BfKUxdpnG24qXFYX2e5XU,Fabrizio Paterlini,Viaggi in aeromobile,Soffia la notte,52,204461,False,0.302,0.405,4,-16.077,0,0.0388,0.978,0.927,0.124,0.213,110.259,4,ambient,728041,2020-01-04 03:36,APAC
3RzCcZ05bVMHfsebF5PHmw,Nils Frahm,Old Friends New Friends,Nils Has a New Piano,52,245438,False,,0.0319,0,-34.481,0,0.0451,0.983,0.952,0.0607,0.183,128.733,3,ambient,103927,2020-01-04 03:37,MENA
1XmdB9Kha5e5H4PfTSmewn,Sleeping At Last,Atlas: Touch,Atlas: Touch,50,253892,False,0.398,0.0933,0,-11.879,1,0.0442,0.958,4.63e-06,0.0893,0.185,81.76,3,ambient,133463,2020-01-04 03:38,US
6jWAQNlfoScyyDijaa7uVO,Clint Mansell,Out of Blue (Original Motion Picture Soundtrack),Out Of Blue,43,122810,False,0.146,0.143,2,-19.2,0,0.0324,0.978,0.829,0.117,0.173,81.018,4,ambient,556510,2020-01-04 03:39,LATAM
5YB0bqHv7rDYhkzIW8VQmq,Benoît Pioulard,Radial,Stone In Focus,46,663021,False,0.0832,0.245,1,-14.042,1,0.0484,0.933,0.741,0.0944,0.0372,85.475,3,ambient,662467,2020-01-04 03:40,MENA
1ByjUtjfHISyPBH1m4uhvT,Eydís Evensen,Brotin,Brotin,49,195193,False,0.395,0.0465,11,-25.504,0,0.0383,0.978,0.923,0.0968,0.1,66.808,4,ambient,943312,2020-01-04 03:41,US
1khyaJ61tkU5B8ngCrymnj,Tony Anderson;Chris Coleman,Eschaton,Eschaton,39,240461,False,0.133,0.0671,2,-16.578,0,0.0344,0.747,0.903,0.0983,0.038,66.744,3,ambient,783692,2020-01-04 03:42,US
5uy5YwhwkiuihoJQdEiuws,Fejká,Pulsing,Pulsing,48,237600,False,0.488,0.903,6,-10.355,0,0.0373,0.0039,0.823,0.137,0.0364,119.99,4,ambient,331597,2020-01-04 03:43,EU
4ygSSIuPuM0EYu22s8YF4t,Grandbrothers,Open,Bloodflow,52,358560,False,0.483,0.623,3,-12.925,0,0.0376,0.651,0.883,0.134,0.376,97.033,4,ambient,833621,2020-01-04 03:44,US
57YoIlL4U1khGfYI5JEBEk,Eydís Evensen,Wandering II,Wandering II,46,159747,False,0.0951,0.155,7,-20.447,0,0.0342,0.865,0.776,0.0922,0.138,163.072,3,ambient,542361,2020-01-04 03:45,LATAM
2F0XzNxOXO6uzMyIYlC0EG,Jean-Michel Blais,amour – piano,amour – piano,50,305880,False,0.332,0.101,6,-23.391,1,0.0406,0.985,0.947,0.107,0.185,129.317,3,ambient,843426,2020-01-04 03:46,MENA
2YlLv22mNqbG3logspCLZk,Max Richter;Mari Samuelsen;Konzerthausorchester Berlin;Jonathan Stockhammer,Mari,Dona Nobis Pacem 2,49,206729,False,0.219,0.324,9,-12.016,0,0.036,0.093,0.948,0.0596,0.0431,97.604,4,ambient,256399,2020-01-04 03:47,EU
4XPq8MBYuWi4Z5PzmebwYo,Luke Howard,Open,Open,54,182647,False,0.258,0.0238,0,-28.865,0,0.0428,0.994,0.904,0.106,,140.596,3,ambient,123603,2020-01-04 03:48,APAC
09F0zRNSUa0qAWYUksXtXt,Nils Frahm,Empty,A Shimmer,51,396688,False,0.152,0.00559,8,-32.174,0,0.0426,0.956,0.906,0.112,0.0772,195.603,3,ambient,151923,2020-01-04 03:49,APAC
7qt641kuazHzMIn4lbkns5,Peter Sandberg,Motion,Deep,45,269861,False,0.207,0.0748,11,-22.754,1,0.0328,0.904,0.9,0.0571,0.0385,48.232,4,ambient,991794,2020-01-04 03:50,MENA
5u8JFIiwYnvlvOluXoyANy,Blurstem,Fabric of Summer,Fabric of Summer,54,134523,False,0.434,0.00159,0,-33.554,1,0.0439,0.983,0.785,0.118,0.18,85.395,5,ambient,172490,2020-01-04 03:51,APAC
4g0QeSC67nz3qwHgyx038U,Mattia Vlad Morleo,Perceptions,Wind's Caress,49,173635,False,0.359,,1,-24.629,0,0.042,0.979,0.944,0.101,0.136,75.111,4,ambient,945417,2020-01-04 03:52,EU
1505n8rEQ4XBoiEXDoSbLc,Roger Eno;Scoring Berlin;Christian Badzura,Rarities - Piano,Still Day,43,143186,False,0.121,0.0971,2,-22.27,0,0.0367,0.963,0.947,0.0981,0.0404,56.513,4,ambient,754309,2020-01-04 03:53,LATAM
25kGCuGWAYfyoz7RozlTpO,Peter Sandberg,Motion,Motion,53,191120,False,0.137,0.00965,3,-34.079,1,0.0487,0.995,0.917,0.107,0.0895,176.173,3,ambient,231435,2020-01-04 03:54,MENA
1OD2YXIOmfYmBAYfV1maRV,Leon Vynehall,Nothing Is Still,Movements (Chapter III),55,231640,False,0.52,0.304,11,-15.255,0,0.0284,0.816,0.366,0.0948,0.0392,103.981,4,ambient,877666,2020-01-04 03:55,MENA
58PkDDbzS5ptoXaqqBuuoX,Mohan,Agnee,Ujale Baaz,15,245613,False,0.612,0.753,2,-10.114,1,0.0317,0.0656,0.00595,0.129,0.592,143.946,4,ambient,229789,2020-01-04 03:56,APAC
0wQzxQq64FY736IRPxgYj9,Bicep,Water,Glue,45,269149,False,0.852,0.796,4,15.049,0,0.0689,0.0156,0.948,0.0966,0.431,344.115,4,ambient,228968,2020-01-04 03:57,MENA
698afgx5ev4sqwZBTqHpoW,Roger Eno,Bells,Bells,44,201901,False,0.468,0.00375,0,-33.35,1,0.0358,0.994,0.948,0.0776,0.174,61.416,4,ambient,617969,2020-01-04 03:58,APAC
6VuXB4kcwQaLxDeXOs1Nyi,Ólafur Arnalds,Living Room Songs,This Place Is a Shelter,47,138360,False,0.192,0.0777,10,-19.26,1,0.038,0.986,0.916,0.0485,0.154,87.354,4,ambient,359486,2020-01-04 03:59,EU
6QSOIejoVt6sFkPHL4JGb5,Hammock,Far Cry 5 Presents: We Will Rise Again (Original Game Soundtrack),Now He's Our Father (Reinterpretation),33,317487,False,0.0688,0.326,0,-15.193,1,0.0412,0.792,0.756,0.114,0.0387,75.48,3,ambient,361740,2020-01-04 04:00,MENA
2sSzhlTz0N1HlSuoLLxv8z,Lambert,The Open,The Open,45,214862,False,0.418,0.051,11,-25.754,0,0.0353,0.992,0.936,0.107,0.236,132.424,4,ambient,275526,2020-01-04 04:01,EU
3Zm6QMBYCwNZFUOmVBoVhA,Bethel Music;Jenn Johnson;Mitch Wong,Simple,The Blood,52,342259,False,0.478,0.333,7,-11.441,1,0.0328,0.316,0.0,0.0646,0.204,74.935,4,ambient,646911,2020-01-04 04:02,US
03BoaviXTqX4f3cTjrXPKb,Max Richter,Ad Astra (Original Motion Picture Soundtrack),To the Stars,46,210426,False,0.16,0.0985,4,-25.284,0,0.0463,0.497,0.936,0.11,0.0321,131.018,3,ambient,124170,2020-01-04 04:03,US
15LAgM1mgj0LYuc4SpEnIP,Novo Amor,Antarctican Dream Machine,Full Health,44,111760,False,0.376,0.0273,6,-19.715,1,0.034,0.988,0.0916,0.119,0.185,89.013,4,ambient,320566,2020-01-04 04:04,APAC
2kDe0QRaCBKIh8QY64GDvK,Bethel Music;Jenn Johnson,We Will Not Be Shaken (Live),In Over My Head (Crash Over Me) - Live,49,298681,False,0.416,0.392,9,-8.97,1,0.0282,0.205,0.0294,0.0833,0.0896,141.8,3,ambient,598087,2020-01-04 04:05,EU
56ECskEyc7XqOCyRPruZ37,Bethel Music;Steffany Gretzinger,Have It All (Live),Pieces - Live,53,339870,False,,0.396,10,-9.904,1,0.0342,0.0561,8.3e-06,0.0966,0.05,71.965,4,ambient,537889,2020-01-04 04:06,APAC
1OjJsjcatXLusDH4E3f4gH,Federico Albanese,The Twelve (Original Motion Picture Soundtrack),The Stars We Follow,53,234027,False,0.462,0.0787,9,-24.908,0,0.0362,0.971,0.873,0.108,0.04,124.963,5,ambient,729929,2020-01-04 04:07,MENA
4nAvEP0TxzNPiu710Dl5va,Gabriel Yared,Si tu voyais son cœur (Bande originale du film),Générique de fin,52,101375,False,0.114,0.121,2,-21.115,1,0.0392,0.981,0.958,0.215,0.0778,87.964,3,ambient,294618,2020-01-04 04:08,APAC
32DCSsnAxX8jpmu9w6C8DW,Bethel Music;Steffany Gretzinger,You Make Me Brave (Live),We Dance - Live,50,281506,False,0.302,0.274,1,-10.26,1,0.0353,0.947,2.28e-06,0.105,0.379,75.891,5,ambient,683089,2020-01-04 04:09,US
4jx6YFhGbw3Bkjn7o2KgzW,Bethel Music;Jenn Johnson,For the Sake of the World,Our Father,48,408826,False,0.312,0.431,11,-7.23,1,0.0296,0.191,0.00107,0.124,0.287,139.542,4,ambient,783947,2020-01-04 04:10,MENA
3ruBQU9YbaCP3DchyKNK4V,Sleeping At Last,Atlas: Space (Deluxe),Saturn (Instrumental),46,289792,False,0.131,0.205,10,-17.043,1,0.0387,0.624,0.918,0.129,0.0362,146.089,4,ambient,449247,2020-01-04 04:11,US
5UivJ02lC3RH9MmAysIltU,Bethel Music;Steffany Gretzinger;Amanda Cook,Starlight (Live),Extravagant - Live,50,371774,False,0.403,0.412,6,-8.863,1,0.0286,0.0247,0.0,0.128,0.064,136.05,4,ambient,331129,2020-01-04 04:12,APAC
1j7fq3bwLM63RMFvceb2Fm,Carbon Based Lifeforms,Derelicts,Accede,41,343606,False,0.49,0.524,0,-13.911,1,0.0357,0.729,0.896,0.0803,0.0929,94.986,4,ambient,599508,2020-01-04 04:13,LATAM
3TgSPndcuzyZfqXnZno3Wt,"Dario Marianelli;English Chamber Orchestra;""Benjamin Wallfisch",Pride and Prejudice - OST,"Georgiana - From """"""""Pride & Prejudice"""""""" Soundtrack""""",50,95306,False,0.265,0.0838,10,-23.47,1,0.0349,0.99,0.848,0.101,0.239,135.873,4,ambient,620974,2020-01-04 04:14,EU
35NyjYJFaJxqbUF2y0jWl1,Aphex Twin,Selected Ambient Works Volume II,#1,48,447800,False,0.619,0.0327,10,-20.273,0,0.0371,0.995,0.712,0.0865,0.0785,102.884,4,ambient,184689,2020-01-04 04:15,EU
1VNP6bgTcqE6cxkU8Zpy21,Bethel Music;Melissa Helser,Revival's In The Air (Live),Revival’s In The Air - Live,50,444174,False,0.593,0.625,2,-7.11,1,0.0291,0.015,0.000108,0.15,0.229,127.007,4,ambient,608600,2020-01-04 04:16,EU
5Rwivn8wMEQ6TP6XshXhZq,Alexis Ffrench,The Solo Piano Collection,Rivers - Solo Piano Version,37,136890,False,0.395,0.00515,2,-27.24,1,0.0807,0.996,0.939,0.0675,0.138,64.168,4,ambient,238873,2020-01-04 04:17,MENA
5YfZknxIgQayJKaMn5Z11G,Alexis Ffrench,The Secret Piano,Last Song,52,115227,False,0.431,0.0775,4,-23.964,1,0.0706,0.996,0.933,0.0806,0.29,64.86,4,ambient,611942,2020-01-04 04:18,MENA
3qVTG1cJWqm6bhwlKr8PX3,Slow Meadow,Costero,Borderland Sorrows,52,223985,False,0.321,0.109,3,-19.433,1,0.0333,0.944,0.935,0.0774,0.0833,81.953,4,ambient,938614,2020-01-04 04:19,LATAM
7mmeq0ZmRwurYUujKsElqg,Ludovico Einaudi,Nightbook (Exclusive),Nightbook,49,350986,False,0.603,0.289,6,-16.3,0,0.0394,0.971,0.841,0.0921,0.194,123.978,4,ambient,583364,2020-01-04 04:20,MENA
4ACGa15ogiMGLQPCv2ay5b,Ludovico Einaudi;Daniel Hope;I Virtuosi Italiani,In A Time Lapse (Deluxe Edition),Life,50,262653,False,0.334,0.268,7,-14.772,1,0.0321,0.933,0.904,0.0846,0.0523,93.405,4,ambient,785356,2020-01-04 04:21,EU
4MzII8fszi8KkFl1ryv07L,Carbon Based Lifeforms,Interloper,Interloper,43,389325,False,,0.462,5,-11.273,1,0.0335,0.674,0.969,0.11,0.104,80.0,4,ambient,378733,2020-01-04 04:22,MENA
1G20khK4puqSUcMUhQ3m9U,Ludovico Einaudi;Myleene Klass,Sleep: 111 Pieces Of Classical Music For Bedtime,Le Onde,26,310688,False,0.384,0.0517,2,-25.724,1,0.0398,0.978,0.895,0.0837,0.222,108.219,3,ambient,930464,2020-01-04 04:23,US
7wP9WrSAnNgJqS48KRPyWs,Dustin O'Halloran,Like Crazy (Original Motion Picture Score),Departures n1,25,115640,False,0.436,0.0949,3,-18.795,1,0.0482,0.992,0.938,0.0994,0.0338,160.164,3,ambient,831481,2020-01-04 04:24,EU
5NJiqDbIe4bb0BIkQzkJu3,Alexis Ffrench,Truth - The Solo Piano Collection,Viva Vida Amor - Solo Piano Version,43,195837,False,0.328,0.166,2,-18.42,1,0.0413,0.983,0.884,0.0931,,75.497,4,ambient,925011,2020-01-04 04:25,APAC
4cmCWVR8RlLYyASMarxU0e,Karen Dalton,In My Own Time (50th Anniversary Edition),Something on Your Mind,53,203397,False,0.397,0.575,2,-9.689,1,0.0443,0.652,0.00261,0.12,0.284,76.118,4,ambient,767436,2020-01-04 04:26,US
05IJNjjrvn8pDzOpbjrsIy,Odina,I'm Not Asking,I'm Not Asking,39,170160,False,0.28,0.299,9,-9.68,0,0.0298,0.856,0.0295,0.104,0.109,155.035,4,ambient,684452,2020-01-04 04:27,US
2oNOFOz8Eg0qJ3yHVeefUB,Cliff Martinez,Drive (Original Motion Picture Soundtrack),He Had a Good Time,44,97160,False,0.287,0.236,11,-22.615,1,0.0726,0.83,0.898,0.0972,0.0293,73.765,4,ambient,572500,2020-01-04 04:28,APAC
6XvzSF3NDwOKP6RF0YmXEU,Sleeping At Last,Atlas: Enneagram,Four,47,291688,False,0.349,0.106,5,-13.263,1,0.037,0.966,1.55e-05,0.106,0.138,125.386,3,ambient,935413,2020-01-04 04:29,US
4fF4M4RTXEHpTPMa7c42RX,Tony Anderson;Bonnie Brooksbank,Bloom,Bloom,40,225000,False,0.472,0.308,2,-16.387,1,0.0353,0.906,0.915,0.0982,0.0793,126.64,4,ambient,863372,2020-01-04 04:30,APAC
5os4iDInR4chqaCdXi895k,Sleeping At Last,Atlas: Enneagram,Six,49,254853,False,0.228,0.348,11,-9.748,1,0.0295,0.875,0.000139,0.0829,0.178,109.255,4,ambient,475033,2020-01-04 04:31,EU
1qGI8KYIXtJK9WTMC6nIQM,Olivia Belli,Island II,Island II,57,143960,False,0.4,0.00478,5,-32.946,0,0.0382,0.993,0.92,0.103,0.122,74.012,3,ambient,177086,2020-01-04 04:32,EU
7KuYN3fAlt1JM689zzx3wJ,Christian Löffler;Fejká,Fjäll,Fjäll,49,315297,False,0.611,0.697,9,-12.596,1,0.0347,0.164,0.935,0.0846,0.0388,123.037,4,ambient,103254,2020-01-04 04:33,US
6E3hxEJJENksZCVtRDZrpi,Ceeys,Hiddensee,Hiddensee,56,200348,False,0.492,0.0814,2,-24.477,1,0.0584,0.993,0.952,0.111,0.562,177.103,3,ambient,310133,2020-01-04 04:34,APAC
45m8T6QIgYoCZnUNxYeyml,Meitei,Komachi,Nami,49,236040,False,0.317,0.151,4,-23.897,0,0.0358,0.992,0.926,0.0852,0.112,69.883,4,ambient,156313,2020-01-04 04:35,US
6Xcbf5km5dY2xqnDctdjMx,Lights & Motion,Bloom,Overture,46,197666,False,0.355,0.074,2,-17.67,1,0.0317,0.976,0.928,0.0892,0.0605,77.003,4,ambient,290351,2020-01-04 04:36,EU
64ffnT5MhVJ6UpecXmDjou,Nibana,Ask the Universe,I Am a Soul,28,558000,False,0.164,0.858,2,-8.141,0,0.0374,2.52e-05,0.889,0.102,0.0336,99.986,4,ambient,198538,2020-01-04 04:37,APAC
4WrzZAsZQOPwbUgSqrNgp2,Fejká;Rökkurró,Reunion,Svanur (feat. Rökkurró),43,296585,False,0.666,0.518,6,-10.387,1,0.035,0.0646,0.825,0.152,0.277,122.998,4,ambient,982945,2020-01-04 04:38,LATAM
6hiPJSPAKqGTjPx1gUlKZS,Lucy Rose,Like I Used To,Be Alright,37,235560,False,0.578,0.162,5,-10.48,1,0.0374,0.74,0.0,0.178,0.195,135.495,4,ambient,185818,2020-01-04 04:39,LATAM
2otEJWkJVqEBV4sRRfkGMz,Dario Marianelli,Everest (Original Motion Picture Soundtrack),Epilogue,46,311666,False,0.19,,4,-21.4,0,0.0333,0.975,0.11,0.0725,0.0786,99.994,4,ambient,664201,2020-01-04 04:40,US
77NMqfL6ua8WA8ieJW5HYp,Ludovico Einaudi;Daniel Hope;I Virtuosi Italiani,Cinema,Experience,44,316973,False,0.414,0.392,6,-13.021,0,0.038,0.96,0.926,0.071,0.0366,92.394,4,ambient,416531,2020-01-04 04:41,EU
1ugTSkllKG0YdiPaOEPa0z,Lambert,Balcony Hotel (From 'Miss'),Balcony Hotel - From 'Miss',51,168398,False,0.503,0.209,8,-22.495,0,0.0288,0.974,0.913,0.102,0.325,132.361,3,ambient,256793,2020-01-04 04:42,EU
0BnhFOwAh1ob5Wj1erelr8,Mohan,Shor in the City (Original Motion Picture Soundtrack),Ujale Baaz,15,243680,False,0.621,0.786,2,-9.086,1,0.0317,0.0646,0.00876,0.133,0.637,143.965,4,ambient,731143,2020-01-04 04:43,APAC
6vMaCzTnismT6N45MDCMfa,You'll Never Get to Heaven,Images,Beyond the Clouds,47,248680,False,0.633,0.574,7,-9.667,0,0.0299,0.792,0.921,0.105,0.236,117.515,4,ambient,973498,2020-01-04 04:44,EU
1YbVxHsVtPlWfcLZV9Dd6F,Yann Tiersen;Alessandro Simonetto,Yann Tiersen: Piano Works,Kereon,18,152597,False,0.315,0.0392,4,-27.539,0,0.0385,0.989,0.88,0.0821,0.0606,58.582,4,ambient,811583,2020-01-04 04:45,US
2fWCXfSnr07XKJAfPWlevl,Brambles,Charcoal,Pink And Golden Billows,50,178973,False,0.387,0.0616,7,-23.838,0,0.0422,0.99,0.915,0.058,0.279,209.852,3,ambient,977714,2020-01-04 04:46,MENA
20rthhRNJMxjhWQTe5LY5A,Michiru Aoyama;Marty Hicks,Maldesoule ADE 001,Oftentimes / Souki,0,293000,False,0.199,0.0882,8,-21.032,0,0.0366,0.926,0.94,0.0938,0.0912,125.963,4,ambient,631191,2020-01-04 04:47,US
56rN3Zh03LVnJ5kR1VTRJN,Marconi Union,Weightless (Ambient Transmission Vol. 2),Weightless Part 5,54,440333,False,0.311,0.309,7,-19.505,0,0.036,0.891,0.961,0.112,0.231,115.102,5,ambient,706216,2020-01-04 04:48,APAC
10N3wnHQRBRcaiXjslxmZl,Yann Tiersen;Alessandro Simonetto,Yann Tiersen: Piano Works,Porz Goret (Neumann KM 140 Version),17,256540,False,0.209,0.00395,1,-34.685,1,0.0403,0.99,0.945,0.0861,0.157,171.429,3,ambient,231792,2020-01-04 04:49,US
5HzHyCfkxFBbp4mZw56PUL,Flower Face,Fever Dreams,Virgin,45,259854,False,0.46,0.47,11,-9.703,0,0.0351,0.671,0.124,0.0875,0.0898,140.066,4,ambient,867173,2020-01-04 04:50,MENA
1WwOPzaLEFcyZfZSPUWwSP,"Dario Marianelli;""Jean-Yves Thibaudet",Pride and Prejudice - OST,"Your Hands Are Cold - From """"""""Pride & Prejudice"""""""" Soundtrack""""",50,322906,False,0.139,0.0427,2,-23.586,1,0.0438,0.963,0.908,0.0885,0.0347,142.538,4,ambient,773110,2020-01-04 04:51,MENA
3uzaVkdNuUZOn3KtsQjwDy,Stephan Moccio,Lionheart,Le Jardin de Monsieur Monet,47,313973,False,0.357,0.0431,2,-25.461,1,0.0334,0.992,0.948,0.13,0.0698,131.976,4,ambient,328621,2020-01-04 04:52,LATAM
1jt4hk4d51pZ8DZl8yMMmG,Alexis Ffrench,Truth,Guiding Light,55,197877,False,0.352,0.0355,5,-23.22,1,0.0581,0.987,0.916,0.0911,0.233,65.048,5,ambient,419321,2020-01-04 04:53,APAC
1saXUvvFlAQaefZUFVmhCn,Bethel Music;Paul McClure,We Will Not Be Shaken (Live),Jesus We Love You - Live,53,415079,False,0.253,0.359,11,-8.482,1,0.0317,0.31,6.16e-06,0.359,0.115,115.348,3,ambient,649800,2020-01-04 04:54,LATAM
5tXCyx9RaGX7RHcWDWcm88,Cliff Martinez,The Knick (Original Series Soundtrack),Son of Placenta Previa,43,146986,False,0.506,0.206,7,-22.564,1,0.0512,0.846,0.948,0.114,0.09,112.967,4,ambient,111694,2020-01-04 04:55,MENA
3CTJWZbJuoPwXV0oJPYE9K,Brian Eno,FOREVERANDEVERNOMORE,Garden of Stars,46,259053,False,0.108,0.24,7,-16.343,1,0.0309,0.531,0.167,0.13,0.0381,71.699,4,ambient,836120,2020-01-04 04:56,US
7B87dSMUgWM2Taj0EEXtjp,Carbon Based Lifeforms,World of Sleepers,Abiogenesis,40,405010,False,0.285,0.55,9,-10.988,0,0.0414,0.326,0.866,0.128,0.0559,89.986,4,ambient,352529,2020-01-04 04:57,MENA
5BRXWwO8o77U6717HnpbCL,Entheogenic,Dialogue Of The Speakers,Pagan Dream Machine - Vibrasphere Remix,36,514906,False,0.592,0.506,4,-12.327,0,0.039,0.00346,0.606,0.406,0.289,89.991,4,ambient,167479,2020-01-04 04:58,APAC
0Y4ipB4nBIZA3dWUWcoeLB,Little Symphony,Coco Beach,Coco,51,160000,False,0.17,0.364,2,-21.87,1,0.0701,0.839,0.948,0.975,0.21,83.16,3,ambient,397540,2020-01-04 04:59,APAC
0PUIbaTAf0iMmoHCdNiQve,Brian Eno,FOREVERANDEVERNOMORE,Icarus or Blériot,42,263573,False,0.154,0.208,9,-19.148,0,0.039,0.84,0.888,0.102,0.0456,95.143,3,ambient,852190,2020-01-04 05:00,US
2HHAxkrJbuWZ7JWdxYbsWO,Boards of Canada,The Campfire Headphase,Peacock Tail,51,324906,False,0.641,0.477,2,-13.083,1,0.058,0.165,0.922,0.0788,0.46,171.424,4,ambient,346820,2020-01-04 05:01,MENA
3vgWxwRvHJuLXiwtqe6AvY,Ludovico Einaudi;Daniel Hope,In A Time Lapse,Underwood,49,253453,False,0.297,0.0155,6,-29.852,0,0.0513,0.978,0.184,0.18,0.0971,78.661,1,ambient,585271,2020-01-04 05:02,APAC
6v0BTda9Sw4uREICry7vff,Chilly Gonzales,Solo Piano III,Be Natural,25,226626,False,0.361,0.00189,5,-30.927,1,0.0493,0.986,0.835,0.0898,0.179,94.018,4,ambient,830682,2020-01-04 05:03,MENA
1Pz4QbS8ls7h1JLDprmjZN,"Dario Marianelli;""Jean-Yves Thibaudet",Pride and Prejudice - OST,"A Postcard to Henry Purcell - From """"""""Pride & Prejudice"""""""" Soundtrack""""",48,159453,False,0.209,,5,-26.368,1,0.0475,0.974,0.674,0.126,0.567,84.93,3,ambient,130339,2020-01-04 05:04,MENA
6HpwXqmk1xMW88w4nCpJV1,Helios,Introducing Type,Halving The Compass - Sampler Version,23,326693,False,0.347,0.244,2,-16.585,1,0.0361,0.906,0.915,0.335,0.211,115.044,4,ambient,783932,2020-01-04 05:05,EU
2eAhYpj1ZEsA7ZJ5bLdCZX,Max Richter,My Brilliant Friend (TV Series Soundtrack),Brilliant Clouds,29,71360,False,0.172,0.0109,10,-38.78,1,0.0463,0.992,0.985,0.0618,0.0305,81.261,4,ambient,359823,2020-01-04 05:06,MENA
3qxNT7aipw9k0RSFxbzV8O,Morten Myklebust,Break Up,Heartbroken,25,245554,False,0.567,0.476,5,-9.166,1,0.0294,0.527,0.603,0.103,0.279,126.602,4,ambient,725996,2020-01-04 05:07,MENA
6UP8etQtGVroAUKbhh0i7Z,Jean-Michel Blais,eviction sessions,hutchison - improvisation,25,209373,False,0.372,0.00827,3,-34.436,1,0.0618,0.964,0.0248,0.574,0.153,84.781,4,ambient,269282,2020-01-04 05:08,US
4yWd80KUbRs8nuv8MocOa5,Brian Eno,FOREVERANDEVERNOMORE,We Let It In,43,208080,False,0.143,0.13,5,-19.458,1,0.0373,0.918,0.589,0.11,0.0367,51.762,4,ambient,225104,2020-01-04 05:09,MENA
4TrCvd1PrqI14lZb7tEtYo,Stars Of The Lid,And Their Refinement of the Decline,A Meaningful Moment Through a Meaning(less) Process,50,272786,False,0.0629,0.0718,8,-24.789,0,0.0432,0.955,0.907,0.0906,,67.25,5,ambient,809467,2020-01-04 05:10,LATAM
5v3TSHYm8BzbON2u6QBEG7,Burzum,Filosofem,Dunkelheit,52,425066,False,0.295,0.545,4,-9.214,0,0.0442,1.5e-06,0.891,0.585,0.438,54.669,4,ambient,827049,2020-01-04 05:11,US
5DgYdvipuyu3YWmo2MDWDu,Gustavo Santaolalla,The Last of Us Part II (Original Soundtrack),Unbound,45,117093,False,0.135,0.0285,9,-24.029,0,0.0415,0.947,0.893,0.1,0.0351,76.033,1,ambient,983191,2020-01-04 05:12,US
7nnbb77c4fLnosiTk5QpxQ,Gustavo Santaolalla;Diego Luna,The Book of Life (Original Motion Picture Soundtrack),The Apology Song,55,172226,False,0.549,0.183,2,17.543,0,0.0447,0.911,0.0,0.109,0.337,369.726,4,ambient,709457,2020-01-04 05:13,US
5rmSiOcI7xPIOhMTakVxa0,Hugar,The Vasulka Effect: Music for the Motion Picture,Enigma,44,238333,False,0.2,0.058,2,-26.123,0,0.0395,0.951,0.94,0.0891,0.0386,140.137,1,ambient,519291,2020-01-04 05:14,EU
7I8v42wxDhfojsq3APrXU0,Meitei,Kofū,Kintsugi,51,66061,False,0.484,0.698,6,-19.799,1,0.431,0.987,0.819,0.0833,0.64,115.529,5,ambient,275353,2020-01-04 05:15,APAC
4riVJ8dOg2QpIp3rdFh8kq,Kyson;Young & Sick,Every High (The Remixes),Every High - Young & Sick in-Flight Remix,50,258000,False,0.766,,10,-10.182,0,0.0433,0.0202,0.0146,0.0554,0.231,119.952,4,ambient,365695,2020-01-04 05:16,APAC
0OVpM1le7eDkWeTc9TUeN2,Spacecraft,Drifting Towards the Horizon,Drifting Towards the Horizon,38,261825,False,0.146,0.0945,6,-24.802,1,0.0407,0.861,0.93,0.0931,0.0323,138.522,3,ambient,683283,2020-01-04 05:17,APAC
6mwHS78L18Da6HRO4HNo0i,Kyson,A Book Of Flying,You,47,236719,False,0.587,0.267,0,-14.936,0,0.0326,0.513,0.0363,0.075,0.0388,115.201,4,ambient,411492,2020-01-04 05:18,LATAM
5if9Gp2EOljpMb8MK1NnMW,Yann Tiersen,The Lighthouse - Everything's Calm,Dispute,53,254813,False,0.466,0.0205,0,-18.097,0,0.062,0.988,0.101,0.097,0.0758,132.77,3,ambient,535159,2020-01-04 05:19,US
1O9RWAwUb7MhiohlNpM4vp,Novo Amor,Antarctican Dream Machine,Passage,43,203960,False,0.0976,0.255,11,-21.353,1,0.0759,0.777,0.935,0.148,0.0367,71.422,4,ambient,251257,2020-01-04 05:20,APAC
3EIrbAYM18GhcimENnuO91,Brambles,Charcoal,Such Owls As You,51,329773,False,0.188,0.0712,11,-25.731,1,0.0351,0.873,0.907,0.133,0.0939,102.045,3,ambient,495414,2020-01-04 05:21,MENA
4UPlcGD9xQev7wUe4hen7H,Ludovico Einaudi;Ana & Sven,Experience,Experience,41,328695,False,0.453,0.138,2,-17.702,1,0.0391,0.927,0.958,0.0786,0.0358,184.093,4,ambient,314174,2020-01-04 05:22,EU
44CBS46WolmxYXqHaa77An,Novo Amor;Ed Tullett;Lowswimmer,Heiress,Pteryla,44,267333,False,0.282,0.273,2,-12.489,0,0.037,0.956,0.215,0.0846,0.101,115.2,4,ambient,200910,2020-01-04 05:23,US
4adwMf4Uzn3uwf6Fzz2YUa,Alexis Ffrench,Dreamland,Written In The Stars,31,207661,False,0.246,0.0715,2,-22.533,1,0.0513,0.994,0.931,0.0748,0.122,52.902,3,ambient,218753,2020-01-04 05:24,MENA
16D9AzevsZAh4GfQEYIo7I,Sleeping At Last,Atlas: I,Earth,48,268111,False,0.292,0.374,10,20.44,0,0.0332,0.463,0.000292,0.357,,396.539,4,ambient,566473,2020-01-04 05:25,MENA
02tjXDTJtONTpjw4XZny3n,Maxence Cyrin,Melancholy Island,As the Darkness Falls,51,100600,False,0.335,,2,-26.478,0,0.0407,0.957,0.867,0.13,0.176,67.631,4,ambient,429778,2020-01-04 05:26,MENA
0WzetzBykY3fl41dEJjoYa,Chad Lawson,You Finally Knew,In the Waiting,51,159208,False,0.337,0.0111,0,-27.273,1,0.0456,0.991,0.958,0.0886,,75.69,5,ambient,189938,2020-01-04 05:27,EU
3eCueoiyNs7xUYqX05IEoy,Joep Beving,Hermetism,Last Dance,52,189280,False,0.505,0.104,0,-31.753,0,0.0495,0.994,0.966,0.0827,0.255,125.251,3,ambient,562868,2020-01-04 05:28,LATAM
6lvJV4kU2oXyjeP2QoXK7k,Max Richter;Louisa Fuller;Natalia Bonner;John Metcalfe;Chris Worsey;Ian Burdge,The Blue Notebooks (15 Years),On the Nature of Daylight (Entropy),46,413800,False,0.174,0.235,1,-14.816,1,0.0422,0.228,0.894,0.113,0.0347,117.351,4,ambient,247827,2020-01-04 05:29,EU
2pUfIeF044S7DQNdaOEAoR,Gustavo Santaolalla;Don Markese;Braulio Barrera;Javier Casalla;Anibal Kerpel,Motorcycle Diaries with additional Music,Apertura,36,168560,False,0.719,0.363,7,-12.567,1,0.0545,0.692,0.73,0.0803,0.122,142.046,3,ambient,113899,2020-01-04 05:30,MENA
012NJSdURT6pzuzl1cSUG6,Sleeping At Last,Naive (Live Acoustic),Naive (Live Acoustic),47,227649,False,0.487,0.0702,7,-15.854,1,0.0443,0.942,0.0,0.103,0.247,81.22,5,ambient,219291,2020-01-04 05:31,LATAM
7kb31fjEs2qD0hOriq93wj,Gabríel Ólafs,Absent Minded,Absent Minded,52,278693,False,0.267,0.0781,10,-20.715,1,0.036,0.978,0.933,0.116,0.0776,138.394,3,ambient,503671,2020-01-04 05:32,US
1uhGW4jUw12CdZCnXBKanD,Bicep,Bicep,Rain,45,351252,False,0.505,0.904,10,-4.849,0,0.0781,0.0494,0.854,0.072,0.237,123.023,4,ambient,958696,2020-01-04 05:33,EU
6cAO4dNNU8iEojh4dzNGhH,Mree,Winterwell,Lift Me Up,43,275826,False,0.375,0.13,4,-17.102,1,0.0366,0.986,0.0281,0.0936,0.0751,124.539,4,ambient,317504,2020-01-04 05:34,APAC
3JpzqRcjxif901JZKAPLn6,Carbon Based Lifeforms,Hydroponic Garden,Mos 6581,40,440000,False,0.541,0.421,9,-11.792,0,0.0337,0.773,0.749,0.118,0.154,90.002,4,ambient,356377,2020-01-04 05:35,MENA
1g2cfEoZoA8qxMyZzihVO5,David Helpling,Sleeping on the Edge of the World,All Things End,24,373800,False,0.0626,0.0907,8,-27.14,1,0.035,0.919,0.966,0.0916,0.0376,59.214,4,ambient,318388,2020-01-04 05:36,MENA
2gxOtoG0NOid3p24aTOEng,Dine,Ashley Williamson,Ashley Williamson,25,65624,False,0.774,0.577,0,-14.651,1,0.0446,0.0735,0.857,0.385,0.305,127.978,4,ambient,419683,2020-01-04 05:37,MENA
0IqZcNlUn3LALc6zwo1wxV,Brian Eno,FOREVERANDEVERNOMORE,Who Gives a Thought,44,239640,False,0.179,0.27,10,-13.13,0,0.0325,0.39,0.138,0.118,0.119,105.169,4,ambient,745593,2020-01-04 05:38,MENA
7614zWoEzYhgOhkHseixij,Ludovico Einaudi,Divenire (Deluxe Edition),L'Origine Nascosta,50,191906,False,0.268,0.0102,2,-20.591,0,0.0496,0.984,0.859,0.134,0.133,66.633,3,ambient,389872,2020-01-04 05:39,APAC
1e8dAsCOTWT9FjOlRqi0Qp,Jean-Michel Blais,Dans ma main,god(s),24,154506,False,0.233,0.0146,7,-23.575,1,0.0447,0.976,0.917,0.125,0.0365,74.132,4,ambient,691811,2020-01-04 05:40,MENA
19uV6FQniZrbWtDPvBisIB,Bethel Music;Jeremy Riddle,Have It All (Live),Be Enthroned - Live,50,485396,False,0.303,0.516,1,-8.518,1,0.0302,0.00574,0.0,0.163,0.0592,141.932,4,ambient,908424,2020-01-04 05:41,MENA
1989Z3jyjffvUYcilAAHYW,Roger Eno;Scoring Berlin,The Turning Year,The Turning Year,42,160089,False,0.414,,5,-18.42,1,0.031,0.972,0.902,0.109,0.106,95.075,4,ambient,951562,2020-01-04 05:42,LATAM
5e6KTL5lQVIGJRYvPO0L9X,René Aubry,Petits sauts délicats avec grand écart,Petite fille,25,169387,False,0.629,0.22,5,-15.028,1,0.0514,0.939,0.558,0.169,0.707,150.173,3,ambient,606668,2020-01-04 05:43,APAC
7JYo3xqYXCeDUgZOT100ti,Constance Demby,Sanctum Sanctuorum,Gateway,25,479986,False,,0.256,4,-18.874,1,0.0345,0.722,0.976,0.122,0.0349,139.674,3,ambient,741914,2020-01-04 05:44,MENA
0K2gSCI8ehL7qkxzNmsqDZ,Alexis Ffrench,Truth - The Solo Piano Collection,One Look - Solo Piano Version,36,198897,False,0.508,0.0459,7,-22.484,0,0.0493,0.995,0.934,0.0984,0.0809,75.007,3,ambient,927242,2020-01-04 05:45,EU
2e9RLCa5uvqsIbaOHayB2g,Alexis Ffrench,Truth - The Solo Piano Collection,Songbird - Solo Piano Version,33,182577,False,0.539,0.059,6,-25.958,1,0.0409,0.995,0.916,0.101,0.196,143.717,3,ambient,808021,2020-01-04 05:46,APAC
1WqVCOMjOOWjamob3A2DsK,Brian Eno,FOREVERANDEVERNOMORE,Making Gardens Out of Silence,37,501453,False,0.0791,0.0979,0,-21.706,1,0.0404,0.942,0.902,0.0752,0.0337,79.435,3,ambient,369932,2020-01-04 05:47,US
6sJABP60Jka5XiIgKj37a3,Alexis Ffrench,Truth - The Solo Piano Collection,Broken Sunsets - Solo Piano Version,32,236637,False,0.377,0.0686,10,-25.15,1,0.0475,0.994,0.897,0.109,0.132,70.476,4,ambient,218825,2020-01-04 05:48,EU
6mMTqraNCrZ1zImkldJptJ,Alexis Ffrench,Truth - The Solo Piano Collection,Colours - Solo Piano Version,37,188697,False,0.446,0.118,4,-22.953,0,0.0496,0.985,0.923,0.105,0.144,121.688,4,ambient,203351,2020-01-04 05:49,EU
2WKVLQwtKGXsvsKZ9j4glZ,Alexis Ffrench,Truth - The Solo Piano Collection,Still Life - Solo Piano Version,30,225417,False,0.239,0.0256,7,-27.559,0,0.0449,0.991,0.955,0.0885,0.155,67.112,3,ambient,893846,2020-01-04 05:50,EU
4GLAzhUlcVkLr0BGvjU74G,Chilly Gonzales,Solo Piano III,Famous Hungarians,25,125106,False,0.455,0.103,5,-21.069,0,0.0437,0.98,0.927,0.117,0.0378,66.104,3,ambient,600596,2020-01-04 05:51,MENA
14VYscfKWwxhdOdW5Tswke,Alexis Ffrench,Truth - The Solo Piano Collection,Canyons - Solo Piano Version,27,232557,False,0.36,0.111,5,-23.135,1,0.0358,0.977,0.93,0.0825,0.0998,119.186,4,ambient,366711,2020-01-04 05:52,APAC
66S80xNG9PEkteOji3MhTi,Alexis Ffrench,Truth - The Solo Piano Collection,Golden - Solo Piano Version,32,233577,False,0.221,,2,-20.633,1,0.0398,0.989,0.896,0.0446,0.0746,89.193,3,ambient,410982,2020-01-04 05:53,EU
1q6ek8IwZsfPYFrbiuSEOz,Alexis Ffrench,Truth - The Solo Piano Collection,Evermore - Solo Piano Version,25,169317,False,0.55,0.0502,2,-26.362,1,0.0462,0.995,0.886,0.0891,0.385,134.892,3,ambient,353513,2020-01-04 05:54,APAC
7rqHDLh1wDJEVIqdwqhJ55,Alexis Ffrench,Truth - The Solo Piano Collection,Guiding Light - Solo Piano Version,24,196857,False,0.314,0.0324,5,-24.132,1,0.053,0.986,0.921,0.115,0.233,68.246,5,ambient,821715,2020-01-04 05:55,APAC
6CqnffPZIHcZojgiTXNZE4,aswekeepsearching,Sleep,Sleep Now,17,277200,False,0.559,0.224,6,17.544,0,0.0317,0.89,0.921,0.11,0.221,361.024,4,ambient,651167,2020-01-04 05:56,LATAM
5aWsp08r0De8hxXPKWbx0C,Gustavo Santaolalla,The Last of Us Part II (Original Soundtrack),It Can't Last,45,139480,False,,0.108,4,-16.284,0,0.0712,0.964,0.818,0.0721,0.0761,163.648,4,ambient,891480,2020-01-04 05:57,APAC
7034weTiBHETcBGfx30owY,Apparat,Soundtracks: Dämonen,Joel,37,170693,False,0.325,0.469,11,-10.869,0,0.0309,0.243,0.736,0.077,0.275,72.69,4,ambient,371595,2020-01-04 05:58,MENA
64foKWiUqaZVaJjTOzfdNQ,Michael Brook;Nusrat Fateh Ali Khan,Night Song (Real World Gold),Night Song,19,287733,False,0.167,0.0435,7,-22.755,1,0.0387,0.956,0.803,0.0901,0.0373,112.356,5,ambient,525315,2020-01-04 05:59,LATAM
0WBNZ9HEz6QqiDuZ3BCehP,LUCHS;Patrik Berg Almkvisth,Her Eyes the Stars,II,49,127000,False,0.47,0.072,9,-22.05,1,0.037,0.993,0.957,0.0929,,121.997,3,ambient,209561,2020-01-04 06:00,APAC
3HGKzDBC6MfnJtcCRi7xB3,Sleeping At Last,Atlas: Enneagram,Nine,47,319713,False,0.368,0.0854,10,-16.224,1,0.0495,0.922,0.0,0.11,0.203,106.6,5,ambient,974222,2020-01-04 06:01,LATAM
4W11ykVxHguZTyd30ckgLh,Felix Rösch,Piano,Berceuse,51,127147,False,0.222,0.0285,0,-28.619,0,0.0352,0.99,0.867,0.163,0.152,79.693,1,ambient,560676,2020-01-04 06:02,US
37HI0imp0t6a0MBS00lPkS,This Will Destroy You,S/T,The Mighty Rio Grande,49,676986,False,0.263,0.171,1,-11.748,1,0.0338,0.241,0.87,0.0766,0.038,111.995,4,ambient,597711,2020-01-04 06:03,MENA
5pmxkW0gZrqq00Gy1aGZQv,"Max Richter;Maksym Rzemiński;Radom Chamber Orchestra;""Dawid Runtz",Maximus: The Greatest Movie Soundtracks,"On the Nature of Daylight (From """"""""Arrival"""""""")""""",31,335653,False,0.108,0.0172,10,-27.017,0,0.0462,0.96,0.981,0.0882,0.0705,71.007,4,ambient,472299,2020-01-04 06:04,LATAM
6637oQY5vqAidJeg9228N6,Simon Wester,Speak Life,Speak Life,38,205333,False,0.125,0.267,3,-17.026,1,0.0301,0.577,0.859,0.0776,0.0569,89.908,4,ambient,343828,2020-01-04 06:05,APAC
1LlEw7wp9AOX0ZkgoOEMxd,Balmorhea,Rivers Arms,The Winter,48,351186,False,,0.246,2,-14.722,0,0.0384,0.985,0.882,0.0983,0.12,201.608,4,ambient,953564,2020-01-04 06:06,APAC
7aK1caHaXe63BtAoIFvN2h,De Moi,Still Life,Still Life,47,198000,False,0.165,0.0448,2,-28.218,1,0.0426,0.943,0.779,0.0912,0.0565,135.893,4,ambient,540077,2020-01-04 06:07,APAC
70jK4YYMql3lJFBUK6l8QT,Ólafur Arnalds,For Now I Am Winter,Only The Winds,45,321373,False,0.478,0.176,4,-17.971,0,0.0342,0.948,0.943,0.081,0.0378,116.997,3,ambient,707293,2020-01-04 06:08,APAC
6Ts2TyVBF6Osom4IV88JNr,yeule,Serotonin II,Pocky Boy,50,241388,False,0.435,0.669,1,-10.202,0,0.123,0.737,0.00152,0.106,0.0734,130.009,4,ambient,133579,2020-01-04 06:09,APAC
3dX87nGdE9AdBbFPBN6JyD,Ben Lukas Boysen,Gravity,Only in the Dark,49,209502,False,0.0998,0.0019,1,-36.502,1,0.0434,0.972,0.753,0.113,0.178,85.205,4,ambient,348336,2020-01-04 06:10,LATAM
4aMXctsHbPJTf4eBWSDtWz,Armand Amar;Lévon Minassian,Bab' Azîz (Original Motion Picture Soundtrack),Bab' Azîz,46,371760,False,0.213,0.128,11,-19.601,0,0.0388,0.915,0.868,0.103,0.0362,87.83,5,ambient,823600,2020-01-04 06:11,APAC
0X7iyRg19skHthQ5dYnYZN,Novo Amor,Birthplace,Anniversary,41,283133,False,0.333,0.315,11,-9.795,1,0.0314,0.949,0.202,0.202,0.0606,119.958,4,ambient,179051,2020-01-04 06:12,LATAM
2w2ILZhs6v4kAEPD8GLIJj,Carlos Cipa,Munich Session,Today and it’s gone (Munich Session),48,258000,False,0.3,0.0296,4,-25.094,0,0.0355,0.975,0.913,0.0786,0.0798,68.118,4,ambient,191291,2020-01-04 06:13,US
2vBIOyCqBAoZ4Fxc4JOKL3,Gavin Luke,Sentient,Sentient,42,205625,False,0.324,0.0798,7,-22.421,1,0.0348,0.956,0.888,0.105,0.123,70.405,4,ambient,828854,2020-01-04 06:14,APAC
03fImIJ7r7he62QmwI1Tyv,Yann Tiersen,The Lighthouse,The Drowned Girl - Edit,51,123000,False,0.525,0.209,7,-9.403,1,0.0442,0.828,0.927,0.0712,0.944,138.702,3,ambient,377873,2020-01-04 06:15,MENA
7eTDwpm5XKKssoMhMbo67y,Dustin O'Halloran,The Beauty Inside (Original Film Score),Home,53,160812,False,,0.0733,9,-20.667,0,0.04,0.946,0.913,0.339,0.0384,137.139,4,ambient,346490,2020-01-04 06:16,APAC
70QS32esz28P1DmYDZVI9c,Ludovico Einaudi;Czech National Symphony Orchestra,Cinema,Love Is A Mystery,45,182160,False,0.0844,0.13,2,-15.927,1,0.0424,0.889,0.874,0.0887,0.0501,171.138,3,ambient,608784,2020-01-04 06:17,APAC
4iuGVtUXm2RfdyaGofN5MC,Akira Kosemura,On My Way Home,On My Way Home,37,151119,False,,0.0749,8,-22.719,1,0.0364,0.961,0.948,0.109,0.152,73.236,3,ambient,275429,2020-01-04 06:18,MENA
6XmozAAnvBf2VtLL53AkX0,Alexis Ffrench,Walk With Us (For Black Lives Matter),Walk With Us - For Black Lives Matter,57,120456,False,0.299,0.0264,9,-26.535,0,0.0469,0.995,0.882,0.073,0.235,168.963,5,ambient,138677,2020-01-04 06:19,US
1Mua0g96hUldJWj00GDsel,Marconi Union,Weightless (Ambient Transmission Vol. 2),Weightless Part 6,53,310146,False,0.273,0.174,4,-19.513,0,0.0368,0.819,0.963,0.147,0.286,64.758,4,ambient,104004,2020-01-04 06:20,EU
1Q5jFp1g2Ns4gBsHRpcqhu,Bethel Music;Jenn Johnson;Michaela Gentile,Simple,In The Ordinary - Spontaneous,50,174971,False,0.49,0.231,0,-13.968,1,0.0265,0.607,0.0,0.0859,0.0904,103.958,4,ambient,171385,2020-01-04 06:21,US
4llDF3RuBQYj2nkjTCJY4w,This Will Destroy You,Young Mountain,Quiet,44,293173,False,0.482,0.463,1,-7.927,1,0.0573,0.282,0.848,0.36,0.0427,115.011,4,ambient,242677,2020-01-04 06:22,APAC
5JFpyeAanlyrZ1SBjC9SdH,U137,Deep Elm Records Sampler 15 - The Great Escape,Forever Longing,0,355200,False,0.0952,0.332,7,-13.901,1,0.0349,0.0968,0.797,0.336,0.0653,74.928,4,ambient,726504,2020-01-04 06:23,MENA
66Q6qHI1mPeGiUj85F9ZGu,Fabrizio Paterlini,Historiette No. 5,Historiette No. 5,49,197982,False,0.239,0.237,2,-18.392,0,0.0522,0.989,0.879,0.108,0.231,83.403,1,ambient,368155,2020-01-04 06:24,LATAM
6sj84T5Xyi88dY6CxphgtR,Maxence Cyrin,Larmes glacées (Piano Solo),Larmes glacées (Piano Solo),24,205597,False,0.494,0.224,4,-20.147,0,0.0508,0.988,0.86,0.109,,200.097,4,ambient,164599,2020-01-04 06:25,APAC
71dLJx3qHOTQMTvvoE2dmd,Bethel Music;Amanda Cook,Peace,King of My Heart,48,330840,False,0.515,0.0736,8,-15.492,1,0.031,0.975,0.000261,0.082,0.0684,109.964,4,ambient,112982,2020-01-04 06:26,EU
3iNliE9VdKaPmpUangZfTB,Stephan Moccio,Tales Of Solace,Lumière,51,251600,False,0.271,0.0101,7,-32.125,1,0.0548,0.994,0.895,0.0923,,116.876,4,ambient,529374,2020-01-04 06:27,APAC
3Sy6wgTNEp6vSgLs4EyXAf,Jóhann Jóhannsson;Yuki Numata Resnick;Tarn Travers;Ben Russell;Clarice Jensen,Orphée,Flight from the City,54,391160,False,0.13,0.086,10,-21.92,1,0.0373,0.932,0.912,0.108,0.0375,90.223,4,ambient,856114,2020-01-04 06:28,APAC
6qWKxzkGaEnYavQeKwa7KV,Max Richter,The Leftovers: Season 2 (Music from the HBO Series),The Quality of Mercy,41,252151,False,0.114,0.11,8,-19.848,1,0.0378,0.933,0.871,0.0957,0.0384,76.272,4,ambient,404825,2020-01-04 06:29,LATAM
5DXRsdvm0PDF4kq3xVfIsZ,Brian Eno,FOREVERANDEVERNOMORE,I’m Hardly Me,38,230560,False,0.202,,6,-19.685,1,0.0347,0.603,0.779,0.0831,0.0478,94.558,4,ambient,157465,2020-01-04 06:30,APAC
5nsLvUjkuieHOsDyLuhel1,Brian Eno,FOREVERANDEVERNOMORE,Sherry,39,205920,False,0.263,0.0639,6,-21.149,1,0.0383,0.907,0.884,0.108,0.0537,74.584,3,ambient,305271,2020-01-04 06:31,LATAM
0eZIx87EUrxkvV7X8fCbIv,Ludovico Einaudi;Marco Decimo,Una Mattina,Resta Con Me,52,295760,False,0.33,0.0295,3,-27.731,1,0.0419,0.961,0.918,0.122,0.0547,136.561,3,ambient,549430,2020-01-04 06:32,LATAM
7xsirhcgFWOnItsGuBfrv9,Bethel Music;Steffany Gretzinger,For the Sake of the World,Closer,49,413573,False,0.322,0.558,4,-8.321,1,0.0306,0.0596,0.00016,0.102,0.0813,139.92,4,ambient,269900,2020-01-04 06:33,APAC
27PY8xDnKTfVG9G1q8guZq,Brian Eno;David Byrne;Giacomo Baldelli,Solo Guitar with Tin Foil,Solo Guitar with Tin Foil,27,202000,False,0.184,0.00874,9,-16.26,0,0.0414,0.991,0.734,0.103,0.0337,59.098,4,ambient,980629,2020-01-04 06:34,APAC
7kGKNGydrkDDo580fNWAaB,Brian Eno,FOREVERANDEVERNOMORE,These Small Noises,38,202866,False,0.155,0.167,5,-13.128,0,0.0343,0.913,0.152,0.118,0.0367,96.244,3,ambient,787069,2020-01-04 06:35,US
3kbaZC3FZTecvlSR67Sr19,Aphex Twin,Richard D. James Album,Fingerbib,53,228866,False,0.619,0.564,10,-10.696,0,0.0293,0.872,0.926,0.16,0.787,131.908,4,ambient,410120,2020-01-04 06:36,US
3bCmDqflFBHijgJfvtqev5,Brian Eno,Ambient 1: Music For Airports (Remastered 2004),1/1 - Remastered 2004,51,1041520,False,0.26,,2,-31.095,1,0.0406,0.982,0.913,0.102,0.0368,82.862,4,ambient,956387,2020-01-04 06:37,LATAM
16e88gyG4rLhaAAYqRPujQ,Brian Eno,FOREVERANDEVERNOMORE,There Were Bells,41,292466,False,0.144,0.275,4,-15.408,0,0.036,0.798,0.363,0.0965,0.039,77.303,1,ambient,392518,2020-01-04 06:38,US
2Yjv7MOdst5y6fFsq4cKOL,Michael Nyman,The Piano: Music From The Motion Picture,The Heart Asks Pleasure First / The Promise - Edit,54,191866,False,0.208,0.276,9,27.621,0,0.0293,0.961,0.92,0.129,0.231,390.069,3,ambient,226161,2020-01-04 06:39,US
4Sxv0whUHWzHK5T8uuP66S,Aphex Twin,Selected Ambient Works 85-92,Tha,51,547133,False,0.599,,4,-19.881,0,0.0368,0.822,0.933,0.112,0.326,134.762,4,ambient,944454,2020-01-04 06:40,US
0OPAfFVbyXiGJTHsXqrC7o,Virginia Astley,80s Deep Dive,A Summer Long Since Passed,24,277160,False,0.453,0.268,4,-15.611,1,0.0318,0.947,0.766,0.519,0.115,111.414,4,ambient,963712,2020-01-04 06:41,US
69et2MFly3NOCE9RTdQL3v,Abel Korzeniowski,This Is My Boy,This Is My Boy,28,285373,False,0.258,0.242,2,-17.521,0,0.034,0.906,0.936,0.0834,0.275,79.257,4,ambient,381390,2020-01-04 06:42,LATAM
6grkrnX0IaNPz92hH8qDAt,Mansij;Max B Groove,Alive,Alive,40,288000,False,0.539,0.407,2,-13.548,1,0.0364,0.439,0.885,0.103,0.036,120.053,4,ambient,635285,2020-01-04 06:43,LATAM
1b85pN99A6Mn3UU81SYUg0,Ludovico Einaudi,Atoms,Atoms,49,183955,False,0.338,0.00384,6,-40.558,0,0.0657,0.995,0.954,0.112,0.159,68.921,4,ambient,255963,2020-01-04 06:44,APAC
5DnGfYbDeSBgO0FsKxbap9,Ludovico Einaudi,Undiscovered,Main Theme - From “The Third Murder” / Remastered 2020,49,255053,False,0.294,0.109,9,-20.238,0,0.0375,0.981,0.858,0.0888,0.0517,74.349,3,ambient,677493,2020-01-04 06:45,US
6ECxq5Sh1ogq6oHDRUVmV2,Sleeping At Last,Atlas: Enneagram,Three,48,247463,False,0.389,,0,-11.148,1,0.0431,0.94,0.0,0.0644,0.259,127.965,4,ambient,721106,2020-01-04 06:46,MENA
2ZGFYsDWwjU0BBvVAw6js9,Gabríel Ólafs,The Lily,The Lily - Piano Version,57,116960,False,0.435,0.00889,7,-33.986,1,0.046,0.992,0.941,0.121,0.29,110.307,3,ambient,738933,2020-01-04 06:47,LATAM
6tbYNvsJLTfcK0SpJ2LDv3,Dhamika,Pashupati,Pashupati,36,472000,False,0.521,0.501,4,-12.301,0,0.0317,0.000327,0.886,0.113,0.0399,90.001,4,ambient,611861,2020-01-04 06:48,APAC
16HKUXeWCHN0psVaCS05uu,Desolate Horizons,Infinite Vistas,More Than Anything,46,160000,False,0.125,0.214,4,-28.989,0,0.0413,0.991,0.94,0.133,0.0328,82.521,5,ambient,733706,2020-01-04 06:49,EU
3zjvuHlGn7EGdFUpX1zlGl,Gustavo Santaolalla;Don Markese;Braulio Barrera;Javier Casalla;Anibal Kerpel,Motorcycle Diaries,Apertura,24,168560,False,0.719,0.363,7,-12.567,1,0.0545,0.692,0.73,0.0803,0.122,142.047,3,ambient,599543,2020-01-04 06:50,EU
3skG5verLx4Tq6BHZ3Hv64,Meitei,Komachi,Shinkai,51,120107,False,0.344,0.0578,3,-27.024,1,0.0395,0.996,0.643,0.131,0.317,92.513,3,ambient,837829,2020-01-04 06:51,LATAM
3SneyeUpTaZfmdT2LeEAhk,Project AER;v i v,How Are You? I'm Okay,Safe Space,11,173499,False,0.727,0.21,8,-16.49,1,0.0448,0.888,0.844,0.11,0.0403,124.068,4,ambient,261628,2020-01-04 06:52,US
0EZHiRC20SAuX4ChQA1MG9,Project AER;v i v,How Are You? I'm Okay,Happiness Is Real,7,163999,False,0.72,0.172,0,-15.553,1,0.0492,0.93,0.924,0.074,0.109,121.921,4,ambient,535121,2020-01-04 06:53,LATAM
3hSWPdtI58IANIOhulRR7v,Hania Rani;Fejká,No Goodbye,No Goodbye,49,252000,False,0.593,0.443,3,-17.845,0,0.0389,0.679,0.675,0.0948,0.0396,119.971,4,ambient,474755,2020-01-04 06:54,EU
5JZq6B2jtxGVvmausM9Xed,Akira Kosemura,vi (almost equal to) ix,vi (almost equal to) ix,45,224298,False,0.249,0.297,4,-15.377,1,0.0349,0.855,0.886,0.0667,0.0375,140.052,3,ambient,580022,2020-01-04 06:55,LATAM
7m8A3LgFmtjCKUl83cm4vI,Project AER;v i v,How Are You? I'm Okay,Rakka,6,155999,False,0.706,0.257,2,-15.147,1,0.0589,0.937,0.895,0.131,0.258,126.006,4,ambient,227874,2020-01-04 06:56,APAC
2hw1sBTzjB9zghnlLpqeAj,Project AER;v i v,How Are You? I'm Okay,Weightless,5,152999,False,0.706,0.228,2,-18.502,1,0.0329,0.914,0.953,0.0859,0.0713,117.997,3,ambient,391443,2020-01-04 06:57,APAC
5Zo96jw2gqhA6JpUsmPrSu,Alexis Ffrench,Truth,Still Life,51,202977,False,0.406,0.0378,10,-25.735,1,0.041,0.993,0.942,0.0995,0.148,167.805,4,ambient,958725,2020-01-04 06:58,US
5sU5tHfxGMCMMI3WmgUQ0L,Project AER,Growth Patterns,Downtime,46,159285,False,0.563,,2,-20.87,1,0.0328,0.921,0.904,0.143,0.156,61.983,4,ambient,194731,2020-01-04 06:59,US
2okIewG8AcK9Ec3DavV50n,Project AER;v i v,How Are You? I'm Okay,Embrace,6,158999,False,0.565,0.145,9,-19.083,1,0.0342,0.921,0.926,0.079,0.0399,120.995,4,ambient,671775,2020-01-04 07:00,LATAM
5cIArreof1TD6LLYhvA2Oq,Project AER;Colours in Context,Growth Patterns,The Finality of It All,44,129998,False,0.63,0.108,9,-19.841,1,0.0319,0.811,0.686,0.085,0.12,95.054,4,ambient,698175,2020-01-04 07:01,LATAM
2c5bFJ82YxgGprGjOq1OaO,yeule,Serotonin II,Pixel Affection,46,219331,False,0.42,0.557,0,-8.969,1,0.0412,0.055,0.0102,0.247,0.0736,116.104,4,ambient,527063,2020-01-04 07:02,APAC
0lmuyNAxG9YA3LfXftGzPS,Joep Beving,For Mark,For Mark,50,309600,False,0.277,0.0148,9,-33.992,1,0.035,0.994,0.917,0.103,0.153,138.564,4,ambient,130248,2020-01-04 07:03,US
1lO9rzG6zQwduAprZAI7N1,Novo Amor,Welcome to the Jungle,Welcome to the Jungle,44,196279,False,0.457,0.313,3,-11.215,1,0.0302,0.97,0.378,0.108,0.0657,128.882,4,ambient,130920,2020-01-04 07:04,APAC
54TlQ4tnC8shv8cc5VSRqr,Project AER;v i v,How Are You? I'm Okay,Anxiety,6,165999,False,0.7,0.205,7,-20.188,0,0.043,0.805,0.877,0.0698,0.134,118.016,4,ambient,348071,2020-01-04 07:05,MENA
43wKR9DJeSUD2OwVKvdPKU,Project AER;v i v,How Are You? I'm Okay,I'm Okay,6,180999,False,0.651,0.12,9,-19.113,1,0.0293,0.951,0.923,0.0971,0.0562,112.011,4,ambient,192262,2020-01-04 07:06,US
6M61Wwn20lMTDOWIE28HtL,Project AER;v i v,How Are You? I'm Okay,Little Lights,5,166999,False,0.547,0.163,6,-19.722,0,0.0294,0.842,0.946,0.166,0.179,129.978,4,ambient,184806,2020-01-04 07:07,MENA
2TjNLyK7wvb3gr5c1vXcUS,Project AER;v i v,How Are You? I'm Okay,Not Alone: I'm Here For You,5,131499,False,0.714,0.0593,8,-22.9,1,0.0389,0.951,0.952,0.0753,0.0663,116.992,4,ambient,244108,2020-01-04 07:08,US
5hcGrtw0zsuAvdCHDm0pGP,Project AER;v i v,How Are You? I'm Okay,Overwhelming,6,227999,False,0.469,0.159,5,-21.999,1,0.0326,0.875,0.927,0.0652,0.0362,117.975,4,ambient,271654,2020-01-04 07:09,US
63FZq6Nbam9PT3YoRphYTb,Project AER;v i v,How Are You? I'm Okay,One For Vulnerability,9,179999,False,0.63,0.202,9,-19.051,1,0.0302,0.958,0.871,0.112,0.0969,121.965,4,ambient,854627,2020-01-04 07:10,APAC
0vp09QgBhShrQOL2w7P8k4,Rival Consoles,Odyssey / Sonne,Recovery,50,290201,False,0.456,0.461,2,-11.337,1,0.0593,0.0978,0.815,0.102,0.119,155.008,4,ambient,674857,2020-01-04 07:11,APAC
42KPF7PhUrDkHc3Zdr3Rd5,Lambert,Stay In The Dark,As Ballad,50,293826,False,0.397,0.0496,3,-22.0,1,0.0344,0.981,0.922,0.109,0.174,131.946,4,ambient,127368,2020-01-04 07:12,LATAM
5lvcJgRBUmmjZQvpI4cInE,Igneous Flame,Nyx,Deep Magic,23,531072,False,0.0655,0.202,4,-25.998,1,0.0512,0.855,0.812,0.114,0.0389,74.063,3,ambient,665628,2020-01-04 07:13,US
2c8gg7h8uHxx08A441IDYi,Project AER;v i v,How Are You? I'm Okay,Let the Waves Wash Over Me (Prelude),6,164999,False,0.629,0.135,8,-22.358,0,0.0338,0.819,0.923,0.0784,0.0378,115.967,4,ambient,223037,2020-01-04 07:14,EU
2QNskthot9ctTMoDWrCXcc,Project AER;v i v,How Are You? I'm Okay,Lunar Cycles,7,168999,False,0.669,0.161,10,-22.266,1,0.0468,0.948,0.914,0.0979,0.189,127.056,4,ambient,478949,2020-01-04 07:15,MENA
54TgI46OnNqcf0SyzQyCL6,Bicep,Isles,Atlas,53,348306,False,0.544,0.793,3,-6.424,0,0.0319,0.1,0.95,0.173,0.126,128.981,4,ambient,134240,2020-01-04 07:16,MENA
22ED0hVFa2YiVflq5hHPlK,René Aubry,The Snail and the Whale (Original Score),Slow Snail,24,86280,False,0.684,0.0499,7,-23.568,0,0.0499,0.976,0.716,0.106,0.37,100.063,4,ambient,181154,2020-01-04 07:17,MENA
3W81HHbWbgd76fOpm9XMEm,Project AER;v i v,How Are You? I'm Okay,Words of Warmth,6,136499,False,0.709,0.0945,5,-22.648,0,0.037,0.935,0.959,0.089,0.096,128.024,4,ambient,219335,2020-01-04 07:18,LATAM
6OG5TBCmuTOuWCzSGsETrE,Bethel Music;Brian Johnson;Jenn Johnson,Simple,Simple,48,351236,False,0.624,0.124,5,-11.191,1,0.028,0.917,0.0,0.12,0.206,78.014,4,ambient,490036,2020-01-04 07:19,MENA
3yjzSTgeqPyp6ReOmiBDuJ,Project AER;v i v,How Are You? I'm Okay,Rumination,5,182999,False,0.379,0.177,9,-22.892,1,0.0324,0.902,0.957,0.117,0.1,113.985,4,ambient,516772,2020-01-04 07:20,LATAM
1SKKrTVtFPIue1vNKllpqY,Project AER;v i v,How Are You? I'm Okay,When Shared,6,161999,False,0.673,0.17,5,-23.395,1,0.0347,0.858,0.879,0.0684,0.213,123.972,4,ambient,417470,2020-01-04 07:21,EU
2Iq6Tyb3llyf5bXYMotApc,Jean-Michel Blais,Dans ma main,igloo,23,274946,False,,0.389,1,-15.695,0,0.0403,0.888,0.885,0.106,0.23,84.066,4,ambient,658151,2020-01-04 07:22,EU
5FyQffggpTfBCkoiizxXI6,Project AER;v i v,How Are You? I'm Okay,Finding A Way Past the Tears,6,149999,False,0.663,0.196,2,-19.37,1,0.0301,0.97,0.935,0.0701,0.0787,110.036,4,ambient,748412,2020-01-04 07:23,US
72c1iKsEgEcfJvsNkv02xF,Solar Fields,Movements,Sol,44,511011,False,0.52,,8,-15.211,1,0.0292,0.0101,0.849,0.0743,0.0375,144.963,4,ambient,755858,2020-01-04 07:24,US
7gLVKmFdPHGTrrK5QknUnw,Rival Consoles,Now Is,World Turns,42,323919,False,0.594,0.418,8,-12.837,1,0.0285,0.107,0.917,0.112,0.0375,105.999,4,ambient,621123,2020-01-04 07:25,MENA
5i4zyaQRXAX9oI2C9dmHdB,Ludovico Einaudi,Elements (Deluxe),Drop,49,300293,False,0.465,0.0342,2,-28.257,0,0.0401,0.992,0.939,0.103,0.059,152.054,4,ambient,590999,2020-01-04 07:26,US
5tR13oIwi5J3elcTZPTTIU,Air,Moon Safari,Kelly Watch the Stars,55,226293,False,0.516,0.743,2,-8.47,1,0.0292,0.282,0.637,0.111,0.226,109.837,4,ambient,542408,2020-01-04 07:27,APAC
76R8ILULQyyodS91TkAvOf,Ludovico Einaudi,Islands - Essential Einaudi,Passagio,50,357773,False,0.222,,9,-27.114,1,0.0464,0.995,0.948,0.0945,0.119,85.86,4,ambient,314141,2020-01-04 07:28,US
1GyODtIqjM5AO3z5dEJwRg,Liquid Mind,Liquid Mind II: Slow World,Blue Seven,24,760053,False,0.0576,0.169,10,-20.216,1,0.0484,0.903,0.966,0.117,0.031,50.838,4,ambient,538283,2020-01-04 07:29,APAC
1gUAX2ImxDsB3YDcyxMXlB,美波,カワキヲアメク,カワキヲアメク,71,251933,False,0.541,0.846,6,-2.729,0,0.0551,0.0122,0.000149,0.163,0.524,129.138,4,anime,109088,2020-01-04 07:30,LATAM
1di1C0QI6Y92yZPYn6XYAZ,KANA-BOON,TIME,シルエット,73,240133,False,0.436,0.934,2,-2.685,1,0.0507,1.03e-05,0.14,0.321,0.384,91.481,4,anime,969666,2020-01-04 07:31,EU
3khEEPRyBeOUabbmOPJzAG,Kenshi Yonezu,KICK BACK,KICK BACK,83,193495,False,0.577,0.941,1,-5.17,1,0.105,0.00207,3.36e-06,0.0891,0.292,101.921,4,anime,433083,2020-01-04 07:32,LATAM
1rN9QoVxw5U7TJkyaUR8C1,TK from Ling tosite sigure,Fantastic Magic,unravel,73,238360,False,0.508,0.889,7,-2.755,0,0.0862,0.0495,0.0,0.0984,0.332,135.014,4,anime,780664,2020-01-04 07:33,EU
23phSRwoMy48rwFpmuAP8q,Yoko Takahashi,残酷な天使のテーゼ/魂のルフラン,残酷な天使のテーゼ,60,247746,False,0.691,0.773,0,-5.244,0,0.0494,0.0174,0.000451,0.117,0.502,128.162,4,anime,961032,2020-01-04 07:34,MENA
6y4GYuZszeXNOXuBFsJlos,Eve,Kaikai Kitan / Ao No Waltz,Kaikai Kitan,75,221426,False,0.584,0.911,5,-3.515,0,0.09,0.0119,0.0,0.119,0.606,92.502,4,anime,547281,2020-01-04 07:35,APAC
364JzOajs76bJymjHm3sVY,Kenshi Yonezu,BOOTLEG,ピースサイン,71,238533,False,0.593,0.935,10,-3.853,0,0.0684,0.00221,0.0,0.315,0.618,100.003,4,anime,875643,2020-01-04 07:36,MENA
0UzymivvUH5s8z4PeWZJaK,ENHYPEN,BORDER : CARNIVAL,FEVER,77,172106,False,0.6,0.713,6,-5.079,0,0.0592,0.0642,0.0,0.142,0.471,72.999,4,anime,531299,2020-01-04 07:37,MENA
2XpV9sHBexcNrz0Gyf3l18,Ikimonogakari,Chou Ikimonobakari Tennen Kinen Members Best Selection,ブルーバード,70,215706,False,0.536,0.966,6,-2.929,0,0.0558,0.121,0.0,0.0477,0.849,152.076,4,anime,219060,2020-01-04 07:38,US
74sYtRs4LCDIpdBP8xDMSP,渕上 舞,人芝居,人芝居,58,247506,False,0.674,0.87,6,-3.607,0,0.0865,0.241,0.0,0.0875,0.86,119.99,4,anime,123831,2020-01-04 07:39,APAC
3YOZLPRiTuYgItSGO41gPT,BURNOUT SYNDROMES,檸檬,FLY HIGH!!,66,244493,False,0.475,0.961,11,-1.434,1,0.0705,0.0132,0.0,0.331,0.355,94.466,4,anime,222060,2020-01-04 07:40,EU
4BvuZVf9KyBN3QiPfeI9hw,LiSA,LANDSPACE,crossing field,69,248946,False,0.45,0.983,5,-2.246,1,0.282,0.0186,0.0,0.265,0.314,179.041,4,anime,948257,2020-01-04 07:41,MENA
0cSkn2l67csUljEy0EEBPn,LiSA,炎,炎,67,275000,False,0.477,0.685,2,-4.554,1,0.0325,0.105,0.0,0.277,0.308,152.04,4,anime,527597,2020-01-04 07:42,APAC
5RXmLhscstsdvWPN0XtUa0,Vickeblanka,Black Catcher,Black Catcher,68,195000,False,0.586,0.892,11,-5.259,0,0.0349,0.00079,4.05e-06,0.16,0.665,100.04,4,anime,387256,2020-01-04 07:43,APAC
0qMip0B2D4ePEjBJvAtYre,LiSA,LEO-NiNE,紅蓮華,74,237586,False,0.541,0.977,4,-2.828,0,0.157,0.00321,5.13e-05,0.0796,0.263,134.938,4,anime,501454,2020-01-04 07:44,MENA
5kKloaKFvAuDNFi8m52hxy,MUSASHI PROJECT,NARUTO -ナルト- オリジナルサウンドトラック,NARUTO Main Theme,56,266920,False,,0.766,4,-8.448,0,0.0438,0.00634,0.00235,0.125,0.383,119.974,4,anime,330344,2020-01-04 07:45,MENA
3IDF7N86lrcWaJEt9C1gbS,Official HIGE DANdism,Cry Baby,Cry Baby,66,240284,False,0.318,0.902,1,-4.605,1,0.131,0.0116,0.0,0.393,0.437,199.844,4,anime,883496,2020-01-04 07:46,MENA
4dPVmeisPfQrLcjx0Wz1KW,Apollo Fresh,JoJo Pose,JoJo Pose,66,105333,True,0.781,0.533,1,-9.215,1,0.302,0.0366,0.0,0.597,0.326,133.967,4,anime,999467,2020-01-04 07:47,EU
0xmWQKzc5m9rLv2ucDWxwD,FLOW,MICROCOSM,Sign,67,236426,False,0.363,0.914,11,-2.899,0,0.0983,0.00183,0.0,0.335,0.678,177.968,4,anime,176424,2020-01-04 07:48,EU
17VP4tofJ3evJbtY8Tk1Qi,Yugo Kanno,JOJO'S BIZARRE ADVENTURE -Golden Wind O.S.T vol.1 Overture,il vento d'oro,66,295575,False,0.491,0.915,11,-4.834,1,0.143,0.00652,0.125,0.0906,0.582,134.947,4,anime,746819,2020-01-04 07:49,MENA
7v8wKvNQQIxkugCFFjrkaO,Aimer,残響散歌,残響散歌,77,184893,False,0.367,,11,-4.002,1,0.091,0.000627,0.0,0.207,0.38,170.863,4,anime,402039,2020-01-04 07:50,US
5elW2CKSoqjYoJ32AGDxf1,ENHYPEN,DIMENSION : ANSWER,Polaroid Love,78,184601,False,0.738,0.67,7,-3.766,0,0.0439,0.458,0.0,0.361,0.651,138.055,4,anime,142627,2020-01-04 07:51,LATAM
7uF1nTuJRGUlZzODPcmPva,KOHTA YAMAMOTO,Ashes on The Fire (Attack on Titan The Final Season Original Soundtrack),Ashes on The Fire (Attack on Titan The Final Season Original Soundtrack),58,274133,False,0.214,0.703,7,-9.558,1,0.0487,0.00141,0.928,0.0572,0.0786,101.921,3,anime,929988,2020-01-04 07:52,EU
0OGw7V8wAI6OsZIQ12JkTP,Vickeblanka,wizard,Black Rover,66,209573,False,0.592,0.937,11,-4.905,1,0.0442,0.00139,1.74e-05,0.189,0.529,102.073,4,anime,155696,2020-01-04 07:53,APAC
6w1E3TTGPuXCzVyKBmLNBD,Kiko Blac,Bunny Girl Senpai Freestyle,Bunny Girl Senpai Freestyle,51,77000,True,0.784,0.393,4,-17.678,0,0.211,0.15,8.19e-06,0.158,0.487,134.909,4,anime,285311,2020-01-04 07:54,MENA
1FXrYwvWwjmbw8cqFC1OWz,majiko,Contrast,Kokoronashi,62,273583,False,0.528,0.593,1,-3.68,1,0.0545,0.289,0.00054,0.0724,0.351,167.238,4,anime,122951,2020-01-04 07:55,MENA
1wcr8DjnN59Awev8nnKpQ4,ENHYPEN,BORDER : CARNIVAL,Drunk-Dazed,75,193260,False,0.599,0.869,5,-5.174,0,0.0618,0.000707,0.0,0.0911,0.453,132.889,4,anime,524154,2020-01-04 07:56,LATAM
3nV2Yjy2aJjUl74p0tEfWf,ENHYPEN,Make the change,Make the change,61,187000,False,0.807,0.767,0,-3.643,1,0.0777,0.0308,0.0,0.285,0.855,110.994,4,anime,639656,2020-01-04 07:57,APAC
70p3HYq9iHZisJqpDmWd1U,Linked Horizon,Shingeki no Kiseki,Guren no Yumiya,66,310680,False,0.455,0.952,1,-6.382,0,0.0787,0.0232,5.65e-05,0.0662,0.332,90.365,4,anime,388605,2020-01-04 07:58,LATAM
66wQlkJP6zHNOzRkyo5yZS,ENHYPEN,One In A Billion,One In A Billion,69,196392,False,0.719,0.952,8,-3.058,0,0.0674,0.197,0.0,0.14,0.446,119.957,4,anime,164407,2020-01-04 07:59,LATAM
5uraJqtCBvLpwt3VeomZdq,Linked Horizon,Shingeki no Kiseki,Shinzo wo Sasageyo!,69,341413,False,0.44,0.983,0,-4.36,1,0.0868,0.22,0.0,0.26,0.203,159.968,4,anime,204539,2020-01-04 08:00,LATAM
69WpV0U7OMNFGyq8I63dcC,ENHYPEN,BORDER : DAY ONE,Given-Taken,71,183090,False,,0.649,8,-4.939,0,0.0377,0.17,0.0,0.321,0.459,108.07,4,anime,940048,2020-01-04 08:01,MENA
5deMG1Ko0ycpPVYPwW0yi8,ZAQ,Dance In The Game,Dance In The Game,65,208626,False,0.599,0.927,5,-3.115,0,0.112,0.0347,0.0,0.348,0.856,134.979,4,anime,825324,2020-01-04 08:02,US
1zoyteFQmeUUqyOl2Xznpy,ENHYPEN,DIMENSION : DILEMMA,Tamed-Dashed,70,196170,False,0.568,0.809,11,-3.869,0,0.0517,0.000253,3.33e-05,0.151,0.709,155.029,4,anime,943214,2020-01-04 08:03,LATAM
69mhZKG0nDbSK7NoINWEsE,ENHYPEN,I Need The Light,I Need The Light,66,185293,False,0.594,0.869,0,-4.995,0,0.0728,0.0638,0.0,0.346,0.802,152.113,4,anime,577722,2020-01-04 08:04,APAC
7nF9c1EmRF3BNAtKDCwUAK,Official HIGE DANdism,Editorial,Cry Baby,63,241680,False,0.346,0.901,1,-4.617,1,0.12,0.0103,0.0,0.358,0.434,199.934,4,anime,591448,2020-01-04 08:05,LATAM
0lVp0ajGZ2huxjV0LjnLI4,Khantrast,Naruto Bluebird Freestyle,Naruto Bluebird Freestyle,64,102893,True,0.709,0.941,8,-4.929,0,0.276,0.206,0.0,0.249,0.333,148.029,4,anime,807396,2020-01-04 08:06,EU
5H9VMgnzuU62NYzWdJlqae,Louis Capone,Bars No Jutsu,Bars No Jutsu,62,148642,True,0.694,0.766,1,-7.179,1,0.14,0.217,1.01e-06,0.134,0.636,133.924,4,anime,654974,2020-01-04 08:07,US
6PRy17C5LiiN7VCLS6IA98,ENHYPEN,MANIFESTO : DAY 1,Future Perfect (Pass the MIC),77,180750,False,0.658,0.9,9,-3.479,0,0.264,0.0364,0.0,0.0771,0.526,156.096,4,anime,492796,2020-01-04 08:08,APAC
3OC2C8IpFhbUJTeMe55QYn,ENHYPEN,MANIFESTO : DAY 1,ParadoXXX Invasion,72,187490,False,0.727,0.863,1,-3.181,1,0.0879,0.0298,0.0,0.334,0.72,94.952,4,anime,362704,2020-01-04 08:09,APAC
5Z2DNRAhs6r4VdINVkRhYY,ENHYPEN,MANIFESTO : DAY 1,SHOUT OUT,72,228115,False,0.495,0.844,2,-3.65,1,0.0671,0.00315,0.0,0.459,0.486,159.989,4,anime,536956,2020-01-04 08:10,APAC
2y7f8qkrgIqY5KsfPNcuix,Vickeblanka,Devil,Black Catcher,66,196946,False,0.592,0.894,11,-4.71,0,0.042,0.00358,5.32e-06,0.0721,0.642,100.026,4,anime,157575,2020-01-04 08:11,MENA
7ecbsiAQ6PNdiAq0hplVZo,ENHYPEN,DIMENSION : ANSWER,Blessed-Cursed,71,170805,False,0.604,0.886,4,-3.523,0,0.061,0.0925,0.0,0.596,0.401,127.098,4,anime,273203,2020-01-04 08:12,APAC
3bI34Ts8OMPfIpoPqzyZgM,ENHYPEN,MANIFESTO : DAY 1,TFW (That Feeling When),69,197795,False,0.689,,3,-4.388,0,0.0354,0.113,0.0,0.134,0.902,116.024,4,anime,763713,2020-01-04 08:13,LATAM
4Av96uADG9Xi7iJFHrbqFJ,Mrs. GREEN APPLE,J-Pop 輕旅行,lovin',1,155906,False,0.44,0.94,11,-2.057,0,0.0706,0.0362,0.0,0.31,0.858,123.572,4,anime,881247,2020-01-04 08:14,US
2r6CFJkVCM9IlclxES9tI2,Mrs. GREEN APPLE,TOKYO - HALLOWEEN -,WanteD! WanteD!,0,217386,False,0.559,0.806,0,-2.461,1,0.05,0.0251,0.0,0.0433,0.633,160.021,4,anime,191607,2020-01-04 08:15,US
1s7ED8hhCPClqcnHCJakAs,Mrs. GREEN APPLE,J-Pop 輕旅行,ダンスホール,2,203149,False,0.736,0.695,7,-3.87,1,0.0468,0.0209,0.0,0.0517,0.784,109.976,4,anime,187216,2020-01-04 08:16,MENA
1WYDaSAGpAqleq0FKu0a3m,Samuel Kim,Enemy - Epic Version (from Arcane League of Legends),Enemy - Epic Version (from Arcane League of Legends),57,116476,False,0.489,0.687,7,-7.762,1,0.0333,0.14,0.731,0.131,0.187,77.093,4,anime,177001,2020-01-04 08:17,LATAM
18b3M1rEHsIHAqyrUxttnq,SEKAI NO OWARI,Alternative Christmas 2022,silent,0,311146,False,0.435,0.623,0,-5.299,1,0.036,0.456,0.0,0.113,0.397,87.794,4,anime,812419,2020-01-04 08:18,APAC
64yajM6CxtLghmgB53VeXT,Mrs. GREEN APPLE,インフェルノ,インフェルノ,69,212546,False,0.529,0.931,4,-1.538,1,0.0581,0.00955,0.0,0.465,0.695,92.466,4,anime,380100,2020-01-04 08:19,EU
5QwAdWCnauw0GpDzM3glrO,Yuko Ando,Shogeki,Shogeki,60,181594,False,0.399,0.723,11,-4.507,1,0.0681,0.124,0.0,0.352,0.22,137.032,4,anime,394087,2020-01-04 08:20,EU
0zoGVO4bQXG8U6ChKwNgeg,Taeko Onuki,MIGNONNE (Mastered by Bernie Grundman),4:00A.M.,70,336960,False,0.631,0.644,10,-10.81,0,0.0348,0.341,0.000411,0.0877,0.861,103.376,4,anime,111219,2020-01-04 08:21,US
7AffKWcNn5Zv7QFgScW2ox,Ikimonogakari,ハジマリノウタ,ホタルノヒカリ,63,244066,False,0.566,0.92,2,-1.896,0,0.0638,0.0674,0.0,0.314,0.562,147.007,4,anime,975338,2020-01-04 08:22,EU
7p30D2KjK2XW7YUvI6nH3o,7!!,Anipps,オレンジ,63,350200,False,0.348,0.492,7,-4.844,1,0.0324,0.171,0.0,0.116,0.3,171.637,4,anime,490631,2020-01-04 08:23,APAC
3f3FDZajRpcLQGln7OZqdi,Cö Shu Nie,PURE,asphyxia,63,174893,False,0.181,0.913,5,-3.318,1,0.152,0.0501,0.0,0.282,0.392,82.176,4,anime,817701,2020-01-04 08:24,APAC
5RhWszHMSKzb7KiXk4Ae0M,Hikaru Utada,One Last Kiss,One Last Kiss,65,252026,False,0.592,0.54,8,-11.249,0,0.0587,0.692,0.00187,0.0965,0.354,111.955,4,anime,736912,2020-01-04 08:25,LATAM
6faRsCMylJKKQqESbwJTA9,MUSASHI PROJECT,NARUTO -ナルト- オリジナルサウンドトラック,哀と悲,53,179520,False,0.28,0.183,4,-14.359,0,0.0361,0.743,0.525,0.173,0.0395,119.685,4,anime,227597,2020-01-04 08:26,US
28DlaPydCnrs8NxYOnUPZ8,BLUE ENCOUNT,Q.E.D,ポラリス,65,224213,False,0.534,0.941,8,-2.561,1,0.077,0.00204,0.00615,0.102,0.573,95.008,4,anime,821213,2020-01-04 08:27,LATAM
2d0MD0qqYEdGSvqgLHNiDR,Hiroaki Tsutsumi;Toft Willingham;Chez;Jessica Gelinas,『劇場版 呪術廻戦 0』オリジナル・サウンドトラック,Greatest Strength,52,192640,False,0.263,0.459,6,-8.696,0,0.0349,0.0875,0.00104,0.105,0.152,86.297,4,anime,595272,2020-01-04 08:28,EU
4AElkruOc9gECdltSuV3JN,FantasticYouth,小喋日和,小喋日和,62,227625,False,0.718,0.803,6,-4.983,1,0.0318,0.182,1.85e-06,0.111,0.889,110.009,4,anime,643875,2020-01-04 08:29,LATAM
6ilTR3RpLCAHDt3Z6YuQGx,Cidergirl,シンデレラ,シンデレラ,62,212310,False,0.572,0.955,7,-2.617,1,0.0626,0.0141,0.0,0.315,0.717,129.981,4,anime,280284,2020-01-04 08:30,EU
0wIfYaveiZku0eL44UXtHk,Kato,Naruto Vibes,Konoha Peace,53,101437,False,0.71,0.464,2,-8.171,1,0.0316,0.345,0.915,0.163,0.436,124.061,4,anime,862185,2020-01-04 08:31,EU
5Xs2wcsqZwZ6bfLSpAs08G,LiSA,紅蓮華,紅蓮華 -TV ver.-,60,89946,False,0.559,0.973,4,-3.386,0,0.088,0.0573,0.0,0.558,0.632,135.012,4,anime,938499,2020-01-04 08:32,EU
2zwZPlMKb1vaFcQK6PpMtP,the peggies,The GARDEN,センチメートル,62,227013,False,0.564,0.922,2,-2.303,1,0.0368,0.00198,5.03e-06,0.231,0.828,139.962,4,anime,465851,2020-01-04 08:33,EU
0hHc2igYYlSUyZdByauJmB,Yuki Hayashi,TVアニメ『僕のヒーローアカデミア』オリジナル・サウンドトラック,You Say Run,62,228746,False,0.325,0.947,7,-5.102,1,0.107,0.00143,0.966,0.145,0.352,87.406,4,anime,183229,2020-01-04 08:34,LATAM
2HovXsvcdJur52BOcYGydz,Aimer,daydream,カタオモイ,67,207360,False,0.621,0.533,1,-5.974,1,0.0342,0.78,0.0,0.333,0.791,96.981,4,anime,863894,2020-01-04 08:35,LATAM
2vDPSojrX4aL7aiCPD7kja,KANKAKU PIERO,Iroirotoiro,Harukamirai,63,177106,False,0.459,0.99,9,-1.083,1,0.128,0.0102,4.98e-06,0.307,0.458,91.006,4,anime,898652,2020-01-04 08:36,APAC
3SlQVRQAgsc6ac6UBM9dIk,LiSA,LEO-NiNE,unlasting,59,296813,False,0.637,0.447,7,-5.893,0,0.0302,0.53,0.0,0.0977,0.343,113.256,4,anime,555825,2020-01-04 08:37,LATAM
2lXu7SNGIKHJ8EV2EetYFa,majiko,命に嫌われている。,命に嫌われている。,61,274586,False,0.727,0.833,0,-3.384,1,0.0443,0.065,0.0,0.122,0.525,99.985,4,anime,621233,2020-01-04 08:38,EU
38kcwx5znepLWCIBID0Bwm,THE ORAL CIGARETTES,FIXION,Kyouran Hey Kids!!,69,250973,False,0.526,0.981,8,-1.82,1,0.111,0.00318,0.00161,0.187,0.781,142.016,4,anime,300732,2020-01-04 08:39,EU
1p0WZg4NXoNVGj2AuoLJe7,Ikimonogakari,Chou Ikimonobakari Tennen Kinen Members Best Selection,熱情のスペクトラム,64,223613,False,0.479,0.902,11,-2.665,0,0.0439,0.0593,0.0,0.394,0.748,159.975,4,anime,160725,2020-01-04 08:40,APAC
6B58M2bmAU5cuwy1Jci3ZU,Fery,Naruto Shippuden Loneliness (Trap Remix),Naruto Shippuden Loneliness - Trap Remix,53,155977,False,0.616,,8,-8.955,1,0.0305,0.0245,0.146,0.129,0.133,111.713,4,anime,949730,2020-01-04 08:41,MENA
72uSoNIf7eScfGZFQjNHrR,Eve,Bunka,Dramaturgy,67,238181,False,0.592,0.9,3,-1.73,0,0.0741,0.0192,0.0,0.172,0.706,149.018,4,anime,534661,2020-01-04 08:42,US
38yqKz2oVyauelwQVHvL2I,Shiki-TMNS;Kodama Boy;Big Gay,Hentai Bitch,Hentai Bitch,61,171514,True,0.714,0.471,1,-12.226,1,0.21,0.56,0.0,0.126,0.589,80.014,4,anime,347473,2020-01-04 08:43,US
4FelxMfZ4qBAq25djhKhcw,Samuel Kim,See You Again (Epic Orchestral Version),See You Again - Epic Orchestral Version,45,189219,False,0.578,0.429,10,-9.548,1,0.0262,0.687,0.906,0.113,0.148,144.032,4,anime,723908,2020-01-04 08:44,US
1asnqohK6MboIkoR5R3Osz,Hideki Taniuchi,DEATH NOTE Original Soundtrack,L no Theme,49,184080,False,,0.827,2,-6.99,1,0.0285,0.285,0.929,0.0875,0.457,135.021,1,anime,123581,2020-01-04 08:45,US
2vOAHp8PBBFYqvQUWSoITY,Mrs. GREEN APPLE,Attitude,インフェルノ,68,211600,False,0.533,0.918,4,-2.095,1,0.0616,0.00894,0.0,0.643,0.662,92.504,4,anime,171945,2020-01-04 08:46,US
4eOcd47wPU3ixxYw0spREl,ENHYPEN,BORDER : DAY ONE,Let Me In (20 CUBE),66,189858,False,,0.795,8,-4.338,0,0.181,0.00258,0.0,0.0912,0.685,171.853,4,anime,318406,2020-01-04 08:47,LATAM
2RmGQmFyJetffds9FSRm3c,ENHYPEN,MANIFESTO : DAY 1,Foreshadow,65,147485,False,0.363,0.691,11,-6.549,0,0.0978,0.0305,0.000298,0.124,0.22,90.49,3,anime,505583,2020-01-04 08:48,APAC
1VT6DSbClCDLjPkohMovAg,Rustage,Copy (Kakashi Rap),Copy (Kakashi Rap),50,147981,True,,0.805,8,-3.283,1,0.403,0.582,0.0,0.185,0.74,169.771,4,anime,430018,2020-01-04 08:49,APAC
3dG1jxbfBIZvzyFwAcsmS0,ENHYPEN,BORDER : CARNIVAL,Not For Sale,66,181196,False,0.583,0.589,2,-6.621,1,0.203,0.0612,0.0,0.108,0.56,192.13,4,anime,268612,2020-01-04 08:50,MENA
04TshWXkhV1qkqHzf31Hn6,Kenshi Yonezu,STRAY SHEEP,Lemon,70,255826,False,0.525,0.646,11,-4.963,1,0.0268,0.304,0.0,0.297,0.373,86.957,4,anime,416214,2020-01-04 08:51,US
6IqKFke4ZhKbGYULllEezY,ENHYPEN,DIMENSION : DILEMMA,Go Big or Go Home,67,201707,False,0.766,0.844,10,-3.993,0,0.0575,0.0502,0.0,0.269,0.823,122.019,4,anime,400520,2020-01-04 08:52,LATAM
6M2J8MffpkAQRjnF7xZ8BR,[Alexandros],TOKYO - HALLOWEEN -,ムーンソング,0,260693,False,0.538,0.919,8,-3.395,1,0.0389,0.00262,0.000175,0.178,,134.014,4,anime,572200,2020-01-04 08:53,US
3RFL9hE5cBocBsjD5XLJLQ,Official HIGE DANdism,Mixed Nuts,Mixed Nuts,68,213438,False,0.542,0.918,6,-5.074,1,0.0937,0.0101,0.0,0.259,0.784,150.094,4,anime,606466,2020-01-04 08:54,EU
3TgPwLFXV6GEIsDZANHktY,ENHYPEN,BORDER : DAY ONE,Flicker,63,144370,False,0.656,0.761,10,-5.112,0,0.092,0.00647,3.35e-06,0.169,0.549,85.149,4,anime,894813,2020-01-04 08:55,US
6rsbsdiGDrYvhbb1K7ziTL,Linked Horizon,Guren no Yumiya Tv Size Ver.,Guren no Yumiya Tv Size Ver.,59,94283,False,,0.91,1,-6.016,0,0.0479,0.561,1.13e-06,0.107,0.507,90.447,4,anime,826099,2020-01-04 08:56,US
3QdjLOemIcMZovVOnvJP7P,ENHYPEN,DIMENSION : DILEMMA,Just A Little Bit,65,167820,False,0.441,0.59,0,-5.615,1,0.0514,0.242,0.0,0.349,,84.633,4,anime,363104,2020-01-04 08:57,LATAM
27iksNpaur1CcH0w8703by,Linked Horizon,Shinzo wo Sasageyo! (TV Size),Shinzo wo Sasageyo! - TV Size,61,90000,False,0.435,0.953,0,-5.327,1,0.0423,0.246,0.0,0.123,0.612,79.959,4,anime,912400,2020-01-04 08:58,EU
1alTFChaR599v3YgjecITE,[Alexandros],TOKYO - HALLOWEEN -,閃光,0,262333,False,0.546,0.971,5,-3.451,0,0.0636,0.000132,0.0,0.0731,0.473,104.083,4,anime,568693,2020-01-04 08:59,APAC
67ColSQSTMboSIc6Cw6p88,Yutaka Yamada,TVアニメ『東京喰種』ORIGINAL SOUNDTRACK,GLASSY SKY,56,294813,False,0.451,0.246,8,-14.784,0,0.0403,0.546,6.53e-05,0.284,0.145,145.587,4,anime,268909,2020-01-04 09:00,MENA
3xVCQGla5LLhrwqNS2FcHo,QUEEN BEE,Fire (Full Edition),火炎,59,215973,False,0.521,0.933,11,-4.874,0,0.179,0.034,2.07e-05,0.33,0.607,169.842,4,anime,406124,2020-01-04 09:01,MENA
6qzTbAFDX82BxJIBbdKPH8,小畑貴裕,約束のネバーランド Season1 Original Soundtrack,イザベラの唄,59,149200,False,0.207,0.299,10,-11.389,0,0.0385,0.955,0.286,0.111,,111.011,3,anime,767585,2020-01-04 09:02,EU
5WLaJoYalaASb9JB7Yk5U6,BURNOUT SYNDROMES,檸檬,ヒカリアレ,60,244786,False,0.313,0.941,7,-1.741,1,0.133,0.0112,0.0,0.363,0.35,178.061,4,anime,839594,2020-01-04 09:03,EU
75SKlkZrcOX32dseIE8l4O,7!!,Anipps,ラヴァーズ,55,221973,False,0.498,0.957,11,-2.709,1,0.147,0.0041,0.0,0.0638,0.672,163.761,4,anime,436711,2020-01-04 09:04,MENA
3iVvQHWCLGjfY3iFEwV9lO,Ken Arai;NSZX,Next to you (from Parasyte),Next to you - from Parasyte,52,213230,False,0.43,0.319,4,-14.035,0,0.0436,0.783,0.917,0.136,0.32,94.964,4,anime,241841,2020-01-04 09:05,MENA
5ORPYXJKlpHWIdceavSGrL,ASIAN KUNG-FU GENERATION,BEST HIT AKG,遥か彼方,64,243346,False,0.308,0.955,4,-3.763,1,0.111,2.39e-05,0.113,0.166,0.237,174.991,4,anime,272698,2020-01-04 09:06,LATAM
44ljoaRrogXke0S4U8iekW,BURNOUT SYNDROMES,FLY HIGH!!,FLY HIGH!!,51,246000,False,0.473,0.964,11,-1.48,1,0.0739,0.0139,0.0,0.326,0.345,94.573,4,anime,193159,2020-01-04 09:07,US
6bPPyigCphBBQ9781j6eKM,FLOW,FLOW THE BEST 〜Single Collection〜,COLORS,62,218493,False,0.457,0.877,1,-4.229,1,0.0504,0.0353,0.0,0.106,0.387,136.03,4,anime,728863,2020-01-04 09:08,LATAM
3gFQOMoUwlR6aUZj81gCzu,Joe Hisaishi,Spirited Away Soundtrack,One Summer Day,65,189800,False,0.41,0.196,0,-15.956,1,0.0383,0.953,0.892,0.0974,,78.823,4,anime,552695,2020-01-04 09:09,LATAM
543jStmHR1VrSfpxmjUIn6,sumika,Chime,フィクション,64,230760,False,0.658,0.94,2,-2.427,1,0.0339,0.144,0.0,0.101,0.694,122.992,4,anime,506064,2020-01-04 09:10,MENA
7k9D5GUqhn0Jf3kBnfgQJ6,MUSASHI PROJECT,NARUTO -ナルト- オリジナルサウンドトラック,沸き上がる闘志,53,96613,False,0.587,0.846,7,-7.749,1,0.0614,0.00676,0.588,0.0998,0.225,105.016,1,anime,704698,2020-01-04 09:11,LATAM
7MtpXnAhLKdkXjoFaK95TB,TK from Ling tosite sigure,katharsis,katharsis,59,266106,False,0.555,0.828,8,-3.193,1,0.15,0.0397,0.0,0.163,0.391,144.276,4,anime,845798,2020-01-04 09:12,EU
4YycgLIc3P6oQRY5NiOybl,JAM Project,AREA Z,THE HERO !! 〜怒れる拳に火をつけろ〜,61,229742,False,0.467,0.967,2,-3.528,1,0.116,4.68e-05,0.0,0.195,0.177,130.175,4,anime,815971,2020-01-04 09:13,APAC
3J34JtfZNylVXSKN4TDf12,LiSA,明け星,明け星,61,269000,False,0.389,0.867,1,-3.604,1,0.048,0.000303,0.0,0.347,0.215,94.952,4,anime,223430,2020-01-04 09:14,APAC
28QpCzFbTf09Jsj2zuz58t,SawanoHiroyuki[nZk];mizuki,Avid,Avid,61,250293,False,0.468,0.753,4,-4.329,0,0.031,0.179,5.65e-06,0.148,0.18,155.929,4,anime,630661,2020-01-04 09:15,US
39uLYYZytVUwcjgeYLI409,Joe Hisaishi,FREEDOM PIANO STORIES 4,Merry-Go-Round of Life - from 'Howl's Moving Castle',68,311106,False,0.239,0.287,7,-12.565,0,0.0388,0.876,0.644,0.122,0.185,71.608,3,anime,894261,2020-01-04 09:16,EU
37CZgMBMfnNLul4LQ9rg1u,Hideki Taniuchi,DEATH NOTE Original Soundtrack,Light no Theme,49,204000,False,0.494,0.569,2,-4.69,0,0.0336,0.0614,0.904,0.0824,0.0708,129.995,4,anime,796464,2020-01-04 09:17,EU
13EtMetztrji5zrka6Uzd3,Eve;Uta,Bubble (feat. Uta),Bubble (feat. Uta),58,226874,False,0.541,0.803,5,-4.725,1,0.033,0.0134,0.0,0.101,0.442,146.0,4,anime,396471,2020-01-04 09:18,MENA
0f0qeeE4JTRQpjj4fLUqsa,Shiki-TMNS;Hentai Dude,Senpai (feat. Hentai Dude),Senpai (feat. Hentai Dude),60,172564,True,0.749,0.782,6,-9.589,0,0.176,0.192,0.0,0.632,0.61,83.504,4,anime,453438,2020-01-04 09:19,LATAM
1acwOlcOCrr0AxdyMS8fEm,FictionJunction;LiSA,from the edge,from the edge,58,278655,False,0.353,0.926,1,-3.827,1,0.149,0.00138,5.92e-05,0.234,0.157,162.046,4,anime,901175,2020-01-04 09:20,LATAM
7yF19wC6msoj2cGUEtlm1S,Khantrast,She Bad,She Bad,63,105536,True,0.598,0.877,2,-5.401,1,0.112,0.105,0.0,0.0988,0.615,170.169,4,anime,129580,2020-01-04 09:21,MENA
532a4qwtCf56E6qjiAn2EE,CHiCO with HoneyWorks,ヒミツ恋ゴコロ,ヒミツ恋ゴコロ,58,218146,False,0.573,0.915,5,-2.513,0,0.0852,0.0754,0.0,0.336,0.894,165.06,4,anime,572877,2020-01-04 09:22,EU
77wmpTzmexp0gvyeQq45zV,白銀御行(CV:古川慎);藤原千花(CV:小原好美),My Nonfiction,My Nonfiction,57,155931,False,0.724,0.923,11,-3.42,1,0.225,0.568,0.0,0.344,0.797,155.091,4,anime,204489,2020-01-04 09:23,US
738ezpBPFkPV6zZmJLicaN,Otaku;LoFi Waiter,Ghibli Lofi,One summer's day,63,127058,False,0.701,0.415,0,-17.812,1,0.0663,0.442,0.886,0.109,0.326,74.989,4,anime,905128,2020-01-04 09:24,MENA
6FbUqYe6AZ0KJSsNpdCGal,Animelmack,L Theme (Death Note),L Theme (Death Note),43,179815,False,0.691,0.592,4,-13.27,0,0.0322,0.0891,0.856,0.134,,135.071,4,anime,134850,2020-01-04 09:25,LATAM
03tNSODeYIc8v0UTEzVCcM,Rustage;DizzyEight;Dreaded Yasuke;Savvy Hyuga;Connor Rapper;GameboyJones;None Like Joshua,Hokage,Hokage,47,266349,False,0.758,0.835,1,-4.581,1,0.311,0.355,0.0,0.113,0.806,81.816,4,anime,121052,2020-01-04 09:26,EU
0kNkyCg59tcaSGyoC2ByTX,Khantrast,Bunny Thot,Bunny Thot,62,91199,True,0.71,0.848,9,-5.01,0,0.194,0.322,0.0,0.159,0.572,134.894,4,anime,396048,2020-01-04 09:27,APAC
46YSff2Rq1ZtN1YVk5cwbZ,Aimer,DAWN,Brave Shine,63,233493,False,0.38,0.889,8,-5.911,1,0.0801,0.00272,2.07e-06,0.152,0.514,171.083,4,anime,280149,2020-01-04 09:28,EU
7CSTVNXkW2AbmNktlP1hi2,UVERworld,UNSER,Touch off,63,258706,False,0.411,0.894,4,-3.815,0,0.0465,2.36e-05,0.000447,0.447,0.195,99.607,4,anime,545941,2020-01-04 09:29,APAC
01YYvokYa6Cmmk8lBf65iT,Rustage;McGwire,Running in Blind (Gojo Rap),Running in Blind (Gojo Rap),50,187053,True,0.832,0.936,9,-4.206,1,0.244,0.523,0.0,0.25,0.608,139.997,4,anime,369611,2020-01-04 09:30,APAC
5rKliwtmd9CXFQAjUECGdi,Rustage,God Mode (Madara Rap),God Mode (Madara Rap),46,166183,True,0.825,0.774,10,-4.757,0,0.333,0.731,0.000914,0.249,0.61,139.964,4,anime,420685,2020-01-04 09:31,MENA
2deb24yUrqgOVwGJjaIaYp,Rustage;TOPHAMHAT-KYO,Blood (Alucard Rap),Blood (Alucard Rap),53,197183,True,0.788,0.936,8,-3.479,1,0.316,0.445,0.0,0.0812,0.763,139.964,4,anime,608429,2020-01-04 09:32,LATAM
2HYPqSwitksTpCFzYmP7Po,Otaku,Anime Lofi Vol. 1,Blue Bird (Naruto),60,111848,False,0.58,0.229,1,-16.333,0,0.0308,0.287,0.856,0.104,0.127,70.013,4,anime,604538,2020-01-04 09:33,US
708feUe50Ed8N6zilSiSQM,Kiro Akiyama,From DROPOUT,Caffeine,59,243253,False,0.73,0.455,6,-5.467,1,0.0396,0.00372,0.0118,0.0649,0.763,133.996,4,anime,941437,2020-01-04 09:34,MENA
3ROMQLV9N3HjrcqvV88dSP,Samuel Kim,Shang-Chi Main Theme,Shang-Chi Main Theme,43,221807,False,0.324,0.766,9,-8.478,0,0.0776,0.0261,0.844,0.102,0.0399,174.017,4,anime,532547,2020-01-04 09:35,LATAM
4TRV1GJuTP8bUs3lhe50r2,Berioska;Animelmack,Hikaru Nara (Shigatsu Wa Kimi No Uso) [feat. Animelmack],Hikaru Nara (Shigatsu Wa Kimi No Uso) [feat. Animelmack],52,251821,False,0.512,0.738,6,-9.004,0,0.0356,0.576,0.0418,0.238,0.791,159.95,4,anime,607807,2020-01-04 09:36,APAC
5s0AxcVJJD2YYPstMb61ro,Hello Sleepwalkers,Masked Monkey Awakening,Goya No Machiawase,60,170640,False,0.406,0.959,0,-3.014,1,0.0952,0.000891,0.0,0.327,0.571,94.277,4,anime,710147,2020-01-04 09:37,EU
6RpBs7BsS9oiHKtzJXsMOS,LiSA,赤い罠(who loves it?) / ADAMAS,ADAMAS,63,225000,False,0.514,0.991,1,-1.768,0,0.115,0.00906,1.28e-05,0.316,0.298,95.528,4,anime,256809,2020-01-04 09:38,APAC
6fDNrVo5NKVinKJfBNgXXA,Belle,Belle (Original Motion Picture Soundtrack) [German Language Version],Fama Destinata - Deutsche Version,7,138222,False,0.541,0.636,8,-10.779,0,0.0387,0.177,0.114,0.149,0.749,115.999,4,anime,700265,2020-01-04 09:39,LATAM
7eo2HVkRxrDU3bQPwEiIBT,Kato,Sleep Anime Lofi Beats,One Summer Day (Spirited Away),62,85333,False,,0.083,0,-28.071,1,0.0361,0.831,0.817,0.117,0.0362,54.528,4,anime,875719,2020-01-04 09:40,US
6oSCR9n71tmwWL3GFb65Ec,ENHYPEN,DIMENSION : DILEMMA,Upper Side Dreamin’,64,189402,False,0.608,0.886,0,-3.027,1,0.0773,0.0281,0.0,0.446,0.783,106.02,4,anime,386257,2020-01-04 09:41,APAC
3I4WD00WeGlGCjWoMWEsGy,Belle,Belle (Original Motion Picture Soundtrack) [German Language Version],Zeige Mir Den Weg,21,239263,False,0.328,0.246,7,-12.041,1,0.0434,0.369,0.00776,0.23,,127.308,4,anime,260505,2020-01-04 09:42,EU
733hyyG8U8kxxebds98nc6,frad,First Date,First Date,62,173143,False,0.732,0.303,4,-13.575,1,0.057,0.75,0.828,0.141,0.601,82.555,4,anime,411592,2020-01-04 09:43,APAC
6Bl8ELAqTF3ZGHgaGJ1UkH,Belle,Belle (Original Motion Picture Soundtrack) [German Language Version],Swarms of Song - Deutsche Version,17,98242,False,0.432,0.526,4,-12.49,0,0.0612,0.0513,0.000105,0.0887,0.251,129.56,4,anime,347534,2020-01-04 09:44,MENA
7eFJK3p0l0mVh68qlrszNN,Belle,Belle (Original Motion Picture Soundtrack) [German Language Version],Allein Möchtest Du Sein,19,303787,False,0.283,0.211,7,-11.836,1,0.0341,0.765,5.26e-05,0.112,0.121,112.785,3,anime,626632,2020-01-04 09:45,LATAM
04oq6VPupinLHUHZUuskeI,Belle,Belle (Original Motion Picture Soundtrack) [German Language Version],Ich Will Dich She'n - reprise,11,385860,False,0.282,0.181,0,-13.767,1,0.034,0.734,0.0635,0.0737,0.0522,79.987,4,anime,877361,2020-01-04 09:46,EU
6S0By3u06ttb3kU2XEtWnw,ENHYPEN,BORDER : CARNIVAL,Mixed Up,62,183259,False,0.623,0.9,8,-3.944,0,0.236,0.0486,0.0,0.266,0.773,156.889,4,anime,636788,2020-01-04 09:47,LATAM
42x2s9Uuu5fpd9PyPc4jzF,Yasuharu Takanashi,NARUTO-ナルト- 疾風伝 オリジナル・サウンドトラック,失意,51,120826,False,0.272,0.122,4,-16.359,0,0.0376,0.966,0.914,0.089,0.0629,60.337,4,anime,212960,2020-01-04 09:48,LATAM
5xiL4uOUrd4IVhaY9qTm0Y,Yasuharu Takanashi,NARUTO-ナルト- 疾風伝 オリジナル・サウンドトラック,孤独,50,126226,False,0.225,0.0619,2,-14.858,0,0.0329,0.847,0.687,0.15,0.0988,57.762,4,anime,383229,2020-01-04 09:49,LATAM
0nUKU6e9COOCgO5tAUtlST,LiSA,紅蓮華,紅蓮華,56,238586,False,0.544,0.979,4,-2.8,0,0.153,0.00336,0.000116,0.0775,0.31,135.001,4,anime,720382,2020-01-04 09:50,US
0BQNM4jGoWsJ4qN5GQpgmh,Yutaka Yamada,TVアニメ『東京喰種』ORIGINAL SOUNDTRACK,Licht und Schatten,49,266640,False,0.461,0.614,2,-8.407,0,0.0341,0.00307,0.743,0.104,,171.929,4,anime,397285,2020-01-04 09:51,APAC
4Q8Xekfd9ihkVPCBxGK0ec,SPYAIR,MILLION,サクラミツツキ,56,217226,False,0.292,0.906,8,-4.073,1,0.0605,0.000256,0.000743,0.231,0.348,179.004,4,anime,627751,2020-01-04 09:52,US
7rrrySGLL4JRDm11wNOw0e,桶狭間ありさ,TVアニメ『呪術廻戦』オリジナル・サウンドトラック,虚式「茈」,42,232773,False,0.345,0.707,4,-7.58,0,0.0816,0.00234,0.661,0.235,0.201,136.814,4,anime,724639,2020-01-04 09:53,LATAM
6MNY72T605kPIOH3hnioxu,Aimer,Penny Rain,Ref:rain,60,289986,False,0.472,0.672,7,-4.297,1,0.0287,0.0343,0.0,0.0936,0.313,77.982,4,anime,396250,2020-01-04 09:54,LATAM
7LVsLHXVLscS5xY7q50TLT,eill,Koko de Iki wo Shite,Koko de Iki wo Shite,54,216672,False,,0.76,8,-2.852,1,0.057,0.0639,0.0,0.124,0.796,107.007,4,anime,682669,2020-01-04 09:55,APAC
1AfFUID69eG8hOkkc3asNM,Eve,Kaikai Kitan / Ao No Waltz,Ao No Waltz,57,277337,False,0.417,0.52,3,-4.872,1,0.0324,0.19,0.0,0.0783,0.346,123.934,3,anime,458304,2020-01-04 09:56,APAC
0maSUktGFelOHPjTP8c1Kd,Eve,Smile,Inochi No Tabekata,60,224218,False,0.541,0.823,6,-4.734,0,0.055,0.0073,1.82e-05,0.251,0.553,143.037,4,anime,221545,2020-01-04 09:57,MENA
640GYv0XyB1r9QsylKGFOi,Kijugo,Unravel but is it okay if it's lofi?,Unravel but is it okay if it's lofi?,50,155000,False,0.751,0.258,7,-14.304,0,0.126,0.123,0.152,0.196,0.51,60.012,4,anime,434963,2020-01-04 09:58,APAC
2vH8JFJKfkAgZs1GFlOzGh,Linked Horizon,Rakuen Eno Shingeki,Akatsuki no Requiem,53,240573,False,0.498,0.82,2,-6.288,0,0.0439,0.401,4.54e-06,0.373,0.299,136.901,3,anime,496937,2020-01-04 09:59,APAC
7JPAO45DZOmN2bciVaBia5,CHiCO with HoneyWorks,世界はiに満ちている,世界は恋に落ちている,58,312826,False,0.627,,7,-4.619,1,0.0484,0.0116,0.0,0.103,0.456,130.061,4,anime,102148,2020-01-04 10:00,MENA
0hiTwMBveSSLOcA608KRCh,Sunday Vibes,Blue Bird Lofi,Blue Bird Lofi,45,162037,False,0.811,0.456,7,-8.821,0,0.0448,0.595,3.96e-06,0.74,0.719,119.849,4,anime,903434,2020-01-04 10:01,US
30WNOfFRiqgebO4eRkCii8,FLOW,GAME,GO!!!,63,236160,False,0.61,0.963,11,-4.451,1,0.0576,0.075,0.0,0.256,0.839,133.747,4,anime,575100,2020-01-04 10:02,US
44VYdLnwvhn1H1cfieb84a,Eve,Kaikai Kitan / Ao No Waltz,Shinkai,57,266308,False,,0.778,11,-3.818,1,0.0284,0.00378,2.52e-05,0.103,0.602,122.98,4,anime,132675,2020-01-04 10:03,LATAM
0ac12GgX8LZK0VNC4N91o2,Eve,Kaizin,Yoku,53,168209,False,0.411,0.601,8,-6.837,1,0.0665,0.268,0.000278,0.0899,,87.648,4,anime,881191,2020-01-04 10:04,LATAM
6aLzDW8TlgccoWycY99mfU,Khantrast,I'm Toxic,I'm Toxic,61,116323,True,0.75,0.727,11,-8.445,1,0.0669,0.214,0.0,0.0557,0.847,109.923,4,anime,869646,2020-01-04 10:05,APAC
4qo5N3dKIxKsqrplJFxq7c,ZAQ,Z-ONE,カーストルーム,54,265306,False,0.53,0.931,4,-4.003,0,0.0734,0.00482,0.0,0.304,0.807,156.046,4,anime,110843,2020-01-04 10:06,EU
50o13VmOJiUj3WfU7XmEAn,Yuki Hayashi,TVアニメ『僕のヒーローアカデミア』オリジナル・サウンドトラック,My Hero Academia,53,205280,False,0.15,0.895,4,-5.159,0,0.0809,0.00101,0.765,0.131,0.299,180.338,4,anime,246860,2020-01-04 10:07,EU
1ZGmDs16vtSI0nlxDFljFK,BURNOUT SYNDROMES,BURNOUT SYNDROMEZ,PHOENIX,58,246813,False,0.493,0.947,0,-0.717,1,0.0701,0.111,0.0,0.345,0.656,137.124,4,anime,427414,2020-01-04 10:08,APAC
1Eq8hJo7DCax546vu6hAzn,Rustage;McGwire,Fear My Touch (Death Note),Fear My Touch (Death Note),47,226223,False,0.682,0.903,8,-4.577,1,0.386,0.432,0.000158,0.085,0.242,140.015,4,anime,556523,2020-01-04 10:09,MENA
3q7hI6kxCAbj0yDTR4asML,Yugo Kanno,JOJO'S BIZARRE ADVENTURE -Golden Wind O.S.T vol.3 Finare,Uragirimonono Requiem - Giorno Ver.,59,219187,False,0.357,0.932,1,-4.428,0,0.246,0.0236,0.0,0.196,0.338,168.125,4,anime,753186,2020-01-04 10:10,US
1wzZ9SaE5PYW5jps5q1c24,KOHTA YAMAMOTO,Attack On Titan The Final Season Original Soundtrack 02,Footsteps of Doom,49,306373,False,0.102,0.581,5,21.62,1,0.0394,7.19e-05,0.88,0.297,0.171,332.83,3,anime,481902,2020-01-04 10:11,US
664cheHciPtk0bDDIADFP4,Kato,Naruto Vibes,Sadness and Sorrow,49,122285,False,0.54,0.442,4,-11.105,0,0.0291,0.43,0.938,0.38,0.278,140.054,4,anime,650545,2020-01-04 10:12,LATAM
7E5eZ1ZGeqtIPIXIU5NceV,Otaku,Ghibli Lofi,Marco and Gina,62,109216,False,,0.262,8,-16.316,1,0.0627,0.548,0.854,0.102,0.393,75.082,4,anime,109116,2020-01-04 10:13,LATAM
6ZfnEOoJxofI3tR28sr04S,ACN Music.,The Raising Fighting Spirit,The Raising Fighting Spirit,45,99079,False,0.535,0.924,7,-4.536,1,0.0525,0.00562,0.569,0.0997,0.253,104.879,1,anime,692684,2020-01-04 10:14,EU
4xBBNJ8spMyuJynOQxJf7e,MindaRyn,Like Flames,Like Flames,55,250757,False,0.499,0.89,7,-8.256,0,0.0508,0.00145,1.38e-05,0.345,,175.011,4,anime,923856,2020-01-04 10:15,LATAM
6bfDSsy4wnpn6B0de8Qrbx,BURNOUT SYNDROMES,BURNOUT SYNDROMEZ,Good Morning World!,58,249480,False,0.486,0.953,0,-2.244,1,0.0766,0.0505,0.0,0.115,0.595,95.574,4,anime,573586,2020-01-04 10:16,MENA
3SUfTmtF04eIHQ00WPSixB,KOHTA YAMAMOTO,Attack On Titan The Final Season Original Soundtrack 02,Ashes on The Fire -PTV-,46,306840,False,0.216,0.688,5,-9.193,0,0.0501,0.000118,0.878,0.109,0.147,101.024,3,anime,509432,2020-01-04 10:17,APAC
4DEcayGdIhaeJBsWl1Chx1,Rustage;Shofu;Jhbboss,Madara (Death),Madara (Death),50,183198,True,0.718,0.673,0,-7.766,0,0.37,0.294,0.0,0.107,0.625,72.236,4,anime,367406,2020-01-04 10:18,MENA
2A7A3KF4NHFjW3ygFSt7In,ENHYPEN,HEY TAYO,Hey Tayo - Tayo Opening Theme Song,61,111386,False,0.785,0.672,8,-4.379,1,0.0306,0.119,0.0,0.0554,0.754,114.996,4,anime,958840,2020-01-04 10:19,APAC
5Bme4jcIfvFAF1A0jE2Hpk,conscience;Syndrome,Hasty,Hasty,63,135728,True,0.792,0.747,9,-7.941,1,0.226,0.0704,0.0,0.32,0.455,145.015,4,anime,129882,2020-01-04 10:20,MENA
46fpycbDAktlUgSCY1fMJd,Otaku;LoFi Waiter,Anime Lofi Vol. 1,Unravel (Tokyo Ghoul),59,127910,False,0.714,0.34,8,-15.571,1,0.0534,0.356,0.871,0.1,0.176,139.993,4,anime,358069,2020-01-04 10:21,US
188vCXc4bAejLqGhpEVBGT,Linked Horizon,Shingeki no Kiseki,Jiyuu no Tsubasa,60,331946,False,0.373,0.972,7,-6.005,1,0.123,0.0619,3.31e-05,0.379,0.0759,157.433,4,anime,224837,2020-01-04 10:22,EU
5Wt0gIt7RrXz5mJj5pslLC,Samuel Kim,Demon Slayer: Epic Collection,Zenitsu Theme V2 (Thunder Clap and Flash!),49,137948,False,0.507,0.803,0,-6.978,0,0.0695,0.00632,0.877,0.0693,0.202,116.896,4,anime,879647,2020-01-04 10:23,EU
7lcTpZtdTyfiIgVIpmTVut,Linked Horizon,Shinjitsu eno Shingeki,Shoukei to Shikabane no Michi,57,276176,False,0.357,0.965,8,-4.323,1,0.294,0.166,0.0,0.396,0.164,177.91,4,anime,534344,2020-01-04 10:24,MENA
0dj0B1f01K3MQABqKhXhBy,Kato,Sleep Anime Lofi Beats,Unravel Lofi (Tokyo Ghoul),59,60497,False,0.481,0.0888,7,-23.984,0,0.033,0.949,0.92,0.0989,0.427,170.309,4,anime,930149,2020-01-04 10:25,APAC
5aanhLobXHQ8ODj2LBJ077,Yugo Kanno,JOJO'S BIZARRE ADVENTURE -Golden Wind O.S.T vol.1 Overture,Canzoni preferite,59,144862,False,0.661,0.79,7,-8.29,1,0.0509,0.0281,0.00019,0.107,0.7,106.961,4,anime,698641,2020-01-04 10:26,US
4ly9rdCe3PvcYZdAN72T3b,Eve,Bunka,Okinimesumama,61,246713,False,0.613,0.843,1,-1.702,0,0.0505,0.0491,4.29e-05,0.0646,0.821,142.996,4,anime,601148,2020-01-04 10:27,MENA
2vX97IafvBPXQ6xUTAWErl,Kato,Sleep Anime Lofi Beats,Sadness and Sorrow (Naruto),60,77754,False,0.476,0.0792,4,-28.425,0,0.0304,0.707,0.862,0.343,0.138,56.997,4,anime,565724,2020-01-04 10:28,US
2j1r3ubqqxuoTFaPVnTV1j,ReoNa,unknown,ANIMA,61,269120,False,0.455,0.918,1,-4.503,1,0.141,0.000732,0.0,0.249,0.498,96.513,4,anime,282409,2020-01-04 10:29,LATAM
3MdqGEVxEQdKz3NWp63zY9,Kato,Sleep Anime Lofi Beats,Konoha Peace (Naruto),58,87612,False,0.617,0.0806,2,-24.894,1,0.0348,0.936,0.946,0.121,0.289,98.165,4,anime,605842,2020-01-04 10:30,US
0nh0uf3eB4JEjv4jQxj5eP,ENHYPEN,DIMENSION : ANSWER,Go Big or Go Home,58,201707,False,0.766,0.844,10,-3.993,0,0.0575,0.0502,0.0,0.269,0.823,122.019,4,anime,716722,2020-01-04 10:31,EU
5W5PhqcQDV539PJP9jdmrT,ENHYPEN,DIMENSION : ANSWER,Tamed-Dashed,58,196170,False,0.568,0.809,11,-3.869,0,0.0517,0.000253,3.33e-05,0.151,0.709,155.029,4,anime,968808,2020-01-04 10:32,US
59dMMxNmcPXPKa4S0vYi1j,Kato,Sleep Anime Lofi Beats,Pokémon Theme Lofi,59,80570,False,0.489,0.0806,9,-27.124,0,0.0286,0.927,0.881,0.109,0.161,94.01,4,anime,594079,2020-01-04 10:33,US
0xDVPc5W2jYqO6p9NisCI4,ENHYPEN,MANIFESTO : DAY 1,WALK THE LINE,58,123822,False,0.684,0.829,8,-6.082,1,0.144,0.00185,0.00258,0.581,0.301,122.083,4,anime,944951,2020-01-04 10:34,LATAM
2N4YbJg96OG37pQZkviVFv,Ryuichi Sakamoto;Lang Lang,Klassische Weihnachtsmusik,Merry Christmas Mr. Lawrence (Arr. for Piano),0,336200,False,0.403,0.185,10,-20.519,0,0.0417,0.962,0.911,0.0958,,104.517,3,anime,950075,2020-01-04 10:35,EU
2VWDk6GcnMaysTpVQH121M,Yasuharu Takanashi;YAIBA,NARUTO-ナルト- 疾風伝 オリジナル・サウンドトラック Ⅱ,千夜,45,129586,False,0.411,0.244,7,-13.5,1,0.0324,0.0366,0.00227,0.108,0.0309,71.999,3,anime,570297,2020-01-04 10:36,US
2lN3LquWyOGx8xPSOhsqPT,Yasuharu Takanashi,NARUTO-ナルト- 疾風伝 オリジナル・サウンドトラック,動天,50,183506,False,0.48,0.934,1,-8.811,1,0.0575,0.000132,0.375,0.103,0.512,154.953,4,anime,495344,2020-01-04 10:37,LATAM
4x9JFIsht1WWEv7go9vJcF,Yasuharu Takanashi,NARUTO-ナルト- 疾風伝 オリジナル・サウンドトラック,出陣,48,129973,False,0.406,0.671,6,-9.169,0,0.0387,0.0897,0.964,0.121,0.232,94.942,3,anime,228432,2020-01-04 10:38,US
0UtSPZyW63m5ZHODCwhakB,美波,アメヲマツ、,アメヲマツ、,57,294161,False,0.561,,10,-5.811,1,0.0418,0.214,0.0,0.151,0.26,149.936,4,anime,341662,2020-01-04 10:39,APAC
1yt4wO7dKCwsfjch8SN9aU,Sayuri,花の塔,花の塔,67,275614,False,0.486,0.948,9,-1.59,1,0.122,0.0242,0.0286,0.137,0.507,170.015,4,anime,891183,2020-01-04 10:40,APAC
3XKMO7tvyyUmxRvlJGhYQm,amazarashi,地方都市のメメント・モリ,空に歌えば,61,217626,False,0.593,0.951,6,-1.335,0,0.0697,0.0142,1.13e-06,0.0961,0.64,102.04,4,anime,224458,2020-01-04 10:41,MENA
7jEwBMtA7gM43NxiuvfF3h,the peggies,Hell like Heaven,君のせい,59,263066,False,0.39,0.986,4,-1.51,1,0.0812,0.00079,0.00704,0.304,0.557,173.998,4,anime,457351,2020-01-04 10:42,MENA
6fDpyEQEzKe0DIKTaW0kxC,Fery,Naruto Shippuden Despair,Naruto Shippuden Despair,44,168225,False,,0.473,1,-10.335,0,0.0342,0.00649,0.418,0.106,0.0535,119.99,4,anime,728769,2020-01-04 10:43,US
3Qy7j6GkdY3ycf3E7dxfpJ,sasanomaly,空と虚,空と虚,56,221293,False,0.671,0.756,5,-5.046,0,0.0302,0.00502,0.00361,0.322,0.848,103.987,4,anime,316559,2020-01-04 10:44,APAC
5xjzO2xSuMPPiEOzxsF6x3,Feora,T-KT,T-KT,48,164376,False,0.44,0.306,2,-14.857,0,0.0378,0.888,0.894,0.0878,0.0702,75.006,4,anime,976697,2020-01-04 10:45,APAC
5PJBDAjF0e14u3z7BMS72b,Yoshihisa Hirano,DEATH NOTE Original Soundtrack,Kyrie,42,83040,False,0.238,0.239,2,-11.987,1,0.0312,0.968,0.776,0.0832,,65.004,4,anime,684535,2020-01-04 10:46,LATAM
5aTHtVYJzSNzUrkMZHBFsh,Yoshihisa Hirano,DEATH NOTE Original Soundtrack,Low of Solipsism,45,144000,False,0.401,0.452,2,-9.352,0,0.037,0.86,0.713,0.112,0.0431,132.127,4,anime,125509,2020-01-04 10:47,APAC
3LgxJ3osWJJvrnmlKcfH7I,SawanoHiroyuki[nZk];たかはしほのか,LilaS,LilaS,56,245397,False,0.558,0.559,5,-4.95,1,0.0273,0.13,0.000651,0.11,0.256,156.156,4,anime,322454,2020-01-04 10:48,EU
3WvPn9OHnjQzwyN8Zd1xLJ,Evan Call,VIOLET EVERGARDEN: Automemories,Never Coming Back,53,144226,False,0.406,0.0277,2,-28.568,0,0.0542,0.987,0.745,0.0788,0.189,147.966,4,anime,766400,2020-01-04 10:49,US
0wVjZVd9dwTdaHmtypsNr6,Aimer,Walpurgis,Torches,51,294760,False,0.525,0.665,0,-6.579,1,0.0274,0.577,0.0,0.142,0.36,82.044,4,anime,876871,2020-01-04 10:50,MENA
7Cd17G3oNQ34OWUwS8ZxfR,Kenshi Yonezu,Lemon,Lemon,53,256105,False,0.532,0.661,11,-4.924,1,0.0268,0.366,0.0,0.354,0.446,86.983,4,anime,934236,2020-01-04 10:51,MENA
67gYAheGPb06KwCkuAaHbF,Eve,Bunka,Anoko secret,61,233152,False,0.495,0.951,6,-1.642,0,0.0696,0.00195,0.0,0.252,0.748,159.866,4,anime,866052,2020-01-04 10:52,EU
24ot0ptpr1AmuYqUn2OqYR,Chewie Melodies,Tsurumi Fog Island Piano Cover Collection,Through the Mists,49,90871,False,0.615,0.0123,5,-33.484,1,0.0595,0.989,0.939,0.0913,0.137,140.079,4,anime,167303,2020-01-04 10:53,LATAM
3qDYvLPzxGqZl960j823Wo,Centimillimental,やさしい刃物,キヅアト,57,245320,False,0.393,0.935,1,-2.052,0,0.0823,0.0198,0.0,0.354,0.68,177.862,4,anime,756717,2020-01-04 10:54,US
1eVt09kwb5iUfKzHudH2cg,JAM Project,THE HERO !! 〜怒れる拳に火をつけろ〜,THE HERO !! 〜怒れる拳に火をつけろ〜,50,229867,False,0.47,0.962,2,-3.51,1,0.121,5.24e-05,0.0,0.204,0.189,130.078,4,anime,199152,2020-01-04 10:55,EU
291Yu972gd6bPo2aIBgZDA,Samuel Kim,Evil Morty Theme (For The Damaged Coda) [Epic Version],Evil Morty Theme (For The Damaged Coda) - Epic Version,58,225810,False,0.186,0.479,0,-9.437,0,0.034,0.408,0.911,0.0884,0.0361,141.617,4,anime,168895,2020-01-04 10:56,EU
0LF8z56v8DrOY8FprsSuKL,Samuel Kim,Yoriichi Theme,Yoriichi Theme,46,137488,False,0.271,0.597,2,-7.93,0,0.0334,0.548,0.83,0.0848,0.111,91.903,4,anime,722760,2020-01-04 10:57,LATAM
5tHp131qFB3T7e01x1xsO2,UVERworld,UNSER,ODD FUTURE,59,226493,False,0.699,0.8,5,-4.717,0,0.0901,0.016,1.19e-06,0.0906,0.561,128.021,4,anime,530348,2020-01-04 10:58,APAC
5w65rfJaQDOQ0iAhOuQqiv,majiko,Contrast,Irony,53,244444,False,0.659,0.658,2,-3.928,1,0.0256,0.162,0.0,0.0467,,89.987,4,anime,683166,2020-01-04 10:59,LATAM
0mBRKg5LRwBO99x4VTAMOT,Kato,Ghibli Vibes,Howl's Moving Castle (Merry Go Round),51,133286,False,0.586,0.457,10,-9.215,1,0.029,0.566,0.893,0.12,0.21,110.034,4,anime,866335,2020-01-04 11:00,US
3MeOdUN6doMGQ9CX7xPUnf,Kato,Naruto Vibes,Hokage's Funeral,48,105296,False,0.566,0.436,9,-6.837,0,0.0274,0.677,0.892,0.133,0.129,136.084,4,anime,161944,2020-01-04 11:01,APAC
1BbsV7AEuhmKRqhloDVtvt,Raimu,The Spirit Within,Shou Ga Nai,63,161270,False,0.725,0.308,10,-14.737,0,0.0417,0.813,0.748,0.573,,124.004,4,anime,574777,2020-01-04 11:02,APAC
2uMNMcjjUz8oNIxjIu20qE,SEKAI NO OWARI,Habit,Habit,75,253153,False,0.749,0.85,10,-5.39,0,0.126,0.203,0.0,0.18,,117.968,4,anime,850979,2020-01-04 11:03,MENA
3nMWM6o4pD6lAkDRPdcqvh,Akari Kito,Desire Again,Tiny Light,54,290813,False,0.497,0.947,7,-3.99,1,0.061,0.0351,1.33e-05,0.191,0.302,169.995,4,anime,496263,2020-01-04 11:04,US
1eh40jkJPgtl8UXvp3DQQ5,Kato,Anime & Chill,Unravel (Tokyo Ghoul),49,116122,False,0.865,0.229,10,-13.292,1,0.0799,0.759,0.916,0.107,0.323,120.018,4,anime,571080,2020-01-04 11:05,US
30SnEjJH8HP0NgkJBom4Ab,Rustage;GoldenEMP,Never Giving In (Ichigo Rap),Never Giving In (Ichigo Rap),42,212787,False,0.691,0.806,6,-5.386,0,0.317,0.324,0.0,0.0526,0.62,74.986,4,anime,548067,2020-01-04 11:06,LATAM
3COSRKvFPnpnnorNF4oaMf,Konomi Suzuki,LIFE of DASH,This game,56,284080,False,0.477,0.924,11,-2.997,0,0.0758,0.0477,0.0,0.0571,0.269,146.964,4,anime,916476,2020-01-04 11:07,LATAM
0D7JQhURBA91vQlOg5hIzB,Kato,Stranger Things Vibes,Creep,25,133076,False,0.559,0.337,7,-15.041,1,0.058,0.964,0.828,0.0869,0.0787,155.979,3,anime,144904,2020-01-04 11:08,LATAM
1RBf5AC8g6Lf9h8lNxLz4p,Rustage;Johnald,Over For You (Rengoku Rap),Over For You (Rengoku Rap),49,215996,False,0.693,,11,-4.549,0,0.28,0.181,0.0,0.0893,,159.995,4,anime,890190,2020-01-04 11:09,MENA
55vfdoRPWFtoTe4fQlqiqH,Kato,Stranger Things Vibes,Kids,25,88250,False,0.703,0.265,10,-16.359,1,0.0403,0.986,0.932,0.137,0.131,120.061,4,anime,834743,2020-01-04 11:10,EU
3suxjtJAZyKW9bfJQhTfIx,Rustage,Pirate King,Pirate King,50,164571,True,0.797,0.606,7,-9.388,1,0.382,0.28,0.0,0.334,,139.736,4,anime,831256,2020-01-04 11:11,LATAM
49rqyDzasWnzHw6rfk6Ana,Kato,Stranger Things Vibes,Eleven,24,104505,False,0.229,0.341,7,-20.766,0,0.041,0.971,0.948,0.333,0.0722,182.425,3,anime,471058,2020-01-04 11:12,LATAM
5ivhfpfnoHhD8rUI2t3aJG,Eir Aoi,D'AZUR,IGNITE,59,244173,False,,0.972,9,-2.41,0,0.258,0.00721,0.0,0.3,0.395,170.957,4,anime,564308,2020-01-04 11:13,US
40FDafNFtz0jDyzCn3MaMs,Kato,Stranger Things Vibes,Never Ending Story,24,98000,False,0.57,0.336,5,-12.397,1,0.0379,0.942,0.871,0.103,0.145,119.835,4,anime,432085,2020-01-04 11:14,APAC
5wellG7pgco2QlMjVuvSsf,Kato,Sleep Anime Lofi Beats,To the Grand Line (One Piece),58,86380,False,0.49,0.0451,0,-25.097,1,0.0309,0.815,0.856,0.109,0.338,108.083,4,anime,326539,2020-01-04 11:15,MENA
2pXrc7Fw6jaqzO8XtkVK7b,Kato,Stranger Things Vibes,Every Breath You Take,23,81750,False,0.61,0.438,5,-13.021,0,0.029,0.931,0.91,0.116,0.258,99.755,4,anime,887890,2020-01-04 11:16,LATAM
2cqKFu7YMdbKlmscbHzcKD,Kato,Stranger Things Vibes,Separate Ways,23,82790,False,0.525,0.436,11,-16.268,0,0.0313,0.96,0.907,0.17,0.195,129.003,4,anime,555377,2020-01-04 11:17,EU
2JnTbI3GIlEsmrmyfoWEgX,Kato,Sleep Anime Lofi Beats,Path of the Wind (My Neighbor Totoro),59,72719,False,0.379,0.112,8,-28.689,1,0.0351,0.926,0.854,0.107,0.0988,50.32,3,anime,751010,2020-01-04 11:18,EU
5XZn5pE4NNGDjKB8UYQQU5,Kato,Sleep Anime Lofi Beats,Gurenge Lofi (Demon Slayer),58,72517,False,0.622,0.124,4,-24.872,0,0.0369,0.717,0.838,0.095,0.178,134.025,4,anime,190730,2020-01-04 11:19,LATAM
1tsRYe8D2uVAj0I17BCmQJ,Kato,Stranger Things Vibes,Running Up That Hill - Lofi,29,165849,False,0.652,0.347,0,-11.901,0,0.0304,0.79,1.57e-05,0.119,0.109,105.981,4,anime,810032,2020-01-04 11:20,APAC
4vRiQs4LNSdRI2HaPgxzdh,Kato,Sleep Anime Lofi Beats,Loneliness (Naruto),58,56823,False,0.619,0.0834,2,-23.629,0,0.0393,0.612,0.898,0.126,,100.008,4,anime,692960,2020-01-04 11:21,US
1sB9o9qzsHjOvzCBabQIr1,Kato,Stranger Things Vibes,Stranger Things Theme - Lofi,26,72857,False,0.525,0.707,4,-13.787,0,0.0667,0.812,0.878,0.432,0.221,140.016,3,anime,997848,2020-01-04 11:22,US
08XshFxOo9rcQagObgcoK6,ENHYPEN;YEONJUN,DIMENSION : DILEMMA,Blockbuster feat. YEONJUN of TOMORROW X TOGETHER,59,227453,False,,0.926,8,-4.589,0,0.323,0.0384,0.0,0.348,0.642,159.922,4,anime,220579,2020-01-04 11:23,MENA
3HqYXUR82n2uenMkhkmIYF,Mrs. GREEN APPLE,Mrs. GREEN APPLE,サママ・フェスティバル!,42,263373,False,,0.971,9,-0.9,1,0.0634,0.00339,4.14e-05,0.0598,0.626,169.989,4,anime,586035,2020-01-04 11:24,EU
3aNugT13qqQoUKwfJKmcrk,Yasuharu Takanashi;YAIBA,NARUTO-ナルト- 疾風伝 オリジナル・サウンドトラック Ⅱ,五月雨,47,207720,False,0.439,0.129,2,-15.99,0,0.0328,0.674,0.96,0.114,0.14,111.654,4,anime,560055,2020-01-04 11:25,EU
5XmWr9rlKvjMLmnq2A5HF5,SID,SID ALL SINGLES BEST,乱舞のメロディ,60,232666,False,0.417,0.966,4,-3.072,1,0.194,0.00224,1.97e-06,0.145,0.623,192.067,4,anime,584559,2020-01-04 11:26,EU
0y2OZcxtwVvzk4vHsSJXwu,Yasuharu Takanashi,NARUTO-ナルト- 疾風伝 オリジナル・サウンドトラック,疾風伝,49,125986,False,0.431,0.9,11,-8.631,1,0.0537,0.0035,0.822,0.383,0.45,155.075,4,anime,148943,2020-01-04 11:27,MENA
4gDajIG4yNgBtym4zgtfRe,桶狭間ありさ,TVアニメ『呪術廻戦』オリジナル・サウンドトラック,自閉円頓裹,42,112533,False,0.51,0.942,2,-7.227,1,0.0368,0.00544,0.707,0.0649,0.514,159.922,4,anime,525809,2020-01-04 11:28,LATAM
7dtI23uVx5Gcnhcc9N8JJl,Kijugo,Kaikai Kitan but is it okay if it's lofi?,Kaikai Kitan but is it okay if it's lofi?,49,115715,False,0.896,0.374,10,-19.658,1,0.106,0.754,0.875,0.122,0.641,139.959,4,anime,369560,2020-01-04 11:29,EU
3PcKYVcZNSsLqI1xzXV5Aq,NICO Touches the Walls,PASSENGER,Diver,56,248933,False,0.334,0.915,11,-2.124,0,0.0848,0.000182,0.0,0.137,0.478,148.995,4,anime,655617,2020-01-04 11:30,US
0JXGHeueRwWa3MAkVQQT9D,Fery,Naruto Shippuden Samidare (Trap Remix),Naruto Shippuden Samidare - Trap Remix,40,195121,False,0.678,0.475,11,-10.478,0,0.0322,0.155,0.533,0.167,0.358,123.016,4,anime,308872,2020-01-04 11:31,MENA
4CebKGVZUJw18tnDzsjv2d,スピラ・スピカ,燦々デイズ,燦々デイズ,55,232013,False,0.482,0.925,1,-2.131,1,0.0514,0.0591,0.0,0.228,0.763,180.056,4,anime,491546,2020-01-04 11:32,APAC
0WaaPFt4Qy8sVfxKz43bCD,ASIAN KUNG-FU GENERATION,ソルファ,Re:Re:,59,228760,False,,0.864,4,-5.049,1,0.0369,0.000318,0.123,0.108,0.727,153.035,4,anime,658027,2020-01-04 11:33,US
7DZb7cKZSXe0diWbkxLS2e,Kijugo,My War but is it okay if it's lofi?,My War but is it okay if it's lofi?,50,101355,False,0.898,0.389,9,-18.108,1,0.109,0.853,0.709,0.107,0.573,130.02,4,anime,157640,2020-01-04 11:34,US
1xc9r9pgQ3CG7iViKPf0cQ,SPYAIR,BEST,イマジネーション,57,179133,False,0.481,0.938,1,-2.967,1,0.0593,0.00239,2.53e-05,0.118,0.589,101.922,4,anime,808107,2020-01-04 11:35,EU
5tXOuIoDO0ZtGLijEOD6HZ,UVERworld,ODD FUTURE short ver.,ODD FUTURE short ver.,56,89983,False,0.691,0.895,0,-4.3,0,0.0756,0.0274,0.0,0.503,0.581,127.924,4,anime,744160,2020-01-04 11:36,APAC
5N5iImDfoQ4IF3YvXBpxPX,Yuki Hayashi,TVアニメ『ハイキュー!! セカンドシーズン』オリジナル・サウンドトラック (Vol.1),上,50,241080,False,0.255,0.954,5,19.63,1,0.227,0.00123,0.918,0.111,0.406,392.132,4,anime,151572,2020-01-04 11:37,EU
4UPR9dSw2YcvJQAGJKPwCk,いとうかなこ,ファティマ(TVアニメ「シュタインズ・ゲート ゼロ」OPテーマ),ファティマ,55,246186,False,0.362,0.926,1,-3.532,0,0.0622,0.000273,0.00373,0.258,0.673,178.991,4,anime,158262,2020-01-04 11:38,US
4Cky7XJvdbpXZHWxO3mUpg,KM,Bunny Girl,Bunny Girl,45,86539,True,0.728,0.575,4,-12.309,0,0.125,0.5,0.0,0.546,0.546,135.095,4,anime,865254,2020-01-04 11:39,US
238xYmosbRii3JrPUFIUtF,Feora,Counter Attack Mankind,Counter Attack Mankind,48,139533,False,0.4,0.405,9,-16.459,1,0.0303,0.735,0.808,0.116,0.0955,171.966,4,anime,354997,2020-01-04 11:40,APAC
7cPYSzsrl6imQkzeO1HZ9b,eill,Palette,Koko de Iki wo Shite,53,215984,False,0.668,0.747,5,-2.812,0,0.0574,0.0772,0.0,0.145,0.811,107.029,4,anime,874690,2020-01-04 11:41,APAC
2aWtTHMBKdd6NfKT2GMfiK,Ikimonogakari,超いきものばかり〜てんねん記念メンバーズBESTセレクション〜,ブルーバード,50,217013,False,0.536,0.966,6,-2.929,0,0.0558,0.121,0.0,0.0477,0.849,152.076,4,anime,549326,2020-01-04 11:42,APAC
6Mq4q5OIMO25vBsKpFdlnH,Aimer,朝が来る,朝が来る,57,294933,False,0.335,0.92,1,-4.086,1,0.0986,0.00118,0.0,0.354,0.246,83.117,4,anime,408041,2020-01-04 11:43,US
6ilH5MXPqcbYKxhG5CqxmM,Kijugo,Kamado Tanjiro no Uta but is it okay if it's lofi?,Kamado Tanjiro no Uta but is it okay if it's lofi?,49,153000,False,0.809,,5,-16.189,1,0.0427,0.499,0.906,0.117,0.26,140.009,4,anime,346204,2020-01-04 11:44,US
6bLZ6JV1mAGz4xfS1ZwOMV,ENHYPEN,Always,Always,59,186872,False,0.804,0.771,7,-3.836,1,0.059,0.0466,0.0,0.109,0.73,110.014,4,anime,693103,2020-01-04 11:45,US
1xsExFad0m5ikHaejXZrcA,Yugo Kanno,JOJO'S BIZARRE ADVENTURE -Stardust Crusaders O.S.T [Departure],Stardust Crusaders,57,307893,False,0.272,0.926,5,-6.754,0,0.114,3.13e-05,0.771,0.308,0.24,140.01,4,anime,198754,2020-01-04 11:46,EU
6lpuacrTTu38mGNdjOfqmI,KOHTA YAMAMOTO,Attack on Titan The Final Season Original Soundtrack,The Other Side of the Sea,47,297493,False,0.276,0.5,7,-9.815,1,0.0354,0.0066,0.567,0.339,0.0586,173.926,3,anime,462351,2020-01-04 11:47,APAC
4UyTPpfDrZJj38mw0O9Dsf,Rustage;Broken,Bounce Back (Luffy Rap),Bounce Back (Luffy Rap),49,182520,False,0.829,0.885,9,-3.672,0,0.213,0.392,0.0,0.0653,0.674,125.098,4,anime,411270,2020-01-04 11:48,LATAM
2GMEYAYcH1EyBp4ClpIgPE,中野家の五つ子,Gotoubun no Kimochi,Gotoubun no Kimochi,54,222226,False,0.527,0.922,4,-2.637,1,0.0414,0.0645,9.05e-05,0.314,0.915,175.032,4,anime,238771,2020-01-04 11:49,LATAM
0nyjSQaOraSpDDnadBJU49,ENHYPEN,DIMENSION : ANSWER,Just A Little Bit,56,167820,False,0.441,0.59,0,-5.615,1,0.0514,0.242,0.0,0.349,0.411,84.633,4,anime,417539,2020-01-04 11:50,MENA
3QA3KfGs1UvSEZkWcio81R,ENHYPEN,BORDER : 儚い,Forget Me Not,58,203893,False,0.569,0.877,8,-3.593,1,0.117,0.0134,0.0,0.342,0.782,161.133,4,anime,575795,2020-01-04 11:51,EU
4thBZp9kEDqeSwLtwcAZgk,TRUE,Lonely Queen's Liberation Party,Sincerely,56,275800,False,0.409,0.819,9,-3.784,0,0.0564,0.0351,0.0,0.322,0.458,143.937,4,anime,709806,2020-01-04 11:52,MENA
4BA7H9xuWihNvaZmdH99gd,EGOIST,Extra terrestrial Biological Entities,Departures 〜あなたにおくるアイの歌〜,41,255013,False,0.47,0.426,2,-8.187,1,0.0304,0.5,0.0,0.0747,0.264,143.95,4,anime,177723,2020-01-04 11:53,APAC
4OYXptduXJeO4T8CdY66LF,Rustage;Or3o;McGwire,Family Business (Spy x Family Rap),Family Business (Spy x Family Rap),49,186642,False,0.808,0.883,7,-3.484,1,0.262,0.487,1.2e-06,0.12,0.547,140.195,4,anime,885157,2020-01-04 11:54,US
1vpSPUyWEzmX8doyYdJ2TH,Khantrast,Naruto Theme Song Freestyle,Naruto Theme Song Freestyle,52,144308,True,0.844,0.891,2,-2.161,1,0.302,0.216,0.0,0.163,0.591,126.98,4,anime,890624,2020-01-04 11:55,APAC
3T7jed7DCqiFrgUw1AnY6u,Kato,Sleep Anime Lofi Beats,Sparkle Lofi (Your Name),58,68043,False,0.368,0.0509,11,-27.439,1,0.0333,0.959,0.866,0.14,0.446,185.343,3,anime,722778,2020-01-04 11:56,APAC
0lZ5wWRReUt4alyvTdeWGK,Kato,Sleep Anime Lofi Beats,Howl's Moving Castle Lofi (Merry Go Round),58,63049,False,0.767,0.208,6,-21.687,1,0.0601,0.533,0.857,0.098,0.232,120.089,3,anime,931859,2020-01-04 11:57,US
0PaZ8LbJ42A2SoUUUlIlQC,Kato,Sleep Anime Lofi Beats,The World Lofi (Death Note),57,94662,False,0.376,0.0555,7,-28.725,1,0.0365,0.764,0.824,0.38,0.106,141.204,3,anime,485150,2020-01-04 11:58,US
0vhujdvWTTu2H6gORUJGW8,Kato,Sleep Anime Lofi Beats,Inferno Lofi (Fire Force),58,77162,False,0.475,0.0733,4,-29.102,1,0.0318,0.898,0.8,0.0908,0.135,94.218,4,anime,839451,2020-01-04 11:59,MENA
16335QyvKibibylkzB5n36,Kato,Sleep Anime Lofi Beats,Departure Lofi (Hunter X Hunter),57,83432,False,0.29,0.0778,10,-24.414,0,0.0314,0.938,0.901,0.0981,,56.458,5,anime,754539,2020-01-04 12:00,EU
3jmKE26gMpeF0X31zFQNhR,Kato,Sleep Anime Lofi Beats,Shinzou Wo Sasageyo! (Attack On Titan),58,56305,False,0.572,0.108,0,-26.102,0,0.0468,0.898,0.828,0.1,0.469,74.998,4,anime,606274,2020-01-04 12:01,EU
72B8I1baDDcQkMucrdUcMu,Kato,Sleep Anime Lofi Beats,The Day Lofi (My Hero Academia),57,85693,False,0.512,0.047,1,-25.408,0,0.0326,0.847,0.96,0.343,0.0837,96.002,4,anime,261554,2020-01-04 12:02,APAC
1NfUuhBohlIujpbCWP31cK,Bastiancortesxv,Karma,Karma,40,237019,False,,,8,-12.978,0,0.0953,0.278,0.0,0.262,,163.71,4,anime,601838,2020-01-04 12:03,MENA
0oTb9Mja359cFo49iAi3S8,wacci,空に笑えば,空に笑えば,41,319333,False,0.542,0.746,4,-3.802,0,0.0263,0.0565,0.0,0.126,0.504,82.039,4,anime,911213,2020-01-04 12:04,LATAM
15HNdxGKNCIO9pgaY4n7FU,Official HIGE DANdism,Traveler,Pretender,60,326842,False,0.538,0.869,8,-3.464,1,0.0275,0.047,0.0,0.14,0.369,91.972,4,anime,986145,2020-01-04 12:05,EU
6NwB3tdeZfQrlObYzFOIf6,Kato,Sleep Anime Lofi Beats,Crossing Fields (Sword Art Online),57,97285,False,0.422,0.0597,2,-25.258,0,0.04,0.985,0.918,0.103,0.0544,56.123,5,anime,503259,2020-01-04 12:06,LATAM
4JFFfy6ZQcvi9ggYE8hdc2,Kato,Sleep Anime Lofi Beats,Again Lofi (Fullmetal Alchemist Brotherhood),57,92917,False,0.332,0.107,4,-23.231,0,0.0399,0.795,0.854,0.108,0.128,179.117,4,anime,323111,2020-01-04 12:07,US
7qdD6sYyz0KPqdeSjbG0GU,Kato,Sleep Anime Lofi Beats,Princess Mononoke Lofi (The Legend of Ashitaka),58,69483,False,0.564,0.0666,5,-26.269,0,0.0353,0.953,0.939,0.113,0.333,136.153,4,anime,772756,2020-01-04 12:08,MENA
1Sy41HCCozDBL73orZpW5Y,Mrs. GREEN APPLE,サママ・フェスティバル!,サママ・フェスティバル!,41,264160,False,0.404,0.963,4,-1.707,1,0.0663,0.00151,1.06e-05,0.0521,0.607,169.963,4,anime,168353,2020-01-04 12:09,APAC
1y0iQye2BYFNZwodM3gvPl,Kato,Sleep Anime Lofi Beats,This Game Lofi (No Game No Life),58,76734,False,0.205,0.0634,7,-29.783,1,0.0424,0.908,0.846,0.104,0.198,88.565,5,anime,235983,2020-01-04 12:10,US
512AumOSEWMM6zQXgohm0P,Yasuharu Takanashi,NARUTO-ナルト- 疾風伝 オリジナル・サウンドトラック,空蝉,50,175266,False,0.225,0.156,2,-17.042,0,0.0363,0.895,0.713,0.161,,98.63,4,anime,605746,2020-01-04 12:11,APAC
6flEDs8jmQ47ZSFZru59Fz,NICO Touches the Walls,ニコ タッチズ ザ ウォールズ ノ ベスト,ニワカ雨ニモ負ケズ,58,261653,False,0.38,0.951,1,-2.92,1,0.147,0.00282,0.0,0.0536,0.664,186.127,4,anime,991181,2020-01-04 12:12,APAC
54mvZdgPuvumvWK0GXz7oo,Masato(coldrain);coladrain;Hiroaki Tsutsumi,TVアニメ『呪術廻戦』オリジナル・サウンドトラック,REMEMBER,48,243333,False,0.383,0.944,1,-5.552,0,0.154,0.00105,9.64e-05,0.282,0.332,150.577,4,anime,395906,2020-01-04 12:13,APAC
0ODOmKxO0CKv4DzoP3HHIC,SID,hikari,嘘,60,205973,False,0.438,0.939,11,-3.545,0,0.0586,0.0118,0.0,0.212,0.842,179.853,4,anime,498991,2020-01-04 12:14,US
1YvLvyEHEUv6xuablK3kpj,sasanomaly,空と虚,空と虚,55,223846,False,0.669,0.751,5,-5.447,0,0.0299,0.00483,0.0237,0.326,0.833,103.976,4,anime,390104,2020-01-04 12:15,LATAM
4k5g6HNKtrWbYDllw2Dyp0,the peggies,足跡,足跡,56,227973,False,0.388,0.791,9,-2.25,1,0.0358,0.00077,2.41e-05,0.116,0.775,163.943,4,anime,496453,2020-01-04 12:16,EU
4KQTgmkSEBzsGS3qL1aX7G,Sayuri,Sorewa Chiisana Hikarinoyouna,それは小さな光のような,36,272916,False,0.492,0.959,7,0.698,0,0.0535,0.109,0.0,0.0796,0.349,143.966,3,anime,106376,2020-01-04 12:17,LATAM
4J0HFeMb5uY7DnHJ74fGlb,Hiroyuki Sawano,「バブル」オリジナル・サウンドトラック (Extra Track ver.),UTAtoHIBIKI,51,92380,False,,0.372,0,-9.151,1,0.0327,0.687,0.178,0.0907,0.266,126.034,4,anime,635249,2020-01-04 12:18,US
1nPhGzTYiBEAHIgtuiwjW1,Hideki Taniuchi,DEATH NOTE Original Soundtrack,Death Note,44,190080,False,0.353,0.323,8,-4.171,1,0.039,3.82e-05,0.837,0.154,0.208,134.852,4,anime,636614,2020-01-04 12:19,LATAM
1X6P1bmORix03PpL5oIxRj,Kijugo,Fukashigi no Carte but is it okay if it's lofi?,Fukashigi no Carte but is it okay if it's lofi?,50,165000,False,0.792,0.138,2,22.035,0,0.0832,0.949,0.942,0.124,0.434,359.819,4,anime,384006,2020-01-04 12:20,MENA
00EAiVX99rZ4rlYFLItPcC,はてな,声?,声?,52,247306,False,0.42,0.964,5,-3.35,1,0.0902,0.015,0.0,0.207,0.584,170.019,4,anime,337630,2020-01-04 12:21,MENA
1b9mCpcERYd2ZNfyd0mTdG,Hideki Taniuchi,DEATH NOTE Original Soundtrack,L no Theme B,43,174000,False,0.742,,11,-6.316,0,0.0293,0.047,0.0335,0.064,0.892,110.006,4,anime,785443,2020-01-04 12:22,LATAM
5KpUgOcUVkO1nA8H50pf9q,茅原実里,みちしるべ,みちしるべ,48,287706,False,0.289,0.422,9,-5.88,1,0.0337,0.171,0.0,0.0862,0.212,173.795,4,anime,269072,2020-01-04 12:23,APAC
3twGwE3UtBv6QjnSodeGnt,Feora,Vogel im Kafig,Vogel im Kafig,45,175609,False,0.431,0.385,9,-10.433,0,0.0332,0.0117,0.527,0.11,0.122,159.956,4,anime,142360,2020-01-04 12:24,EU
3NEuSQZbVmfQwRuDKol40Y,Aimer,SPARK-AGAIN,SPARK-AGAIN,58,244160,False,0.399,0.946,11,-3.397,0,0.15,0.000913,0.00462,0.356,0.502,90.068,4,anime,136388,2020-01-04 12:25,LATAM
0yy8QwH9OOgeF3CBeUDguR,UVERworld,ODD FUTURE,ODD FUTURE,56,225906,False,0.694,0.795,0,-4.649,0,0.0924,0.015,0.0,0.114,0.556,128.036,4,anime,893577,2020-01-04 12:26,APAC
6KOkY9jzMfe28e2likaoWC,Kato,One Piece Vibes,To the Grand Line,48,118461,False,0.516,0.485,0,-10.219,1,0.0301,0.0159,0.76,0.185,0.27,78.04,4,anime,427925,2020-01-04 12:27,APAC
2sFBiCSUNc3ptKrCR8JABx,ASIAN KUNG-FU GENERATION,BEST HIT AKG 2 (2012-2018),ブラッドサーキュレーター,57,222826,False,0.372,0.975,0,-2.856,1,0.126,0.0493,0.0,0.331,0.3,181.017,4,anime,191648,2020-01-04 12:28,MENA
1lTfD2M6UpJRWi3YLb8qb5,Ikimonogakari,Chou Ikimonobakari Tennen Kinen Members Best Selection,SAKURA,52,353800,False,0.463,0.514,5,-5.031,0,0.0301,0.141,0.0,0.37,0.41,149.951,4,anime,891071,2020-01-04 12:29,LATAM
2o6d0rAC9BAyPmgXnbXx1h,CHiCO with HoneyWorks,我武者羅 (TV size),我武者羅 (TV size),49,90000,False,0.509,0.965,11,-3.007,1,0.129,0.257,0.0,0.4,0.755,97.006,4,anime,233760,2020-01-04 12:30,MENA
3eyxh8xkW0X7k1FSHlAatt,UVERworld,Timeless,D-tecnoLife,60,233893,False,0.463,0.934,1,-3.566,0,0.141,0.0223,0.0,0.301,0.649,168.005,4,anime,403003,2020-01-04 12:31,MENA
2gLgkVniFLbKiklW4taLOj,SCREEN mode,1/1,Reason Living,52,244306,False,0.415,0.943,8,-2.531,1,0.0662,0.007,0.0,0.385,0.555,91.456,4,anime,118618,2020-01-04 12:32,LATAM
5bsGv6kAydbH8VTW0xup9D,ASCA,百歌繚乱,RESISTER,58,227080,False,0.483,0.946,8,-3.059,1,0.0906,0.00997,0.0,0.141,0.4,91.497,4,anime,711166,2020-01-04 12:33,EU
5hGrVEE49LCkPibt2XTaGy,Rustage,Sasuke,Sasuke,42,181773,True,0.739,0.893,3,-3.701,0,0.329,0.622,0.0,0.136,0.794,136.119,4,anime,729370,2020-01-04 12:34,US
5iPg9OCOa6Jv7Y9HLrtmxC,FantasticYouth,外道讃歌,外道讃歌,53,269031,False,0.609,0.749,6,-3.373,1,0.0461,0.376,0.0,0.0628,0.533,99.951,4,anime,780891,2020-01-04 12:35,APAC
31fN64zoCHnWmFmPVmiVJT,halca,Assortrip,センチメンタルクライシス,54,243960,False,0.409,0.896,7,-2.535,1,0.105,0.0107,0.0018,0.127,0.577,167.127,4,anime,336739,2020-01-04 12:36,LATAM
5aJg39ukLHsiCtCwoIHcF3,MAN WITH A MISSION,Dark Crow,Dark Crow,56,278186,False,0.537,0.944,7,-4.406,1,0.0988,0.00634,0.0,0.0233,0.36,148.019,4,anime,395290,2020-01-04 12:37,MENA
1yPluCl0c17RcWyGjV7tw5,Otaku,Ghibli Lofi,Aryetti's Song,60,115616,False,0.49,0.296,3,-20.157,0,0.0301,0.726,0.862,0.106,0.339,75.012,4,anime,944306,2020-01-04 12:38,MENA
4zrKPIygugUDKGFEjVwpSB,Official HIGE DANdism,Subtitle,Subtitle,53,305509,False,0.649,,6,-6.49,1,0.0424,0.0313,0.0,0.118,0.381,130.0,4,anime,839475,2020-01-04 12:39,EU
2G7L5FwZ8icw0YTDb94zvH,Rustage,Yellow Flash (Minato Rap),Yellow Flash (Minato Rap),41,156808,False,0.737,0.83,11,-4.767,0,0.349,0.485,0.0,0.0936,0.591,75.02,4,anime,133441,2020-01-04 12:40,MENA
32nW0L3AHrEasXxB4y4kt4,中野家の五つ子,Gotoubun no Katachi / Hatsukoi (Special Edition),Gotoubun no Katachi,52,243733,False,0.509,0.889,7,-2.174,1,0.0435,0.0805,2.06e-05,0.183,0.859,158.006,4,anime,722691,2020-01-04 12:41,US
6IZF8hi9J6EtFDLQqOlSbu,Joe Hisaishi,Howl's Moving Castle Soundtrack,The Flower Garden,64,178506,False,0.0999,0.181,0,-17.599,0,0.0424,0.94,0.888,0.105,0.0922,71.277,4,anime,831465,2020-01-04 12:42,MENA
153HayymdEUNcKanP2gsus,KOHTA YAMAMOTO,Attack on Titan The Final Season Original Soundtrack,The Warriors,46,246413,False,0.513,0.753,0,-9.129,1,0.0384,0.0227,0.876,0.103,0.247,150.004,3,anime,603317,2020-01-04 12:43,LATAM
2ZJ28Rm7OXMYJshLtp5uff,Joe Hisaishi,Kiki's Delivery Service Soundtrack Music Collection,A Town with an Ocean View,59,180333,False,0.524,0.345,7,-15.659,1,0.0261,0.489,0.013,0.342,0.771,106.621,4,anime,675915,2020-01-04 12:44,LATAM
2WL4gLW1R7smQwldZJZjPU,Hiroyuki Sawano,Attack On Titan The Final Season Original Soundtrack 02,attack ON taian [TFSv],47,297026,False,0.547,0.807,4,-8.984,0,0.0694,0.00515,0.863,0.0926,0.171,125.008,4,anime,100893,2020-01-04 12:45,EU
2BvE82xlCiqKQAbvo6WaCU,Kato,Ghibli Vibes,My Neighbor Totoro (Path of the Wind),49,104736,False,0.636,0.293,8,-10.486,1,0.0277,0.826,0.578,0.116,0.286,76.01,4,anime,127047,2020-01-04 12:46,EU
1E4j98hiO6qQbwE6sSnvhd,Samuel Kim,Rex Incognito (Zhongli Theme) - Epic Version,Rex Incognito (Zhongli Theme) - Epic Version,44,176069,False,0.456,0.859,5,-7.397,0,0.0471,0.000837,0.473,0.137,0.143,144.967,4,anime,131581,2020-01-04 12:47,LATAM
0q8WLWTRdN7XcNCoZIxCu9,Linked Horizon,Shoukei to Shikabane no Michi [TV Size],Shoukei to Shikabane no Michi [TV Size],54,90090,False,0.408,,0,-4.579,0,0.0913,0.226,0.0,0.352,0.807,178.076,4,anime,243078,2020-01-04 12:48,LATAM
6Y7T2mAP2197ouIdL3jlDc,Rustage;OzzaWorld,Next Hokage (Naruto Rap) [feat. Ozzaworld],Next Hokage (Naruto Rap) [feat. Ozzaworld],42,199206,False,0.844,0.828,11,-5.346,0,0.12,0.56,0.0,0.128,0.834,100.035,4,anime,991778,2020-01-04 12:49,LATAM
2qMHdr7gy5YWM0hQP917LR,frad,Unrequited Love,The Girl I Have a Crush On,56,137483,False,0.686,0.329,7,-10.924,1,0.0431,0.875,0.894,0.688,0.558,190.007,4,anime,670917,2020-01-04 12:50,EU
7qQcB53fO6DscCmzBo1DXV,Khantrast;Musicality;mellowthemanic;Fabvl,Demon Slayer Freestyle,Demon Slayer Freestyle,51,149398,True,0.567,0.686,4,-8.646,0,0.0671,0.181,0.0,0.0952,0.246,135.062,4,anime,804054,2020-01-04 12:51,LATAM
7vVgN04eLKRBb7MW7pfOT0,ENHYPEN,DIMENSION : ANSWER,Upper Side Dreamin’,56,189402,False,0.608,0.886,0,-3.027,1,0.0773,0.0281,0.0,0.446,0.783,106.02,4,anime,366026,2020-01-04 12:52,EU
4k3bQolPVSky3itPqhsrlY,Otaku,Anime Lofi Vol. 2,Renai Circulation (Bakemonogatari),58,105616,False,0.612,0.259,11,-11.096,0,0.0999,0.196,0.901,0.106,0.214,149.957,4,anime,943807,2020-01-04 12:53,EU
11ZLv1ZO8hTOkCZqkQ1qCR,Macaroni Empitsu,LiKE,トリコになれ,41,180186,False,0.68,0.865,9,-3.14,1,0.0394,0.107,0.0,0.279,0.848,128.138,4,anime,279023,2020-01-04 12:54,LATAM
2mVpLqace3DfHdyb7sQ1Ej,Ricardo Silva,El Cantante Original de Las Series Mas Famosas de Comic y Anime,Tema de Digimon 2 Impacto Rojo,40,271973,False,0.548,0.622,0,-13.487,1,0.0983,0.0193,2.66e-06,0.344,0.557,160.278,4,anime,912071,2020-01-04 12:55,APAC
6aHFdm58mPF4YPJX3FgI0z,Cö Shu Nie,give it back,give it back,56,212476,False,0.461,0.591,1,-5.838,1,0.0496,0.463,0.0,0.05,0.354,99.826,4,anime,127714,2020-01-04 12:56,APAC
